
    ╻ ╻ ╻ ╻
   ┏┻━┻━┻━┻┓    ┏━╸┏━┓┏━┓   ┏━╸┏┳┓╻ ╻
  ━┫       ┣━   ┣╸ ┗━┓┣━┛╺━╸┣╸ ┃┃┃┃ ┃
  ━┫ ESP32 ┣━   ┗━╸┗━┛╹     ┗━╸╹ ╹┗━┛
  ━┫       ┣━
   ┗┳━┳━┳━┳┛    ESP32 series emulator · v0.45.0
    ╹ ╹ ╹ ╹

[INFO  esp_emu] Loaded firmware: 16777216 bytes
[INFO  machine] WiFi SoftAP: WPA2/WPA3 transition enabled (PWE Both) for SSID 'myssid'
[INFO  net_user] user-net: DNS forwarder upstream [192.168.65.7:53], restrict=true
[INFO  net_user] user-net: backend ready (gateway 192.168.4.1, 0 hostfwd rules)
[INFO  esp_emu] Network backend: user-mode (smoltcp NAT, 192.168.4.1 -> host loopback)
[INFO  esp_emu] Loaded ROM ELF: <embedded esp32c3> (556332 bytes)
[INFO  esp_emu] Booting from real ROM reset vector (use --skip-rom to bypass)
[INFO  machine] ROM ELF: 4468 symbols loaded
[INFO  machine] ROM ELF loaded, 15 functions patched for interception
[INFO  machine] CPU reset at ROM entry: PC=0x40000000, SP=0x3FCDE710
[INFO  esp_emu] Starting emulation (chip=esp32c3, batch_size=50000)
[INFO  gdb_stub] GDB stub listening on :1234 (target halted, waiting for debugger)
[INFO  gdb_stub] GDB client connected from 127.0.0.1:48886
[WARN  mem::bus] Bus fault: read8 unmapped 0x3FFFFFFC
ESP-ROM:esp32c3-api1-20210207
Build:Feb  7 2021
rst:0x1 (POWERON),boot:0x8 (SPI_FAST_FLASH_BOOT)
SPIWP:0xee
mode:DIO, clock div:1
load:0x3fcd5810,len:0x38c
load:0x403cc710,len:0x6a0
load:0x403ce710,len:0x2624
entry 0x403cc710
Guru Meditation Error: Core  0 panic'ed (Interrupt wdt timeout on CPU0). 

Core  0 register dump:
MEPC    : 0x403894a2  RA      : 0x40382b54  SP      : 0x3fcb2750  GP      : 0x3fc92000  
TP      : 0x3f825fc0  T0      : 0x7ff00100  T1      : 0x80000000  T2      : 0xffffffff  
S0/FP   : 0x3fc920c0  S1      : 0x00000000  A0      : 0x600080c4  A1      : 0x00000100  
A2      : 0x7ff00000  A3      : 0x600c0048  A4      : 0x600c004c  A5      : 0x60008000  
A6      : 0x60008018  A7      : 0x80000000  S2      : 0x00000008  S3      : 0x00000000  
S4      : 0x00000800  S5      : 0x00000001  S6      : 0x00000000  S7      : 0x00000016  
S8      : 0x00000064  S9      : 0x00000000  S10     : 0x00000000  S11     : 0x00000000  
T3      : 0x60008044  T4      : 0x00000003  T5      : 0x00000000  T6      : 0x00000000  
MSTATUS : 0x00001880  MTVEC   : 0x40380001  MCAUSE  : 0x00000018  MTVAL   : 0x00000000  
MHARTID : 0x00000000  

Stack memory:
3fcb2750: 0x00000000 0x3fcaa214 0xdff20570 0x00000001 0x00000001 0x00000140 0x00000003 0x000000a0
3fcb2770: 0x00000000 0x00000000 0x00000000 0x000001ce 0x3c168000 0x3c166000 0x00000001 0x00000001
3fcb2790: 0x00000000 0x00000c02 0x3fc920c0 0x40382c94 0x00000000 0x3fcaa214 0x00000000 0x420088a8
3fcb27b0: 0x00000000 0x00000000 0x00000001 0x00000000 0x00000000 0x00000000 0x3c166000 0x00000001
3fcb27d0: 0x3fcaa000 0x3fcaa214 0x3fc9188e 0x42008c4c 0x00000000 0x00000000 0x00000000 0x00000000
3fcb27f0: 0x00000000 0x00000000 0x00000000 0x00000000 0x3fcaa000 0x3fcaa000 0x3fca2000 0x4203eed0
3fcb2810: 0x00000000 0x00000000 0x00000000 0x00000000 0x00000000 0x00000000 0x00000000 0x00000000
3fcb2830: 0x00000000 0x00000000 0x00000000 0xeb42c5ab 0x00000000 0x00000000 0x00000000 0x00000000
3fcb2850: 0x00000000 0x3fcaa000 0x00000000 0x420961aa 0x00000000 0x00000000 0x00000000 0x4038d822
3fcb2870: 0x00000000 0x00000000 0x00000000 0x00000000 0x00000000 0xa5a5a5a5 0xa5a5a5a5 0xa5a5a5a5
3fcb2890: 0xa5a5a5a5 0xa5a5a5a5 0xa5a5a5a5 0xbaad5678 0x00000160 0xabba1234 0x00000154 0x3fcb2700
3fcb28b0: 0x0000002f 0x3fca608c 0x3fca608c 0x3fcb28ac 0x3fca6084 0x00000018 0x00000000 0x00000000
3fcb28d0: 0x3fcb28ac 0x00000000 0x00000001 0x3fcb089c 0x706f6f6c 0x6b736154 0x00000000 0x00000000
3fcb28f0: 0x00000000 0x3fcb2890 0x00000001 0x00000001 0x00000000 0x00000000 0x00000000 0x3fcabe44
3fcb2910: 0x3fcabeac 0x3fcabf14 0x00000000 0x00000000 0x00000001 0x00000000 0x00000000 0x00000000
3fcb2930: 0x42141012 0x00000000 0x00000000 0x00000000 0x00000000 0x00000000 0x00000000 0x00000000
3fcb2950: 0x00000000 0x00000000 0x00000000 0x00000000 0x00000000 0x00000000 0x00000000 0x00000000
3fcb2970: 0x00000000 0x00000000 0x00000000 0x00000000 0x00000000 0x00000000 0x00000000 0x00000000
3fcb2990: 0x00000000 0x00000000 0x00000000 0x00000000 0x00000000 0x00000000 0x00000000 0x00000000
3fcb29b0: 0x00000000 0x00000000 0x00000000 0x00000000 0x00000000 0x00000000 0x00000000 0x00000000
3fcb29d0: 0x00000000 0x00000000 0x00000000 0x00000000 0x00000000 0x00000000 0x00000000 0x00000000
3fcb29f0: 0x00000000 0x00000000 0x00000000 0x00000000 0xbaad5678 0x00029d05 0x3fcab794 0x3fcab794
3fcb2a10: 0x00000000 0x00000000 0x00000000 0x00000000 0x00000000 0x00000000 0x00000000 0x00000000
3fcb2a30: 0x00000000 0x00000000 0x00000000 0x00000000 0x00000000 0x00000000 0x00000000 0x00000000
3fcb2a50: 0x00000000 0x00000000 0x00000000 0x00000000 0x00000000 0x00000000 0x00000000 0x00000000
3fcb2a70: 0x00000000 0x00000000 0x00000000 0x00000000 0x00000000 0x00000000 0x00000000 0x00000000
3fcb2a90: 0x00000000 0x00000000 0x00000000 0x00000000 0x00000000 0x00000000 0x00000000 0x00000000
3fcb2ab0: 0x00000000 0x00000000 0x00000000 0x00000000 0x00000000 0x00000000 0x00000000 0x00000000
3fcb2ad0: 0x00000000 0x00000000 0x00000000 0x00000000 0x00000000 0x00000000 0x00000000 0x00000000
3fcb2af0: 0x00000000 0x00000000 0x00000000 0x00000000 0x00000000 0x00000000 0x00000000 0x00000000
3fcb2b10: 0x00000000 0x00000000 0x00000000 0x00000000 0x00000000 0x00000000 0x00000000 0x00000000
3fcb2b30: 0x00000000 0x00000000 0x00000000 0x00000000 0x00000000 0x00000000 0x00000000 0x00000000



ELF file SHA256: e3a78975f126ad0a

Rebooting...
[INFO  machine] Restarting emulator...
[INFO  machine] ROM ELF: 4468 symbols loaded
[INFO  machine] ROM ELF loaded, 15 functions patched for interception
[INFO  machine] CPU reset at ROM entry: PC=0x40000000, SP=0x3FCDE710
[INFO  machine] Emulator restarted (chip=esp32c3)
ESP-ROM:esp32c3-api1-20210207
Build:Feb  7 2021
rst:0x3 (RTC_SW_SYS_RST),boot:0x8 (SPI_FAST_FLASH_BOOT)
SPIWP:0xee
mode:DIO, clock div:1
load:0x3fcd5810,len:0x38c
load:0x403cc710,len:0x6a0
load:0x403ce710,len:0x2624
entry 0x403cc710
Guru Meditation Error: Core  0 panic'ed (Interrupt wdt timeout on CPU0). 

Core  0 register dump:
MEPC    : 0x403894a2  RA      : 0x40382b54  SP      : 0x3fcb2750  GP      : 0x3fc92000  
TP      : 0x3f825fc0  T0      : 0x7ff00100  T1      : 0x80000000  T2      : 0xffffffff  
S0/FP   : 0x3fc920c0  S1      : 0x00000000  A0      : 0x600080c4  A1      : 0x00000100  
A2      : 0x7ff00000  A3      : 0x600c0048  A4      : 0x600c004c  A5      : 0x60008000  
A6      : 0x60008018  A7      : 0x80000000  S2      : 0x00000008  S3      : 0x00000000  
S4      : 0x00000800  S5      : 0x00000001  S6      : 0x00000000  S7      : 0x00000016  
S8      : 0x00000064  S9      : 0x00000000  S10     : 0x00000000  S11     : 0x00000000  
T3      : 0x60008044  T4      : 0x00000003  T5      : 0x00000000  T6      : 0x00000000  
MSTATUS : 0x00001880  MTVEC   : 0x40380001  MCAUSE  : 0x00000018  MTVAL   : 0x00000000  
MHARTID : 0x00000000  

Stack memory:
3fcb2750: 0x00000000 0x3fcaa214 0xdff20570 0x00000001 0x00000001 0x00000140 0x00000003 0x000000a0
3fcb2770: 0x00000000 0x00000000 0x00000000 0x000001ce 0x3c168000 0x3c166000 0x00000001 0x00000001
3fcb2790: 0x00000000 0x00000c02 0x3fc920c0 0x40382c94 0x00000000 0x3fcaa214 0x00000000 0x420088a8
3fcb27b0: 0x00000000 0x00000000 0x00000001 0x00000000 0x00000000 0x00000000 0x3c166000 0x00000001
3fcb27d0: 0x3fcaa000 0x3fcaa214 0x3fc9188e 0x42008c4c 0x00000000 0x00000000 0x00000000 0x00000000
3fcb27f0: 0x00000000 0x00000000 0x00000000 0x00000000 0x3fcaa000 0x3fcaa000 0x3fca2000 0x4203eed0
3fcb2810: 0x00000000 0x00000000 0x00000000 0x00000000 0x00000000 0x00000000 0x00000000 0x00000000
3fcb2830: 0x00000000 0x00000000 0x00000000 0x4870f2fe 0x00000000 0x00000000 0x00000000 0x00000000
3fcb2850: 0x00000000 0x3fcaa000 0x00000000 0x420961aa 0x00000000 0x00000000 0x00000000 0x4038d822
3fcb2870: 0x00000000 0x00000000 0x00000000 0x00000000 0x00000000 0xa5a5a5a5 0xa5a5a5a5 0xa5a5a5a5
3fcb2890: 0xa5a5a5a5 0xa5a5a5a5 0xa5a5a5a5 0xbaad5678 0x00000160 0xabba1234 0x00000154 0x3fcb2700
3fcb28b0: 0x00000030 0x3fca608c 0x3fca608c 0x3fcb28ac 0x3fca6084 0x00000018 0x00000000 0x00000000
3fcb28d0: 0x3fcb28ac 0x00000000 0x00000001 0x3fcb089c 0x706f6f6c 0x6b736154 0x00000000 0x00000000
3fcb28f0: 0x00000000 0x3fcb2890 0x00000001 0x00000001 0x00000000 0x00000000 0x00000000 0x3fcabe44
3fcb2910: 0x3fcabeac 0x3fcabf14 0x00000000 0x00000000 0x00000001 0x00000000 0x00000000 0x00000000
3fcb2930: 0x42141012 0x00000000 0x00000000 0x00000000 0x00000000 0x00000000 0x00000000 0x00000000
3fcb2950: 0x00000000 0x00000000 0x00000000 0x00000000 0x00000000 0x00000000 0x00000000 0x00000000
3fcb2970: 0x00000000 0x00000000 0x00000000 0x00000000 0x00000000 0x00000000 0x00000000 0x00000000
3fcb2990: 0x00000000 0x00000000 0x00000000 0x00000000 0x00000000 0x00000000 0x00000000 0x00000000
3fcb29b0: 0x00000000 0x00000000 0x00000000 0x00000000 0x00000000 0x00000000 0x00000000 0x00000000
3fcb29d0: 0x00000000 0x00000000 0x00000000 0x00000000 0x00000000 0x00000000 0x00000000 0x00000000
3fcb29f0: 0x00000000 0x00000000 0x00000000 0x00000000 0xbaad5678 0x00029d05 0x3fcab794 0x3fcab794
3fcb2a10: 0x00000000 0x00000000 0x00000000 0x00000000 0x00000000 0x00000000 0x00000000 0x00000000
3fcb2a30: 0x00000000 0x00000000 0x00000000 0x00000000 0x00000000 0x00000000 0x00000000 0x00000000
3fcb2a50: 0x00000000 0x00000000 0x00000000 0x00000000 0x00000000 0x00000000 0x00000000 0x00000000
3fcb2a70: 0x00000000 0x00000000 0x00000000 0x00000000 0x00000000 0x00000000 0x00000000 0x00000000
3fcb2a90: 0x00000000 0x00000000 0x00000000 0x00000000 0x00000000 0x00000000 0x00000000 0x00000000
3fcb2ab0: 0x00000000 0x00000000 0x00000000 0x00000000 0x00000000 0x00000000 0x00000000 0x00000000
3fcb2ad0: 0x00000000 0x00000000 0x00000000 0x00000000 0x00000000 0x00000000 0x00000000 0x00000000
3fcb2af0: 0x00000000 0x00000000 0x00000000 0x00000000 0x00000000 0x00000000 0x00000000 0x00000000
3fcb2b10: 0x00000000 0x00000000 0x00000000 0x00000000 0x00000000 0x00000000 0x00000000 0x00000000
3fcb2b30: 0x00000000 0x00000000 0x00000000 0x00000000 0x00000000 0x00000000 0x00000000 0x00000000



ELF file SHA256: e3a78975f126ad0a

Rebooting...
[INFO  machine] Restarting emulator...
[INFO  machine] ROM ELF: 4468 symbols loaded
[INFO  machine] ROM ELF loaded, 15 functions patched for interception
[INFO  machine] CPU reset at ROM entry: PC=0x40000000, SP=0x3FCDE710
[INFO  machine] Emulator restarted (chip=esp32c3)
ESP-ROM:esp32c3-api1-20210207
Build:Feb  7 2021
rst:0x3 (RTC_SW_SYS_RST),boot:0x8 (SPI_FAST_FLASH_BOOT)
SPIWP:0xee
mode:DIO, clock div:1
load:0x3fcd5810,len:0x38c
load:0x403cc710,len:0x6a0
load:0x403ce710,len:0x2624
entry 0x403cc710
Guru Meditation Error: Core  0 panic'ed (Interrupt wdt timeout on CPU0). 

Core  0 register dump:
MEPC    : 0x403894a2  RA      : 0x40382b54  SP      : 0x3fcb2750  GP      : 0x3fc92000  
TP      : 0x3f825fc0  T0      : 0x7ff00100  T1      : 0x80000000  T2      : 0xffffffff  
S0/FP   : 0x3fc920c0  S1      : 0x00000000  A0      : 0x600080c4  A1      : 0x00000100  
A2      : 0x7ff00000  A3      : 0x600c0048  A4      : 0x600c004c  A5      : 0x60008000  
A6      : 0x60008018  A7      : 0x80000000  S2      : 0x00000008  S3      : 0x00000000  
S4      : 0x00000800  S5      : 0x00000001  S6      : 0x00000000  S7      : 0x00000016  
S8      : 0x00000064  S9      : 0x00000000  S10     : 0x00000000  S11     : 0x00000000  
T3      : 0x60008044  T4      : 0x00000003  T5      : 0x00000000  T6      : 0x00000000  
MSTATUS : 0x00001880  MTVEC   : 0x40380001  MCAUSE  : 0x00000018  MTVAL   : 0x00000000  
MHARTID : 0x00000000  

Stack memory:
3fcb2750: 0x00000000 0x3fcaa214 0xdff20570 0x00000001 0x00000001 0x00000140 0x00000003 0x000000a0
3fcb2770: 0x00000000 0x00000000 0x00000000 0x000001ce 0x3c168000 0x3c166000 0x00000001 0x00000001
3fcb2790: 0x00000000 0x00000c02 0x3fc920c0 0x40382c94 0x00000000 0x3fcaa214 0x00000000 0x420088a8
3fcb27b0: 0x00000000 0x00000000 0x00000001 0x00000000 0x00000000 0x00000000 0x3c166000 0x00000001
3fcb27d0: 0x3fcaa000 0x3fcaa214 0x3fc9188e 0x42008c4c 0x00000000 0x00000000 0x00000000 0x00000000
3fcb27f0: 0x00000000 0x00000000 0x00000000 0x00000000 0x3fcaa000 0x3fcaa000 0x3fca2000 0x4203eed0
3fcb2810: 0x00000000 0x00000000 0x00000000 0x00000000 0x00000000 0x00000000 0x00000000 0x00000000
3fcb2830: 0x00000000 0x00000000 0x00000000 0x81d5ed0b 0x00000000 0x00000000 0x00000000 0x00000000
3fcb2850: 0x00000000 0x3fcaa000 0x00000000 0x420961aa 0x00000000 0x00000000 0x00000000 0x4038d822
3fcb2870: 0x00000000 0x00000000 0x00000000 0x00000000 0x00000000 0xa5a5a5a5 0xa5a5a5a5 0xa5a5a5a5
3fcb2890: 0xa5a5a5a5 0xa5a5a5a5 0xa5a5a5a5 0xbaad5678 0x00000160 0xabba1234 0x00000154 0x3fcb2700
3fcb28b0: 0x00000030 0x3fca608c 0x3fca608c 0x3fcb28ac 0x3fca6084 0x00000018 0x00000000 0x00000000
3fcb28d0: 0x3fcb28ac 0x00000000 0x00000001 0x3fcb089c 0x706f6f6c 0x6b736154 0x00000000 0x00000000
3fcb28f0: 0x00000000 0x3fcb2890 0x00000001 0x00000001 0x00000000 0x00000000 0x00000000 0x3fcabe44
3fcb2910: 0x3fcabeac 0x3fcabf14 0x00000000 0x00000000 0x00000001 0x00000000 0x00000000 0x00000000
3fcb2930: 0x42141012 0x00000000 0x00000000 0x00000000 0x00000000 0x00000000 0x00000000 0x00000000
3fcb2950: 0x00000000 0x00000000 0x00000000 0x00000000 0x00000000 0x00000000 0x00000000 0x00000000
3fcb2970: 0x00000000 0x00000000 0x00000000 0x00000000 0x00000000 0x00000000 0x00000000 0x00000000
3fcb2990: 0x00000000 0x00000000 0x00000000 0x00000000 0x00000000 0x00000000 0x00000000 0x00000000
3fcb29b0: 0x00000000 0x00000000 0x00000000 0x00000000 0x00000000 0x00000000 0x00000000 0x00000000
3fcb29d0: 0x00000000 0x00000000 0x00000000 0x00000000 0x00000000 0x00000000 0x00000000 0x00000000
3fcb29f0: 0x00000000 0x00000000 0x00000000 0x00000000 0xbaad5678 0x00029d05 0x3fcab794 0x3fcab794
3fcb2a10: 0x00000000 0x00000000 0x00000000 0x00000000 0x00000000 0x00000000 0x00000000 0x00000000
3fcb2a30: 0x00000000 0x00000000 0x00000000 0x00000000 0x00000000 0x00000000 0x00000000 0x00000000
3fcb2a50: 0x00000000 0x00000000 0x00000000 0x00000000 0x00000000 0x00000000 0x00000000 0x00000000
3fcb2a70: 0x00000000 0x00000000 0x00000000 0x00000000 0x00000000 0x00000000 0x00000000 0x00000000
3fcb2a90: 0x00000000 0x00000000 0x00000000 0x00000000 0x00000000 0x00000000 0x00000000 0x00000000
3fcb2ab0: 0x00000000 0x00000000 0x00000000 0x00000000 0x00000000 0x00000000 0x00000000 0x00000000
3fcb2ad0: 0x00000000 0x00000000 0x00000000 0x00000000 0x00000000 0x00000000 0x00000000 0x00000000
3fcb2af0: 0x00000000 0x00000000 0x00000000 0x00000000 0x00000000 0x00000000 0x00000000 0x00000000
3fcb2b10: 0x00000000 0x00000000 0x00000000 0x00000000 0x00000000 0x00000000 0x00000000 0x00000000
3fcb2b30: 0x00000000 0x00000000 0x00000000 0x00000000 0x00000000 0x00000000 0x00000000 0x00000000



ELF file SHA256: e3a78975f126ad0a

Rebooting...
[INFO  machine] Restarting emulator...
[INFO  machine] ROM ELF: 4468 symbols loaded
[INFO  machine] ROM ELF loaded, 15 functions patched for interception
[INFO  machine] CPU reset at ROM entry: PC=0x40000000, SP=0x3FCDE710
[INFO  machine] Emulator restarted (chip=esp32c3)
ESP-ROM:esp32c3-api1-20210207
Build:Feb  7 2021
rst:0x3 (RTC_SW_SYS_RST),boot:0x8 (SPI_FAST_FLASH_BOOT)
SPIWP:0xee
mode:DIO, clock div:1
load:0x3fcd5810,len:0x38c
load:0x403cc710,len:0x6a0
load:0x403ce710,len:0x2624
entry 0x403cc710
Guru Meditation Error: Core  0 panic'ed (Interrupt wdt timeout on CPU0). 

Core  0 register dump:
MEPC    : 0x403894a2  RA      : 0x40382b54  SP      : 0x3fcb2750  GP      : 0x3fc92000  
TP      : 0x3f825fc0  T0      : 0x7ff00100  T1      : 0x80000000  T2      : 0xffffffff  
S0/FP   : 0x3fc920c0  S1      : 0x00000000  A0      : 0x600080c4  A1      : 0x00000100  
A2      : 0x7ff00000  A3      : 0x600c0048  A4      : 0x600c004c  A5      : 0x60008000  
A6      : 0x60008018  A7      : 0x80000000  S2      : 0x00000008  S3      : 0x00000000  
S4      : 0x00000800  S5      : 0x00000001  S6      : 0x00000000  S7      : 0x00000016  
S8      : 0x00000064  S9      : 0x00000000  S10     : 0x00000000  S11     : 0x00000000  
T3      : 0x60008044  T4      : 0x00000003  T5      : 0x00000000  T6      : 0x00000000  
MSTATUS : 0x00001880  MTVEC   : 0x40380001  MCAUSE  : 0x00000018  MTVAL   : 0x00000000  
MHARTID : 0x00000000  

Stack memory:
3fcb2750: 0x00000000 0x3fcaa214 0xdff20570 0x00000001 0x00000001 0x00000140 0x00000003 0x000000a0
3fcb2770: 0x00000000 0x00000000 0x00000001 0x000001ce 0x3c168000 0x3c166000 0x00000001 0x00000001
3fcb2790: 0x00000000 0x00000c02 0x3fc920c0 0x40382c94 0x00000000 0x3fcaa214 0x00000000 0x420088a8
3fcb27b0: 0x00000000 0x00000000 0x00000001 0x00000000 0x00000000 0x00000000 0x3c166000 0x00000001
3fcb27d0: 0x3fcaa000 0x3fcaa214 0x3fc9188e 0x42008c4c 0x00000000 0x00000000 0x00000000 0x00000000
3fcb27f0: 0x00000000 0x00000000 0x00000000 0x00000000 0x3fcaa000 0x3fcaa000 0x3fca2000 0x4203eed0
3fcb2810: 0x00000000 0x00000000 0x00000000 0x00000000 0x00000000 0x00000000 0x00000000 0x00000000
3fcb2830: 0x00000000 0x00000000 0x00000000 0x30f84bb8 0x00000000 0x00000000 0x00000000 0x00000000
3fcb2850: 0x00000000 0x3fcaa000 0x00000000 0x420961aa 0x00000000 0x00000000 0x00000000 0x4038d822
3fcb2870: 0x00000000 0x00000000 0x00000000 0x00000000 0x00000000 0xa5a5a5a5 0xa5a5a5a5 0xa5a5a5a5
3fcb2890: 0xa5a5a5a5 0xa5a5a5a5 0xa5a5a5a5 0xbaad5678 0x00000160 0xabba1234 0x00000154 0x3fcb2700
3fcb28b0: 0x00000030 0x3fca608c 0x3fca608c 0x3fcb28ac 0x3fca6084 0x00000018 0x00000000 0x00000000
3fcb28d0: 0x3fcb28ac 0x00000000 0x00000001 0x3fcb089c 0x706f6f6c 0x6b736154 0x00000000 0x00000000
3fcb28f0: 0x00000000 0x3fcb2890 0x00000001 0x00000001 0x00000000 0x00000000 0x00000000 0x3fcabe44
3fcb2910: 0x3fcabeac 0x3fcabf14 0x00000000 0x00000000 0x00000001 0x00000000 0x00000000 0x00000000
3fcb2930: 0x42141012 0x00000000 0x00000000 0x00000000 0x00000000 0x00000000 0x00000000 0x00000000
3fcb2950: 0x00000000 0x00000000 0x00000000 0x00000000 0x00000000 0x00000000 0x00000000 0x00000000
3fcb2970: 0x00000000 0x00000000 0x00000000 0x00000000 0x00000000 0x00000000 0x00000000 0x00000000
3fcb2990: 0x00000000 0x00000000 0x00000000 0x00000000 0x00000000 0x00000000 0x00000000 0x00000000
3fcb29b0: 0x00000000 0x00000000 0x00000000 0x00000000 0x00000000 0x00000000 0x00000000 0x00000000
3fcb29d0: 0x00000000 0x00000000 0x00000000 0x00000000 0x00000000 0x00000000 0x00000000 0x00000000
3fcb29f0: 0x00000000 0x00000000 0x00000000 0x00000000 0xbaad5678 0x00029d05 0x3fcab794 0x3fcab794
3fcb2a10: 0x00000000 0x00000000 0x00000000 0x00000000 0x00000000 0x00000000 0x00000000 0x00000000
3fcb2a30: 0x00000000 0x00000000 0x00000000 0x00000000 0x00000000 0x00000000 0x00000000 0x00000000
3fcb2a50: 0x00000000 0x00000000 0x00000000 0x00000000 0x00000000 0x00000000 0x00000000 0x00000000
3fcb2a70: 0x00000000 0x00000000 0x00000000 0x00000000 0x00000000 0x00000000 0x00000000 0x00000000
3fcb2a90: 0x00000000 0x00000000 0x00000000 0x00000000 0x00000000 0x00000000 0x00000000 0x00000000
3fcb2ab0: 0x00000000 0x00000000 0x00000000 0x00000000 0x00000000 0x00000000 0x00000000 0x00000000
3fcb2ad0: 0x00000000 0x00000000 0x00000000 0x00000000 0x00000000 0x00000000 0x00000000 0x00000000
3fcb2af0: 0x00000000 0x00000000 0x00000000 0x00000000 0x00000000 0x00000000 0x00000000 0x00000000
3fcb2b10: 0x00000000 0x00000000 0x00000000 0x00000000 0x00000000 0x00000000 0x00000000 0x00000000
3fcb2b30: 0x00000000 0x00000000 0x00000000 0x00000000 0x00000000 0x00000000 0x00000000 0x00000000



ELF file SHA256: e3a78975f126ad0a

Rebooting...
[INFO  machine] Restarting emulator...
[INFO  machine] ROM ELF: 4468 symbols loaded
[INFO  machine] ROM ELF loaded, 15 functions patched for interception
[INFO  machine] CPU reset at ROM entry: PC=0x40000000, SP=0x3FCDE710
[INFO  machine] Emulator restarted (chip=esp32c3)
ESP-ROM:esp32c3-api1-20210207
Build:Feb  7 2021
rst:0x3 (RTC_SW_SYS_RST),boot:0x8 (SPI_FAST_FLASH_BOOT)
SPIWP:0xee
mode:DIO, clock div:1
load:0x3fcd5810,len:0x38c
load:0x403cc710,len:0x6a0
load:0x403ce710,len:0x2624
entry 0x403cc710
Guru Meditation Error: Core  0 panic'ed (Interrupt wdt timeout on CPU0). 

Core  0 register dump:
MEPC    : 0x403894a2  RA      : 0x40382b54  SP      : 0x3fcb2750  GP      : 0x3fc92000  
TP      : 0x3f825fc0  T0      : 0x7ff00100  T1      : 0x80000000  T2      : 0xffffffff  
S0/FP   : 0x3fc920c0  S1      : 0x00000000  A0      : 0x600080c4  A1      : 0x00000100  
A2      : 0x7ff00000  A3      : 0x600c0048  A4      : 0x600c004c  A5      : 0x60008000  
A6      : 0x60008018  A7      : 0x80000000  S2      : 0x00000008  S3      : 0x00000000  
S4      : 0x00000800  S5      : 0x00000001  S6      : 0x00000000  S7      : 0x00000016  
S8      : 0x00000064  S9      : 0x00000000  S10     : 0x00000000  S11     : 0x00000000  
T3      : 0x60008044  T4      : 0x00000003  T5      : 0x00000000  T6      : 0x00000000  
MSTATUS : 0x00001880  MTVEC   : 0x40380001  MCAUSE  : 0x00000018  MTVAL   : 0x00000000  
MHARTID : 0x00000000  

Stack memory:
3fcb2750: 0x00000000 0x3fcaa214 0xdff20570 0x00000001 0x00000001 0x00000140 0x00000003 0x000000a0
3fcb2770: 0x00000000 0x00000000 0x00000001 0x000001ce 0x3c168000 0x3c166000 0x00000001 0x00000001
3fcb2790: 0x00000000 0x00000c02 0x3fc920c0 0x40382c94 0x00000000 0x3fcaa214 0x00000000 0x420088a8
3fcb27b0: 0x00000000 0x00000000 0x00000001 0x00000000 0x00000000 0x00000000 0x3c166000 0x00000001
3fcb27d0: 0x3fcaa000 0x3fcaa214 0x3fc9188e 0x42008c4c 0x00000000 0x00000000 0x00000000 0x00000000
3fcb27f0: 0x00000000 0x00000000 0x00000000 0x00000000 0x3fcaa000 0x3fcaa000 0x3fca2000 0x4203eed0
3fcb2810: 0x00000000 0x00000000 0x00000000 0x00000000 0x00000000 0x00000000 0x00000000 0x00000000
3fcb2830: 0x00000000 0x00000000 0x00000000 0x429ee4a8 0x00000000 0x00000000 0x00000000 0x00000000
3fcb2850: 0x00000000 0x3fcaa000 0x00000000 0x420961aa 0x00000000 0x00000000 0x00000000 0x4038d822
3fcb2870: 0x00000000 0x00000000 0x00000000 0x00000000 0x00000000 0xa5a5a5a5 0xa5a5a5a5 0xa5a5a5a5
3fcb2890: 0xa5a5a5a5 0xa5a5a5a5 0xa5a5a5a5 0xbaad5678 0x00000160 0xabba1234 0x00000154 0x3fcb2700
3fcb28b0: 0x00000030 0x3fca608c 0x3fca608c 0x3fcb28ac 0x3fca6084 0x00000018 0x00000000 0x00000000
3fcb28d0: 0x3fcb28ac 0x00000000 0x00000001 0x3fcb089c 0x706f6f6c 0x6b736154 0x00000000 0x00000000
3fcb28f0: 0x00000000 0x3fcb2890 0x00000001 0x00000001 0x00000000 0x00000000 0x00000000 0x3fcabe44
3fcb2910: 0x3fcabeac 0x3fcabf14 0x00000000 0x00000000 0x00000001 0x00000000 0x00000000 0x00000000
3fcb2930: 0x42141012 0x00000000 0x00000000 0x00000000 0x00000000 0x00000000 0x00000000 0x00000000
3fcb2950: 0x00000000 0x00000000 0x00000000 0x00000000 0x00000000 0x00000000 0x00000000 0x00000000
3fcb2970: 0x00000000 0x00000000 0x00000000 0x00000000 0x00000000 0x00000000 0x00000000 0x00000000
3fcb2990: 0x00000000 0x00000000 0x00000000 0x00000000 0x00000000 0x00000000 0x00000000 0x00000000
3fcb29b0: 0x00000000 0x00000000 0x00000000 0x00000000 0x00000000 0x00000000 0x00000000 0x00000000
3fcb29d0: 0x00000000 0x00000000 0x00000000 0x00000000 0x00000000 0x00000000 0x00000000 0x00000000
3fcb29f0: 0x00000000 0x00000000 0x00000000 0x00000000 0xbaad5678 0x00029d05 0x3fcab794 0x3fcab794
3fcb2a10: 0x00000000 0x00000000 0x00000000 0x00000000 0x00000000 0x00000000 0x00000000 0x00000000
3fcb2a30: 0x00000000 0x00000000 0x00000000 0x00000000 0x00000000 0x00000000 0x00000000 0x00000000
3fcb2a50: 0x00000000 0x00000000 0x00000000 0x00000000 0x00000000 0x00000000 0x00000000 0x00000000
3fcb2a70: 0x00000000 0x00000000 0x00000000 0x00000000 0x00000000 0x00000000 0x00000000 0x00000000
3fcb2a90: 0x00000000 0x00000000 0x00000000 0x00000000 0x00000000 0x00000000 0x00000000 0x00000000
3fcb2ab0: 0x00000000 0x00000000 0x00000000 0x00000000 0x00000000 0x00000000 0x00000000 0x00000000
3fcb2ad0: 0x00000000 0x00000000 0x00000000 0x00000000 0x00000000 0x00000000 0x00000000 0x00000000
3fcb2af0: 0x00000000 0x00000000 0x00000000 0x00000000 0x00000000 0x00000000 0x00000000 0x00000000
3fcb2b10: 0x00000000 0x00000000 0x00000000 0x00000000 0x00000000 0x00000000 0x00000000 0x00000000
3fcb2b30: 0x00000000 0x00000000 0x00000000 0x00000000 0x00000000 0x00000000 0x00000000 0x00000000



ELF file SHA256: e3a78975f126ad0a

Rebooting...
[INFO  machine] Restarting emulator...
[INFO  machine] ROM ELF: 4468 symbols loaded
[INFO  machine] ROM ELF loaded, 15 functions patched for interception
[INFO  machine] CPU reset at ROM entry: PC=0x40000000, SP=0x3FCDE710
[INFO  machine] Emulator restarted (chip=esp32c3)
ESP-ROM:esp32c3-api1-20210207
Build:Feb  7 2021
rst:0x3 (RTC_SW_SYS_RST),boot:0x8 (SPI_FAST_FLASH_BOOT)
SPIWP:0xee
mode:DIO, clock div:1
load:0x3fcd5810,len:0x38c
load:0x403cc710,len:0x6a0
load:0x403ce710,len:0x2624
entry 0x403cc710
Guru Meditation Error: Core  0 panic'ed (Interrupt wdt timeout on CPU0). 

Core  0 register dump:
MEPC    : 0x403894a2  RA      : 0x40382b54  SP      : 0x3fcb2750  GP      : 0x3fc92000  
TP      : 0x3f825fc0  T0      : 0x7ff00100  T1      : 0x80000000  T2      : 0xffffffff  
S0/FP   : 0x3fc920c0  S1      : 0x00000000  A0      : 0x600080c4  A1      : 0x00000100  
A2      : 0x7ff00000  A3      : 0x600c0048  A4      : 0x600c004c  A5      : 0x60008000  
A6      : 0x60008018  A7      : 0x80000000  S2      : 0x00000008  S3      : 0x00000000  
S4      : 0x00000800  S5      : 0x00000001  S6      : 0x00000000  S7      : 0x00000016  
S8      : 0x00000064  S9      : 0x00000000  S10     : 0x00000000  S11     : 0x00000000  
T3      : 0x60008044  T4      : 0x00000003  T5      : 0x00000000  T6      : 0x00000000  
MSTATUS : 0x00001880  MTVEC   : 0x40380001  MCAUSE  : 0x00000018  MTVAL   : 0x00000000  
MHARTID : 0x00000000  

Stack memory:
3fcb2750: 0x00000000 0x3fcaa214 0xdff20570 0x00000001 0x00000001 0x00000140 0x00000003 0x000000a0
3fcb2770: 0x00000000 0x00000000 0x00000002 0x000001ce 0x3c168000 0x3c166000 0x00000001 0x00000001
3fcb2790: 0x00000000 0x00000c02 0x3fc920c0 0x40382c94 0x00000000 0x3fcaa214 0x00000000 0x420088a8
3fcb27b0: 0x00000000 0x00000000 0x00000001 0x00000000 0x00000000 0x00000000 0x3c166000 0x00000001
3fcb27d0: 0x3fcaa000 0x3fcaa214 0x3fc9188e 0x42008c4c 0x00000000 0x00000000 0x00000000 0x00000000
3fcb27f0: 0x00000000 0x00000000 0x00000000 0x00000000 0x3fcaa000 0x3fcaa000 0x3fca2000 0x4203eed0
3fcb2810: 0x00000000 0x00000000 0x00000000 0x00000000 0x00000000 0x00000000 0x00000000 0x00000000
3fcb2830: 0x00000000 0x00000000 0x00000000 0x19fb25fa 0x00000000 0x00000000 0x00000000 0x00000000
3fcb2850: 0x00000000 0x3fcaa000 0x00000000 0x420961aa 0x00000000 0x00000000 0x00000000 0x4038d822
3fcb2870: 0x00000000 0x00000000 0x00000000 0x00000000 0x00000000 0xa5a5a5a5 0xa5a5a5a5 0xa5a5a5a5
3fcb2890: 0xa5a5a5a5 0xa5a5a5a5 0xa5a5a5a5 0xbaad5678 0x00000160 0xabba1234 0x00000154 0x3fcb2700
3fcb28b0: 0x00000030 0x3fca608c 0x3fca608c 0x3fcb28ac 0x3fca6084 0x00000018 0x00000000 0x00000000
3fcb28d0: 0x3fcb28ac 0x00000000 0x00000001 0x3fcb089c 0x706f6f6c 0x6b736154 0x00000000 0x00000000
3fcb28f0: 0x00000000 0x3fcb2890 0x00000001 0x00000001 0x00000000 0x00000000 0x00000000 0x3fcabe44
3fcb2910: 0x3fcabeac 0x3fcabf14 0x00000000 0x00000000 0x00000001 0x00000000 0x00000000 0x00000000
3fcb2930: 0x42141012 0x00000000 0x00000000 0x00000000 0x00000000 0x00000000 0x00000000 0x00000000
3fcb2950: 0x00000000 0x00000000 0x00000000 0x00000000 0x00000000 0x00000000 0x00000000 0x00000000
3fcb2970: 0x00000000 0x00000000 0x00000000 0x00000000 0x00000000 0x00000000 0x00000000 0x00000000
3fcb2990: 0x00000000 0x00000000 0x00000000 0x00000000 0x00000000 0x00000000 0x00000000 0x00000000
3fcb29b0: 0x00000000 0x00000000 0x00000000 0x00000000 0x00000000 0x00000000 0x00000000 0x00000000
3fcb29d0: 0x00000000 0x00000000 0x00000000 0x00000000 0x00000000 0x00000000 0x00000000 0x00000000
3fcb29f0: 0x00000000 0x00000000 0x00000000 0x00000000 0xbaad5678 0x00029d05 0x3fcab794 0x3fcab794
3fcb2a10: 0x00000000 0x00000000 0x00000000 0x00000000 0x00000000 0x00000000 0x00000000 0x00000000
3fcb2a30: 0x00000000 0x00000000 0x00000000 0x00000000 0x00000000 0x00000000 0x00000000 0x00000000
3fcb2a50: 0x00000000 0x00000000 0x00000000 0x00000000 0x00000000 0x00000000 0x00000000 0x00000000
3fcb2a70: 0x00000000 0x00000000 0x00000000 0x00000000 0x00000000 0x00000000 0x00000000 0x00000000
3fcb2a90: 0x00000000 0x00000000 0x00000000 0x00000000 0x00000000 0x00000000 0x00000000 0x00000000
3fcb2ab0: 0x00000000 0x00000000 0x00000000 0x00000000 0x00000000 0x00000000 0x00000000 0x00000000
3fcb2ad0: 0x00000000 0x00000000 0x00000000 0x00000000 0x00000000 0x00000000 0x00000000 0x00000000
3fcb2af0: 0x00000000 0x00000000 0x00000000 0x00000000 0x00000000 0x00000000 0x00000000 0x00000000
3fcb2b10: 0x00000000 0x00000000 0x00000000 0x00000000 0x00000000 0x00000000 0x00000000 0x00000000
3fcb2b30: 0x00000000 0x00000000 0x00000000 0x00000000 0x00000000 0x00000000 0x00000000 0x00000000



ELF file SHA256: e3a78975f126ad0a

Rebooting...
[INFO  machine] Restarting emulator...
[INFO  machine] ROM ELF: 4468 symbols loaded
[INFO  machine] ROM ELF loaded, 15 functions patched for interception
[INFO  machine] CPU reset at ROM entry: PC=0x40000000, SP=0x3FCDE710
[INFO  machine] Emulator restarted (chip=esp32c3)
ESP-ROM:esp32c3-api1-20210207
Build:Feb  7 2021
rst:0x3 (RTC_SW_SYS_RST),boot:0x8 (SPI_FAST_FLASH_BOOT)
SPIWP:0xee
mode:DIO, clock div:1
load:0x3fcd5810,len:0x38c
load:0x403cc710,len:0x6a0
load:0x403ce710,len:0x2624
entry 0x403cc710
Guru Meditation Error: Core  0 panic'ed (Interrupt wdt timeout on CPU0). 

Core  0 register dump:
MEPC    : 0x403894a2  RA      : 0x40382b54  SP      : 0x3fcb2750  GP      : 0x3fc92000  
TP      : 0x3f825fc0  T0      : 0x7ff00100  T1      : 0x80000000  T2      : 0xffffffff  
S0/FP   : 0x3fc920c0  S1      : 0x00000000  A0      : 0x600080c4  A1      : 0x00000100  
A2      : 0x7ff00000  A3      : 0x600c0048  A4      : 0x600c004c  A5      : 0x60008000  
A6      : 0x60008018  A7      : 0x80000000  S2      : 0x00000008  S3      : 0x00000000  
S4      : 0x00000800  S5      : 0x00000001  S6      : 0x00000000  S7      : 0x00000016  
S8      : 0x00000064  S9      : 0x00000000  S10     : 0x00000000  S11     : 0x00000000  
T3      : 0x60008044  T4      : 0x00000003  T5      : 0x00000000  T6      : 0x00000000  
MSTATUS : 0x00001880  MTVEC   : 0x40380001  MCAUSE  : 0x00000018  MTVAL   : 0x00000000  
MHARTID : 0x00000000  

Stack memory:
3fcb2750: 0x00000000 0x3fcaa214 0xdff20570 0x00000001 0x00000001 0x00000140 0x00000003 0x000000a0
3fcb2770: 0x00000000 0x00000000 0x00000002 0x000001ce 0x3c168000 0x3c166000 0x00000001 0x00000001
3fcb2790: 0x00000000 0x00000c02 0x3fc920c0 0x40382c94 0x00000000 0x3fcaa214 0x00000000 0x420088a8
3fcb27b0: 0x00000000 0x00000000 0x00000001 0x00000000 0x00000000 0x00000000 0x3c166000 0x00000001
3fcb27d0: 0x3fcaa000 0x3fcaa214 0x3fc9188e 0x42008c4c 0x00000000 0x00000000 0x00000000 0x00000000
3fcb27f0: 0x00000000 0x00000000 0x00000000 0x00000000 0x3fcaa000 0x3fcaa000 0x3fca2000 0x4203eed0
3fcb2810: 0x00000000 0x00000000 0x00000000 0x00000000 0x00000000 0x00000000 0x00000000 0x00000000
3fcb2830: 0x00000000 0x00000000 0x00000000 0x1cc96085 0x00000000 0x00000000 0x00000000 0x00000000
3fcb2850: 0x00000000 0x3fcaa000 0x00000000 0x420961aa 0x00000000 0x00000000 0x00000000 0x4038d822
3fcb2870: 0x00000000 0x00000000 0x00000000 0x00000000 0x00000000 0xa5a5a5a5 0xa5a5a5a5 0xa5a5a5a5
3fcb2890: 0xa5a5a5a5 0xa5a5a5a5 0xa5a5a5a5 0xbaad5678 0x00000160 0xabba1234 0x00000154 0x3fcb2700
3fcb28b0: 0x00000030 0x3fca608c 0x3fca608c 0x3fcb28ac 0x3fca6084 0x00000018 0x00000000 0x00000000
3fcb28d0: 0x3fcb28ac 0x00000000 0x00000001 0x3fcb089c 0x706f6f6c 0x6b736154 0x00000000 0x00000000
3fcb28f0: 0x00000000 0x3fcb2890 0x00000001 0x00000001 0x00000000 0x00000000 0x00000000 0x3fcabe44
3fcb2910: 0x3fcabeac 0x3fcabf14 0x00000000 0x00000000 0x00000001 0x00000000 0x00000000 0x00000000
3fcb2930: 0x42141012 0x00000000 0x00000000 0x00000000 0x00000000 0x00000000 0x00000000 0x00000000
3fcb2950: 0x00000000 0x00000000 0x00000000 0x00000000 0x00000000 0x00000000 0x00000000 0x00000000
3fcb2970: 0x00000000 0x00000000 0x00000000 0x00000000 0x00000000 0x00000000 0x00000000 0x00000000
3fcb2990: 0x00000000 0x00000000 0x00000000 0x00000000 0x00000000 0x00000000 0x00000000 0x00000000
3fcb29b0: 0x00000000 0x00000000 0x00000000 0x00000000 0x00000000 0x00000000 0x00000000 0x00000000
3fcb29d0: 0x00000000 0x00000000 0x00000000 0x00000000 0x00000000 0x00000000 0x00000000 0x00000000
3fcb29f0: 0x00000000 0x00000000 0x00000000 0x00000000 0xbaad5678 0x00029d05 0x3fcab794 0x3fcab794
3fcb2a10: 0x00000000 0x00000000 0x00000000 0x00000000 0x00000000 0x00000000 0x00000000 0x00000000
3fcb2a30: 0x00000000 0x00000000 0x00000000 0x00000000 0x00000000 0x00000000 0x00000000 0x00000000
3fcb2a50: 0x00000000 0x00000000 0x00000000 0x00000000 0x00000000 0x00000000 0x00000000 0x00000000
3fcb2a70: 0x00000000 0x00000000 0x00000000 0x00000000 0x00000000 0x00000000 0x00000000 0x00000000
3fcb2a90: 0x00000000 0x00000000 0x00000000 0x00000000 0x00000000 0x00000000 0x00000000 0x00000000
3fcb2ab0: 0x00000000 0x00000000 0x00000000 0x00000000 0x00000000 0x00000000 0x00000000 0x00000000
3fcb2ad0: 0x00000000 0x00000000 0x00000000 0x00000000 0x00000000 0x00000000 0x00000000 0x00000000
3fcb2af0: 0x00000000 0x00000000 0x00000000 0x00000000 0x00000000 0x00000000 0x00000000 0x00000000
3fcb2b10: 0x00000000 0x00000000 0x00000000 0x00000000 0x00000000 0x00000000 0x00000000 0x00000000
3fcb2b30: 0x00000000 0x00000000 0x00000000 0x00000000 0x00000000 0x00000000 0x00000000 0x00000000



ELF file SHA256: e3a78975f126ad0a

Rebooting...
[INFO  machine] Restarting emulator...
[INFO  machine] ROM ELF: 4468 symbols loaded
[INFO  machine] ROM ELF loaded, 15 functions patched for interception
[INFO  machine] CPU reset at ROM entry: PC=0x40000000, SP=0x3FCDE710
[INFO  machine] Emulator restarted (chip=esp32c3)
ESP-ROM:esp32c3-api1-20210207
Build:Feb  7 2021
rst:0x3 (RTC_SW_SYS_RST),boot:0x8 (SPI_FAST_FLASH_BOOT)
SPIWP:0xee
mode:DIO, clock div:1
load:0x3fcd5810,len:0x38c
load:0x403cc710,len:0x6a0
load:0x403ce710,len:0x2624
entry 0x403cc710
Guru Meditation Error: Core  0 panic'ed (Interrupt wdt timeout on CPU0). 

Core  0 register dump:
MEPC    : 0x403894a2  RA      : 0x40382b54  SP      : 0x3fcb2750  GP      : 0x3fc92000  
TP      : 0x3f825fc0  T0      : 0x7ff00100  T1      : 0x80000000  T2      : 0xffffffff  
S0/FP   : 0x3fc920c0  S1      : 0x00000000  A0      : 0x600080c4  A1      : 0x00000100  
A2      : 0x7ff00000  A3      : 0x600c0048  A4      : 0x600c004c  A5      : 0x60008000  
A6      : 0x60008018  A7      : 0x80000000  S2      : 0x00000008  S3      : 0x00000000  
S4      : 0x00000800  S5      : 0x00000001  S6      : 0x00000000  S7      : 0x00000016  
S8      : 0x00000064  S9      : 0x00000000  S10     : 0x00000000  S11     : 0x00000000  
T3      : 0x60008044  T4      : 0x00000003  T5      : 0x00000000  T6      : 0x00000000  
MSTATUS : 0x00001880  MTVEC   : 0x40380001  MCAUSE  : 0x00000018  MTVAL   : 0x00000000  
MHARTID : 0x00000000  

Stack memory:
3fcb2750: 0x00000000 0x3fcaa214 0xdff20570 0x00000001 0x00000001 0x00000140 0x00000003 0x000000a0
3fcb2770: 0x00000000 0x00000000 0x00000002 0x000001ce 0x3c168000 0x3c166000 0x00000001 0x00000001
3fcb2790: 0x00000000 0x00000c02 0x3fc920c0 0x40382c94 0x00000000 0x3fcaa214 0x00000000 0x420088a8
3fcb27b0: 0x00000000 0x00000000 0x00000001 0x00000000 0x00000000 0x00000000 0x3c166000 0x00000001
3fcb27d0: 0x3fcaa000 0x3fcaa214 0x3fc9188e 0x42008c4c 0x00000000 0x00000000 0x00000000 0x00000000
3fcb27f0: 0x00000000 0x00000000 0x00000000 0x00000000 0x3fcaa000 0x3fcaa000 0x3fca2000 0x4203eed0
3fcb2810: 0x00000000 0x00000000 0x00000000 0x00000000 0x00000000 0x00000000 0x00000000 0x00000000
3fcb2830: 0x00000000 0x00000000 0x00000000 0x0a311c62 0x00000000 0x00000000 0x00000000 0x00000000
3fcb2850: 0x00000000 0x3fcaa000 0x00000000 0x420961aa 0x00000000 0x00000000 0x00000000 0x4038d822
3fcb2870: 0x00000000 0x00000000 0x00000000 0x00000000 0x00000000 0xa5a5a5a5 0xa5a5a5a5 0xa5a5a5a5
3fcb2890: 0xa5a5a5a5 0xa5a5a5a5 0xa5a5a5a5 0xbaad5678 0x00000160 0xabba1234 0x00000154 0x3fcb2700
3fcb28b0: 0x00000030 0x3fca608c 0x3fca608c 0x3fcb28ac 0x3fca6084 0x00000018 0x00000000 0x00000000
3fcb28d0: 0x3fcb28ac 0x00000000 0x00000001 0x3fcb089c 0x706f6f6c 0x6b736154 0x00000000 0x00000000
3fcb28f0: 0x00000000 0x3fcb2890 0x00000001 0x00000001 0x00000000 0x00000000 0x00000000 0x3fcabe44
3fcb2910: 0x3fcabeac 0x3fcabf14 0x00000000 0x00000000 0x00000001 0x00000000 0x00000000 0x00000000
3fcb2930: 0x42141012 0x00000000 0x00000000 0x00000000 0x00000000 0x00000000 0x00000000 0x00000000
3fcb2950: 0x00000000 0x00000000 0x00000000 0x00000000 0x00000000 0x00000000 0x00000000 0x00000000
3fcb2970: 0x00000000 0x00000000 0x00000000 0x00000000 0x00000000 0x00000000 0x00000000 0x00000000
3fcb2990: 0x00000000 0x00000000 0x00000000 0x00000000 0x00000000 0x00000000 0x00000000 0x00000000
3fcb29b0: 0x00000000 0x00000000 0x00000000 0x00000000 0x00000000 0x00000000 0x00000000 0x00000000
3fcb29d0: 0x00000000 0x00000000 0x00000000 0x00000000 0x00000000 0x00000000 0x00000000 0x00000000
3fcb29f0: 0x00000000 0x00000000 0x00000000 0x00000000 0xbaad5678 0x00029d05 0x3fcab794 0x3fcab794
3fcb2a10: 0x00000000 0x00000000 0x00000000 0x00000000 0x00000000 0x00000000 0x00000000 0x00000000
3fcb2a30: 0x00000000 0x00000000 0x00000000 0x00000000 0x00000000 0x00000000 0x00000000 0x00000000
3fcb2a50: 0x00000000 0x00000000 0x00000000 0x00000000 0x00000000 0x00000000 0x00000000 0x00000000
3fcb2a70: 0x00000000 0x00000000 0x00000000 0x00000000 0x00000000 0x00000000 0x00000000 0x00000000
3fcb2a90: 0x00000000 0x00000000 0x00000000 0x00000000 0x00000000 0x00000000 0x00000000 0x00000000
3fcb2ab0: 0x00000000 0x00000000 0x00000000 0x00000000 0x00000000 0x00000000 0x00000000 0x00000000
3fcb2ad0: 0x00000000 0x00000000 0x00000000 0x00000000 0x00000000 0x00000000 0x00000000 0x00000000
3fcb2af0: 0x00000000 0x00000000 0x00000000 0x00000000 0x00000000 0x00000000 0x00000000 0x00000000
3fcb2b10: 0x00000000 0x00000000 0x00000000 0x00000000 0x00000000 0x00000000 0x00000000 0x00000000
3fcb2b30: 0x00000000 0x00000000 0x00000000 0x00000000 0x00000000 0x00000000 0x00000000 0x00000000



ELF file SHA256: e3a78975f126ad0a

Rebooting...
[INFO  machine] Restarting emulator...
[INFO  machine] ROM ELF: 4468 symbols loaded
[INFO  machine] ROM ELF loaded, 15 functions patched for interception
[INFO  machine] CPU reset at ROM entry: PC=0x40000000, SP=0x3FCDE710
[INFO  machine] Emulator restarted (chip=esp32c3)
ESP-ROM:esp32c3-api1-20210207
Build:Feb  7 2021
rst:0x3 (RTC_SW_SYS_RST),boot:0x8 (SPI_FAST_FLASH_BOOT)
SPIWP:0xee
mode:DIO, clock div:1
load:0x3fcd5810,len:0x38c
load:0x403cc710,len:0x6a0
load:0x403ce710,len:0x2624
entry 0x403cc710
Guru Meditation Error: Core  0 panic'ed (Interrupt wdt timeout on CPU0). 

Core  0 register dump:
MEPC    : 0x403894a2  RA      : 0x40382b54  SP      : 0x3fcb2750  GP      : 0x3fc92000  
TP      : 0x3f825fc0  T0      : 0x7ff00100  T1      : 0x80000000  T2      : 0xffffffff  
S0/FP   : 0x3fc920c0  S1      : 0x00000000  A0      : 0x600080c4  A1      : 0x00000100  
A2      : 0x7ff00000  A3      : 0x600c0048  A4      : 0x600c004c  A5      : 0x60008000  
A6      : 0x60008018  A7      : 0x80000000  S2      : 0x00000008  S3      : 0x00000000  
S4      : 0x00000800  S5      : 0x00000001  S6      : 0x00000000  S7      : 0x00000016  
S8      : 0x00000064  S9      : 0x00000000  S10     : 0x00000000  S11     : 0x00000000  
T3      : 0x60008044  T4      : 0x00000003  T5      : 0x00000000  T6      : 0x00000000  
MSTATUS : 0x00001880  MTVEC   : 0x40380001  MCAUSE  : 0x00000018  MTVAL   : 0x00000000  
MHARTID : 0x00000000  

Stack memory:
3fcb2750: 0x00000000 0x3fcaa214 0xdff20570 0x00000001 0x00000001 0x00000140 0x00000003 0x000000a0
3fcb2770: 0x00000000 0x00000000 0x00000003 0x000001ce 0x3c168000 0x3c166000 0x00000001 0x00000001
3fcb2790: 0x00000000 0x00000c02 0x3fc920c0 0x40382c94 0x00000000 0x3fcaa214 0x00000000 0x420088a8
3fcb27b0: 0x00000000 0x00000000 0x00000001 0x00000000 0x00000000 0x00000000 0x3c166000 0x00000001
3fcb27d0: 0x3fcaa000 0x3fcaa214 0x3fc9188e 0x42008c4c 0x00000000 0x00000000 0x00000000 0x00000000
3fcb27f0: 0x00000000 0x00000000 0x00000000 0x00000000 0x3fcaa000 0x3fcaa000 0x3fca2000 0x4203eed0
3fcb2810: 0x00000000 0x00000000 0x00000000 0x00000000 0x00000000 0x00000000 0x00000000 0x00000000
3fcb2830: 0x00000000 0x00000000 0x00000000 0x68b540c2 0x00000000 0x00000000 0x00000000 0x00000000
3fcb2850: 0x00000000 0x3fcaa000 0x00000000 0x420961aa 0x00000000 0x00000000 0x00000000 0x4038d822
3fcb2870: 0x00000000 0x00000000 0x00000000 0x00000000 0x00000000 0xa5a5a5a5 0xa5a5a5a5 0xa5a5a5a5
3fcb2890: 0xa5a5a5a5 0xa5a5a5a5 0xa5a5a5a5 0xbaad5678 0x00000160 0xabba1234 0x00000154 0x3fcb2700
3fcb28b0: 0x00000030 0x3fca608c 0x3fca608c 0x3fcb28ac 0x3fca6084 0x00000018 0x00000000 0x00000000
3fcb28d0: 0x3fcb28ac 0x00000000 0x00000001 0x3fcb089c 0x706f6f6c 0x6b736154 0x00000000 0x00000000
3fcb28f0: 0x00000000 0x3fcb2890 0x00000001 0x00000001 0x00000000 0x00000000 0x00000000 0x3fcabe44
3fcb2910: 0x3fcabeac 0x3fcabf14 0x00000000 0x00000000 0x00000001 0x00000000 0x00000000 0x00000000
3fcb2930: 0x42141012 0x00000000 0x00000000 0x00000000 0x00000000 0x00000000 0x00000000 0x00000000
3fcb2950: 0x00000000 0x00000000 0x00000000 0x00000000 0x00000000 0x00000000 0x00000000 0x00000000
3fcb2970: 0x00000000 0x00000000 0x00000000 0x00000000 0x00000000 0x00000000 0x00000000 0x00000000
3fcb2990: 0x00000000 0x00000000 0x00000000 0x00000000 0x00000000 0x00000000 0x00000000 0x00000000
3fcb29b0: 0x00000000 0x00000000 0x00000000 0x00000000 0x00000000 0x00000000 0x00000000 0x00000000
3fcb29d0: 0x00000000 0x00000000 0x00000000 0x00000000 0x00000000 0x00000000 0x00000000 0x00000000
3fcb29f0: 0x00000000 0x00000000 0x00000000 0x00000000 0xbaad5678 0x00029d05 0x3fcab794 0x3fcab794
3fcb2a10: 0x00000000 0x00000000 0x00000000 0x00000000 0x00000000 0x00000000 0x00000000 0x00000000
3fcb2a30: 0x00000000 0x00000000 0x00000000 0x00000000 0x00000000 0x00000000 0x00000000 0x00000000
3fcb2a50: 0x00000000 0x00000000 0x00000000 0x00000000 0x00000000 0x00000000 0x00000000 0x00000000
3fcb2a70: 0x00000000 0x00000000 0x00000000 0x00000000 0x00000000 0x00000000 0x00000000 0x00000000
3fcb2a90: 0x00000000 0x00000000 0x00000000 0x00000000 0x00000000 0x00000000 0x00000000 0x00000000
3fcb2ab0: 0x00000000 0x00000000 0x00000000 0x00000000 0x00000000 0x00000000 0x00000000 0x00000000
3fcb2ad0: 0x00000000 0x00000000 0x00000000 0x00000000 0x00000000 0x00000000 0x00000000 0x00000000
3fcb2af0: 0x00000000 0x00000000 0x00000000 0x00000000 0x00000000 0x00000000 0x00000000 0x00000000
3fcb2b10: 0x00000000 0x00000000 0x00000000 0x00000000 0x00000000 0x00000000 0x00000000 0x00000000
3fcb2b30: 0x00000000 0x00000000 0x00000000 0x00000000 0x00000000 0x00000000 0x00000000 0x00000000



ELF file SHA256: e3a78975f126ad0a

Rebooting...
[INFO  machine] Restarting emulator...
[INFO  machine] ROM ELF: 4468 symbols loaded
[INFO  machine] ROM ELF loaded, 15 functions patched for interception
[INFO  machine] CPU reset at ROM entry: PC=0x40000000, SP=0x3FCDE710
[INFO  machine] Emulator restarted (chip=esp32c3)
ESP-ROM:esp32c3-api1-20210207
Build:Feb  7 2021
rst:0x3 (RTC_SW_SYS_RST),boot:0x8 (SPI_FAST_FLASH_BOOT)
SPIWP:0xee
mode:DIO, clock div:1
load:0x3fcd5810,len:0x38c
load:0x403cc710,len:0x6a0
load:0x403ce710,len:0x2624
entry 0x403cc710
Guru Meditation Error: Core  0 panic'ed (Interrupt wdt timeout on CPU0). 

Core  0 register dump:
MEPC    : 0x403894a2  RA      : 0x40382b54  SP      : 0x3fcb2750  GP      : 0x3fc92000  
TP      : 0x3f825fc0  T0      : 0x7ff00100  T1      : 0x80000000  T2      : 0xffffffff  
S0/FP   : 0x3fc920c0  S1      : 0x00000000  A0      : 0x600080c4  A1      : 0x00000100  
A2      : 0x7ff00000  A3      : 0x600c0048  A4      : 0x600c004c  A5      : 0x60008000  
A6      : 0x60008018  A7      : 0x80000000  S2      : 0x00000008  S3      : 0x00000000  
S4      : 0x00000800  S5      : 0x00000001  S6      : 0x00000000  S7      : 0x00000016  
S8      : 0x00000064  S9      : 0x00000000  S10     : 0x00000000  S11     : 0x00000000  
T3      : 0x60008044  T4      : 0x00000003  T5      : 0x00000000  T6      : 0x00000000  
MSTATUS : 0x00001880  MTVEC   : 0x40380001  MCAUSE  : 0x00000018  MTVAL   : 0x00000000  
MHARTID : 0x00000000  

Stack memory:
3fcb2750: 0x00000000 0x3fcaa214 0xdff20570 0x00000001 0x00000001 0x00000140 0x00000003 0x000000a0
3fcb2770: 0x00000000 0x00000000 0x00000003 0x000001ce 0x3c168000 0x3c166000 0x00000001 0x00000001
3fcb2790: 0x00000000 0x00000c02 0x3fc920c0 0x40382c94 0x00000000 0x3fcaa214 0x00000000 0x420088a8
3fcb27b0: 0x00000000 0x00000000 0x00000001 0x00000000 0x00000000 0x00000000 0x3c166000 0x00000001
3fcb27d0: 0x3fcaa000 0x3fcaa214 0x3fc9188e 0x42008c4c 0x00000000 0x00000000 0x00000000 0x00000000
3fcb27f0: 0x00000000 0x00000000 0x00000000 0x00000000 0x3fcaa000 0x3fcaa000 0x3fca2000 0x4203eed0
3fcb2810: 0x00000000 0x00000000 0x00000000 0x00000000 0x00000000 0x00000000 0x00000000 0x00000000
3fcb2830: 0x00000000 0x00000000 0x00000000 0x5b2b88f9 0x00000000 0x00000000 0x00000000 0x00000000
3fcb2850: 0x00000000 0x3fcaa000 0x00000000 0x420961aa 0x00000000 0x00000000 0x00000000 0x4038d822
3fcb2870: 0x00000000 0x00000000 0x00000000 0x00000000 0x00000000 0xa5a5a5a5 0xa5a5a5a5 0xa5a5a5a5
3fcb2890: 0xa5a5a5a5 0xa5a5a5a5 0xa5a5a5a5 0xbaad5678 0x00000160 0xabba1234 0x00000154 0x3fcb2700
3fcb28b0: 0x00000030 0x3fca608c 0x3fca608c 0x3fcb28ac 0x3fca6084 0x00000018 0x00000000 0x00000000
3fcb28d0: 0x3fcb28ac 0x00000000 0x00000001 0x3fcb089c 0x706f6f6c 0x6b736154 0x00000000 0x00000000
3fcb28f0: 0x00000000 0x3fcb2890 0x00000001 0x00000001 0x00000000 0x00000000 0x00000000 0x3fcabe44
3fcb2910: 0x3fcabeac 0x3fcabf14 0x00000000 0x00000000 0x00000001 0x00000000 0x00000000 0x00000000
3fcb2930: 0x42141012 0x00000000 0x00000000 0x00000000 0x00000000 0x00000000 0x00000000 0x00000000
3fcb2950: 0x00000000 0x00000000 0x00000000 0x00000000 0x00000000 0x00000000 0x00000000 0x00000000
3fcb2970: 0x00000000 0x00000000 0x00000000 0x00000000 0x00000000 0x00000000 0x00000000 0x00000000
3fcb2990: 0x00000000 0x00000000 0x00000000 0x00000000 0x00000000 0x00000000 0x00000000 0x00000000
3fcb29b0: 0x00000000 0x00000000 0x00000000 0x00000000 0x00000000 0x00000000 0x00000000 0x00000000
3fcb29d0: 0x00000000 0x00000000 0x00000000 0x00000000 0x00000000 0x00000000 0x00000000 0x00000000
3fcb29f0: 0x00000000 0x00000000 0x00000000 0x00000000 0xbaad5678 0x00029d05 0x3fcab794 0x3fcab794
3fcb2a10: 0x00000000 0x00000000 0x00000000 0x00000000 0x00000000 0x00000000 0x00000000 0x00000000
3fcb2a30: 0x00000000 0x00000000 0x00000000 0x00000000 0x00000000 0x00000000 0x00000000 0x00000000
3fcb2a50: 0x00000000 0x00000000 0x00000000 0x00000000 0x00000000 0x00000000 0x00000000 0x00000000
3fcb2a70: 0x00000000 0x00000000 0x00000000 0x00000000 0x00000000 0x00000000 0x00000000 0x00000000
3fcb2a90: 0x00000000 0x00000000 0x00000000 0x00000000 0x00000000 0x00000000 0x00000000 0x00000000
3fcb2ab0: 0x00000000 0x00000000 0x00000000 0x00000000 0x00000000 0x00000000 0x00000000 0x00000000
3fcb2ad0: 0x00000000 0x00000000 0x00000000 0x00000000 0x00000000 0x00000000 0x00000000 0x00000000
3fcb2af0: 0x00000000 0x00000000 0x00000000 0x00000000 0x00000000 0x00000000 0x00000000 0x00000000
3fcb2b10: 0x00000000 0x00000000 0x00000000 0x00000000 0x00000000 0x00000000 0x00000000 0x00000000
3fcb2b30: 0x00000000 0x00000000 0x00000000 0x00000000 0x00000000 0x00000000 0x00000000 0x00000000



ELF file SHA256: e3a78975f126ad0a

Rebooting...
[INFO  machine] Restarting emulator...
[INFO  machine] ROM ELF: 4468 symbols loaded
[INFO  machine] ROM ELF loaded, 15 functions patched for interception
[INFO  machine] CPU reset at ROM entry: PC=0x40000000, SP=0x3FCDE710
[INFO  machine] Emulator restarted (chip=esp32c3)
ESP-ROM:esp32c3-api1-20210207
Build:Feb  7 2021
rst:0x3 (RTC_SW_SYS_RST),boot:0x8 (SPI_FAST_FLASH_BOOT)
SPIWP:0xee
mode:DIO, clock div:1
load:0x3fcd5810,len:0x38c
load:0x403cc710,len:0x6a0
load:0x403ce710,len:0x2624
entry 0x403cc710
Guru Meditation Error: Core  0 panic'ed (Interrupt wdt timeout on CPU0). 

Core  0 register dump:
MEPC    : 0x403894a2  RA      : 0x40382b54  SP      : 0x3fcb2750  GP      : 0x3fc92000  
TP      : 0x3f825fc0  T0      : 0x7ff00100  T1      : 0x80000000  T2      : 0xffffffff  
S0/FP   : 0x3fc920c0  S1      : 0x00000000  A0      : 0x600080c4  A1      : 0x00000100  
A2      : 0x7ff00000  A3      : 0x600c0048  A4      : 0x600c004c  A5      : 0x60008000  
A6      : 0x60008018  A7      : 0x80000000  S2      : 0x00000008  S3      : 0x00000000  
S4      : 0x00000800  S5      : 0x00000001  S6      : 0x00000000  S7      : 0x00000016  
S8      : 0x00000064  S9      : 0x00000000  S10     : 0x00000000  S11     : 0x00000000  
T3      : 0x60008044  T4      : 0x00000003  T5      : 0x00000000  T6      : 0x00000000  
MSTATUS : 0x00001880  MTVEC   : 0x40380001  MCAUSE  : 0x00000018  MTVAL   : 0x00000000  
MHARTID : 0x00000000  

Stack memory:
3fcb2750: 0x00000000 0x3fcaa214 0xdff20570 0x00000001 0x00000001 0x00000140 0x00000003 0x000000a0
3fcb2770: 0x00000000 0x00000000 0x00000004 0x000001ce 0x3c168000 0x3c166000 0x00000001 0x00000001
3fcb2790: 0x00000000 0x00000c02 0x3fc920c0 0x40382c94 0x00000000 0x3fcaa214 0x00000000 0x420088a8
3fcb27b0: 0x00000000 0x00000000 0x00000001 0x00000000 0x00000000 0x00000000 0x3c166000 0x00000001
3fcb27d0: 0x3fcaa000 0x3fcaa214 0x3fc9188e 0x42008c4c 0x00000000 0x00000000 0x00000000 0x00000000
3fcb27f0: 0x00000000 0x00000000 0x00000000 0x00000000 0x3fcaa000 0x3fcaa000 0x3fca2000 0x4203eed0
3fcb2810: 0x00000000 0x00000000 0x00000000 0x00000000 0x00000000 0x00000000 0x00000000 0x00000000
3fcb2830: 0x00000000 0x00000000 0x00000000 0xc4e70594 0x00000000 0x00000000 0x00000000 0x00000000
3fcb2850: 0x00000000 0x3fcaa000 0x00000000 0x420961aa 0x00000000 0x00000000 0x00000000 0x4038d822
3fcb2870: 0x00000000 0x00000000 0x00000000 0x00000000 0x00000000 0xa5a5a5a5 0xa5a5a5a5 0xa5a5a5a5
3fcb2890: 0xa5a5a5a5 0xa5a5a5a5 0xa5a5a5a5 0xbaad5678 0x00000160 0xabba1234 0x00000154 0x3fcb2700
3fcb28b0: 0x00000030 0x3fca608c 0x3fca608c 0x3fcb28ac 0x3fca6084 0x00000018 0x00000000 0x00000000
3fcb28d0: 0x3fcb28ac 0x00000000 0x00000001 0x3fcb089c 0x706f6f6c 0x6b736154 0x00000000 0x00000000
3fcb28f0: 0x00000000 0x3fcb2890 0x00000001 0x00000001 0x00000000 0x00000000 0x00000000 0x3fcabe44
3fcb2910: 0x3fcabeac 0x3fcabf14 0x00000000 0x00000000 0x00000001 0x00000000 0x00000000 0x00000000
3fcb2930: 0x42141012 0x00000000 0x00000000 0x00000000 0x00000000 0x00000000 0x00000000 0x00000000
3fcb2950: 0x00000000 0x00000000 0x00000000 0x00000000 0x00000000 0x00000000 0x00000000 0x00000000
3fcb2970: 0x00000000 0x00000000 0x00000000 0x00000000 0x00000000 0x00000000 0x00000000 0x00000000
3fcb2990: 0x00000000 0x00000000 0x00000000 0x00000000 0x00000000 0x00000000 0x00000000 0x00000000
3fcb29b0: 0x00000000 0x00000000 0x00000000 0x00000000 0x00000000 0x00000000 0x00000000 0x00000000
3fcb29d0: 0x00000000 0x00000000 0x00000000 0x00000000 0x00000000 0x00000000 0x00000000 0x00000000
3fcb29f0: 0x00000000 0x00000000 0x00000000 0x00000000 0xbaad5678 0x00029d05 0x3fcab794 0x3fcab794
3fcb2a10: 0x00000000 0x00000000 0x00000000 0x00000000 0x00000000 0x00000000 0x00000000 0x00000000
3fcb2a30: 0x00000000 0x00000000 0x00000000 0x00000000 0x00000000 0x00000000 0x00000000 0x00000000
3fcb2a50: 0x00000000 0x00000000 0x00000000 0x00000000 0x00000000 0x00000000 0x00000000 0x00000000
3fcb2a70: 0x00000000 0x00000000 0x00000000 0x00000000 0x00000000 0x00000000 0x00000000 0x00000000
3fcb2a90: 0x00000000 0x00000000 0x00000000 0x00000000 0x00000000 0x00000000 0x00000000 0x00000000
3fcb2ab0: 0x00000000 0x00000000 0x00000000 0x00000000 0x00000000 0x00000000 0x00000000 0x00000000
3fcb2ad0: 0x00000000 0x00000000 0x00000000 0x00000000 0x00000000 0x00000000 0x00000000 0x00000000
3fcb2af0: 0x00000000 0x00000000 0x00000000 0x00000000 0x00000000 0x00000000 0x00000000 0x00000000
3fcb2b10: 0x00000000 0x00000000 0x00000000 0x00000000 0x00000000 0x00000000 0x00000000 0x00000000
3fcb2b30: 0x00000000 0x00000000 0x00000000 0x00000000 0x00000000 0x00000000 0x00000000 0x00000000



ELF file SHA256: e3a78975f126ad0a

Rebooting...
[INFO  machine] Restarting emulator...
[INFO  machine] ROM ELF: 4468 symbols loaded
[INFO  machine] ROM ELF loaded, 15 functions patched for interception
[INFO  machine] CPU reset at ROM entry: PC=0x40000000, SP=0x3FCDE710
[INFO  machine] Emulator restarted (chip=esp32c3)
ESP-ROM:esp32c3-api1-20210207
Build:Feb  7 2021
rst:0x3 (RTC_SW_SYS_RST),boot:0x8 (SPI_FAST_FLASH_BOOT)
SPIWP:0xee
mode:DIO, clock div:1
load:0x3fcd5810,len:0x38c
load:0x403cc710,len:0x6a0
load:0x403ce710,len:0x2624
entry 0x403cc710
Guru Meditation Error: Core  0 panic'ed (Interrupt wdt timeout on CPU0). 

Core  0 register dump:
MEPC    : 0x403894a2  RA      : 0x40382b54  SP      : 0x3fcb2750  GP      : 0x3fc92000  
TP      : 0x3f825fc0  T0      : 0x7ff00100  T1      : 0x80000000  T2      : 0xffffffff  
S0/FP   : 0x3fc920c0  S1      : 0x00000000  A0      : 0x600080c4  A1      : 0x00000100  
A2      : 0x7ff00000  A3      : 0x600c0048  A4      : 0x600c004c  A5      : 0x60008000  
A6      : 0x60008018  A7      : 0x80000000  S2      : 0x00000008  S3      : 0x00000000  
S4      : 0x00000800  S5      : 0x00000001  S6      : 0x00000000  S7      : 0x00000016  
S8      : 0x00000064  S9      : 0x00000000  S10     : 0x00000000  S11     : 0x00000000  
T3      : 0x60008044  T4      : 0x00000003  T5      : 0x00000000  T6      : 0x00000000  
MSTATUS : 0x00001880  MTVEC   : 0x40380001  MCAUSE  : 0x00000018  MTVAL   : 0x00000000  
MHARTID : 0x00000000  

Stack memory:
3fcb2750: 0x00000000 0x3fcaa214 0xdff20570 0x00000001 0x00000001 0x00000140 0x00000003 0x000000a0
3fcb2770: 0x00000000 0x00000000 0x00000004 0x000001ce 0x3c168000 0x3c166000 0x00000001 0x00000001
3fcb2790: 0x00000000 0x00000c02 0x3fc920c0 0x40382c94 0x00000000 0x3fcaa214 0x00000000 0x420088a8
3fcb27b0: 0x00000000 0x00000000 0x00000001 0x00000000 0x00000000 0x00000000 0x3c166000 0x00000001
3fcb27d0: 0x3fcaa000 0x3fcaa214 0x3fc9188e 0x42008c4c 0x00000000 0x00000000 0x00000000 0x00000000
3fcb27f0: 0x00000000 0x00000000 0x00000000 0x00000000 0x3fcaa000 0x3fcaa000 0x3fca2000 0x4203eed0
3fcb2810: 0x00000000 0x00000000 0x00000000 0x00000000 0x00000000 0x00000000 0x00000000 0x00000000
3fcb2830: 0x00000000 0x00000000 0x00000000 0x596a07c0 0x00000000 0x00000000 0x00000000 0x00000000
3fcb2850: 0x00000000 0x3fcaa000 0x00000000 0x420961aa 0x00000000 0x00000000 0x00000000 0x4038d822
3fcb2870: 0x00000000 0x00000000 0x00000000 0x00000000 0x00000000 0xa5a5a5a5 0xa5a5a5a5 0xa5a5a5a5
3fcb2890: 0xa5a5a5a5 0xa5a5a5a5 0xa5a5a5a5 0xbaad5678 0x00000160 0xabba1234 0x00000154 0x3fcb2700
3fcb28b0: 0x00000030 0x3fca608c 0x3fca608c 0x3fcb28ac 0x3fca6084 0x00000018 0x00000000 0x00000000
3fcb28d0: 0x3fcb28ac 0x00000000 0x00000001 0x3fcb089c 0x706f6f6c 0x6b736154 0x00000000 0x00000000
3fcb28f0: 0x00000000 0x3fcb2890 0x00000001 0x00000001 0x00000000 0x00000000 0x00000000 0x3fcabe44
3fcb2910: 0x3fcabeac 0x3fcabf14 0x00000000 0x00000000 0x00000001 0x00000000 0x00000000 0x00000000
3fcb2930: 0x42141012 0x00000000 0x00000000 0x00000000 0x00000000 0x00000000 0x00000000 0x00000000
3fcb2950: 0x00000000 0x00000000 0x00000000 0x00000000 0x00000000 0x00000000 0x00000000 0x00000000
3fcb2970: 0x00000000 0x00000000 0x00000000 0x00000000 0x00000000 0x00000000 0x00000000 0x00000000
3fcb2990: 0x00000000 0x00000000 0x00000000 0x00000000 0x00000000 0x00000000 0x00000000 0x00000000
3fcb29b0: 0x00000000 0x00000000 0x00000000 0x00000000 0x00000000 0x00000000 0x00000000 0x00000000
3fcb29d0: 0x00000000 0x00000000 0x00000000 0x00000000 0x00000000 0x00000000 0x00000000 0x00000000
3fcb29f0: 0x00000000 0x00000000 0x00000000 0x00000000 0xbaad5678 0x00029d05 0x3fcab794 0x3fcab794
3fcb2a10: 0x00000000 0x00000000 0x00000000 0x00000000 0x00000000 0x00000000 0x00000000 0x00000000
3fcb2a30: 0x00000000 0x00000000 0x00000000 0x00000000 0x00000000 0x00000000 0x00000000 0x00000000
3fcb2a50: 0x00000000 0x00000000 0x00000000 0x00000000 0x00000000 0x00000000 0x00000000 0x00000000
3fcb2a70: 0x00000000 0x00000000 0x00000000 0x00000000 0x00000000 0x00000000 0x00000000 0x00000000
3fcb2a90: 0x00000000 0x00000000 0x00000000 0x00000000 0x00000000 0x00000000 0x00000000 0x00000000
3fcb2ab0: 0x00000000 0x00000000 0x00000000 0x00000000 0x00000000 0x00000000 0x00000000 0x00000000
3fcb2ad0: 0x00000000 0x00000000 0x00000000 0x00000000 0x00000000 0x00000000 0x00000000 0x00000000
3fcb2af0: 0x00000000 0x00000000 0x00000000 0x00000000 0x00000000 0x00000000 0x00000000 0x00000000
3fcb2b10: 0x00000000 0x00000000 0x00000000 0x00000000 0x00000000 0x00000000 0x00000000 0x00000000
3fcb2b30: 0x00000000 0x00000000 0x00000000 0x00000000 0x00000000 0x00000000 0x00000000 0x00000000



ELF file SHA256: e3a78975f126ad0a

Rebooting...
[INFO  machine] Restarting emulator...
[INFO  machine] ROM ELF: 4468 symbols loaded
[INFO  machine] ROM ELF loaded, 15 functions patched for interception
[INFO  machine] CPU reset at ROM entry: PC=0x40000000, SP=0x3FCDE710
[INFO  machine] Emulator restarted (chip=esp32c3)
ESP-ROM:esp32c3-api1-20210207
Build:Feb  7 2021
rst:0x3 (RTC_SW_SYS_RST),boot:0x8 (SPI_FAST_FLASH_BOOT)
SPIWP:0xee
mode:DIO, clock div:1
load:0x3fcd5810,len:0x38c
load:0x403cc710,len:0x6a0
load:0x403ce710,len:0x2624
entry 0x403cc710
Guru Meditation Error: Core  0 panic'ed (Interrupt wdt timeout on CPU0). 

Core  0 register dump:
MEPC    : 0x403894a2  RA      : 0x40382b54  SP      : 0x3fcb2750  GP      : 0x3fc92000  
TP      : 0x3f825fc0  T0      : 0x7ff00100  T1      : 0x80000000  T2      : 0xffffffff  
S0/FP   : 0x3fc920c0  S1      : 0x00000000  A0      : 0x600080c4  A1      : 0x00000100  
A2      : 0x7ff00000  A3      : 0x600c0048  A4      : 0x600c004c  A5      : 0x60008000  
A6      : 0x60008018  A7      : 0x80000000  S2      : 0x00000008  S3      : 0x00000000  
S4      : 0x00000800  S5      : 0x00000001  S6      : 0x00000000  S7      : 0x00000016  
S8      : 0x00000064  S9      : 0x00000000  S10     : 0x00000000  S11     : 0x00000000  
T3      : 0x60008044  T4      : 0x00000003  T5      : 0x00000000  T6      : 0x00000000  
MSTATUS : 0x00001880  MTVEC   : 0x40380001  MCAUSE  : 0x00000018  MTVAL   : 0x00000000  
MHARTID : 0x00000000  

Stack memory:
3fcb2750: 0x00000000 0x3fcaa214 0xdff20570 0x00000001 0x00000001 0x00000140 0x00000003 0x000000a0
3fcb2770: 0x00000000 0x00000000 0x00000005 0x000001ce 0x3c168000 0x3c166000 0x00000001 0x00000001
3fcb2790: 0x00000000 0x00000c02 0x3fc920c0 0x40382c94 0x00000000 0x3fcaa214 0x00000000 0x420088a8
3fcb27b0: 0x00000000 0x00000000 0x00000001 0x00000000 0x00000000 0x00000000 0x3c166000 0x00000001
3fcb27d0: 0x3fcaa000 0x3fcaa214 0x3fc9188e 0x42008c4c 0x00000000 0x00000000 0x00000000 0x00000000
3fcb27f0: 0x00000000 0x00000000 0x00000000 0x00000000 0x3fcaa000 0x3fcaa000 0x3fca2000 0x4203eed0
3fcb2810: 0x00000000 0x00000000 0x00000000 0x00000000 0x00000000 0x00000000 0x00000000 0x00000000
3fcb2830: 0x00000000 0x00000000 0x00000000 0xa48fb269 0x00000000 0x00000000 0x00000000 0x00000000
3fcb2850: 0x00000000 0x3fcaa000 0x00000000 0x420961aa 0x00000000 0x00000000 0x00000000 0x4038d822
3fcb2870: 0x00000000 0x00000000 0x00000000 0x00000000 0x00000000 0xa5a5a5a5 0xa5a5a5a5 0xa5a5a5a5
3fcb2890: 0xa5a5a5a5 0xa5a5a5a5 0xa5a5a5a5 0xbaad5678 0x00000160 0xabba1234 0x00000154 0x3fcb2700
3fcb28b0: 0x00000030 0x3fca608c 0x3fca608c 0x3fcb28ac 0x3fca6084 0x00000018 0x00000000 0x00000000
3fcb28d0: 0x3fcb28ac 0x00000000 0x00000001 0x3fcb089c 0x706f6f6c 0x6b736154 0x00000000 0x00000000
3fcb28f0: 0x00000000 0x3fcb2890 0x00000001 0x00000001 0x00000000 0x00000000 0x00000000 0x3fcabe44
3fcb2910: 0x3fcabeac 0x3fcabf14 0x00000000 0x00000000 0x00000001 0x00000000 0x00000000 0x00000000
3fcb2930: 0x42141012 0x00000000 0x00000000 0x00000000 0x00000000 0x00000000 0x00000000 0x00000000
3fcb2950: 0x00000000 0x00000000 0x00000000 0x00000000 0x00000000 0x00000000 0x00000000 0x00000000
3fcb2970: 0x00000000 0x00000000 0x00000000 0x00000000 0x00000000 0x00000000 0x00000000 0x00000000
3fcb2990: 0x00000000 0x00000000 0x00000000 0x00000000 0x00000000 0x00000000 0x00000000 0x00000000
3fcb29b0: 0x00000000 0x00000000 0x00000000 0x00000000 0x00000000 0x00000000 0x00000000 0x00000000
3fcb29d0: 0x00000000 0x00000000 0x00000000 0x00000000 0x00000000 0x00000000 0x00000000 0x00000000
3fcb29f0: 0x00000000 0x00000000 0x00000000 0x00000000 0xbaad5678 0x00029d05 0x3fcab794 0x3fcab794
3fcb2a10: 0x00000000 0x00000000 0x00000000 0x00000000 0x00000000 0x00000000 0x00000000 0x00000000
3fcb2a30: 0x00000000 0x00000000 0x00000000 0x00000000 0x00000000 0x00000000 0x00000000 0x00000000
3fcb2a50: 0x00000000 0x00000000 0x00000000 0x00000000 0x00000000 0x00000000 0x00000000 0x00000000
3fcb2a70: 0x00000000 0x00000000 0x00000000 0x00000000 0x00000000 0x00000000 0x00000000 0x00000000
3fcb2a90: 0x00000000 0x00000000 0x00000000 0x00000000 0x00000000 0x00000000 0x00000000 0x00000000
3fcb2ab0: 0x00000000 0x00000000 0x00000000 0x00000000 0x00000000 0x00000000 0x00000000 0x00000000
3fcb2ad0: 0x00000000 0x00000000 0x00000000 0x00000000 0x00000000 0x00000000 0x00000000 0x00000000
3fcb2af0: 0x00000000 0x00000000 0x00000000 0x00000000 0x00000000 0x00000000 0x00000000 0x00000000
3fcb2b10: 0x00000000 0x00000000 0x00000000 0x00000000 0x00000000 0x00000000 0x00000000 0x00000000
3fcb2b30: 0x00000000 0x00000000 0x00000000 0x00000000 0x00000000 0x00000000 0x00000000 0x00000000



ELF file SHA256: e3a78975f126ad0a

Rebooting...
[INFO  machine] Restarting emulator...
[INFO  machine] ROM ELF: 4468 symbols loaded
[INFO  machine] ROM ELF loaded, 15 functions patched for interception
[INFO  machine] CPU reset at ROM entry: PC=0x40000000, SP=0x3FCDE710
[INFO  machine] Emulator restarted (chip=esp32c3)
ESP-ROM:esp32c3-api1-20210207
Build:Feb  7 2021
rst:0x3 (RTC_SW_SYS_RST),boot:0x8 (SPI_FAST_FLASH_BOOT)
SPIWP:0xee
mode:DIO, clock div:1
load:0x3fcd5810,len:0x38c
load:0x403cc710,len:0x6a0
load:0x403ce710,len:0x2624
entry 0x403cc710
Guru Meditation Error: Core  0 panic'ed (Interrupt wdt timeout on CPU0). 

Core  0 register dump:
MEPC    : 0x403894a2  RA      : 0x40382b54  SP      : 0x3fcb2750  GP      : 0x3fc92000  
TP      : 0x3f825fc0  T0      : 0x7ff00100  T1      : 0x80000000  T2      : 0xffffffff  
S0/FP   : 0x3fc920c0  S1      : 0x00000000  A0      : 0x600080c4  A1      : 0x00000100  
A2      : 0x7ff00000  A3      : 0x600c0048  A4      : 0x600c004c  A5      : 0x60008000  
A6      : 0x60008018  A7      : 0x80000000  S2      : 0x00000008  S3      : 0x00000000  
S4      : 0x00000800  S5      : 0x00000001  S6      : 0x00000000  S7      : 0x00000016  
S8      : 0x00000064  S9      : 0x00000000  S10     : 0x00000000  S11     : 0x00000000  
T3      : 0x60008044  T4      : 0x00000003  T5      : 0x00000000  T6      : 0x00000000  
MSTATUS : 0x00001880  MTVEC   : 0x40380001  MCAUSE  : 0x00000018  MTVAL   : 0x00000000  
MHARTID : 0x00000000  

Stack memory:
3fcb2750: 0x00000000 0x3fcaa214 0xdff20570 0x00000001 0x00000001 0x00000140 0x00000003 0x000000a0
3fcb2770: 0x00000000 0x00000000 0x00000005 0x000001ce 0x3c168000 0x3c166000 0x00000001 0x00000001
3fcb2790: 0x00000000 0x00000c02 0x3fc920c0 0x40382c94 0x00000000 0x3fcaa214 0x00000000 0x420088a8
3fcb27b0: 0x00000000 0x00000000 0x00000001 0x00000000 0x00000000 0x00000000 0x3c166000 0x00000001
3fcb27d0: 0x3fcaa000 0x3fcaa214 0x3fc9188e 0x42008c4c 0x00000000 0x00000000 0x00000000 0x00000000
3fcb27f0: 0x00000000 0x00000000 0x00000000 0x00000000 0x3fcaa000 0x3fcaa000 0x3fca2000 0x4203eed0
3fcb2810: 0x00000000 0x00000000 0x00000000 0x00000000 0x00000000 0x00000000 0x00000000 0x00000000
3fcb2830: 0x00000000 0x00000000 0x00000000 0x10b18568 0x00000000 0x00000000 0x00000000 0x00000000
3fcb2850: 0x00000000 0x3fcaa000 0x00000000 0x420961aa 0x00000000 0x00000000 0x00000000 0x4038d822
3fcb2870: 0x00000000 0x00000000 0x00000000 0x00000000 0x00000000 0xa5a5a5a5 0xa5a5a5a5 0xa5a5a5a5
3fcb2890: 0xa5a5a5a5 0xa5a5a5a5 0xa5a5a5a5 0xbaad5678 0x00000160 0xabba1234 0x00000154 0x3fcb2700
3fcb28b0: 0x00000030 0x3fca608c 0x3fca608c 0x3fcb28ac 0x3fca6084 0x00000018 0x00000000 0x00000000
3fcb28d0: 0x3fcb28ac 0x00000000 0x00000001 0x3fcb089c 0x706f6f6c 0x6b736154 0x00000000 0x00000000
3fcb28f0: 0x00000000 0x3fcb2890 0x00000001 0x00000001 0x00000000 0x00000000 0x00000000 0x3fcabe44
3fcb2910: 0x3fcabeac 0x3fcabf14 0x00000000 0x00000000 0x00000001 0x00000000 0x00000000 0x00000000
3fcb2930: 0x42141012 0x00000000 0x00000000 0x00000000 0x00000000 0x00000000 0x00000000 0x00000000
3fcb2950: 0x00000000 0x00000000 0x00000000 0x00000000 0x00000000 0x00000000 0x00000000 0x00000000
3fcb2970: 0x00000000 0x00000000 0x00000000 0x00000000 0x00000000 0x00000000 0x00000000 0x00000000
3fcb2990: 0x00000000 0x00000000 0x00000000 0x00000000 0x00000000 0x00000000 0x00000000 0x00000000
3fcb29b0: 0x00000000 0x00000000 0x00000000 0x00000000 0x00000000 0x00000000 0x00000000 0x00000000
3fcb29d0: 0x00000000 0x00000000 0x00000000 0x00000000 0x00000000 0x00000000 0x00000000 0x00000000
3fcb29f0: 0x00000000 0x00000000 0x00000000 0x00000000 0xbaad5678 0x00029d05 0x3fcab794 0x3fcab794
3fcb2a10: 0x00000000 0x00000000 0x00000000 0x00000000 0x00000000 0x00000000 0x00000000 0x00000000
3fcb2a30: 0x00000000 0x00000000 0x00000000 0x00000000 0x00000000 0x00000000 0x00000000 0x00000000
3fcb2a50: 0x00000000 0x00000000 0x00000000 0x00000000 0x00000000 0x00000000 0x00000000 0x00000000
3fcb2a70: 0x00000000 0x00000000 0x00000000 0x00000000 0x00000000 0x00000000 0x00000000 0x00000000
3fcb2a90: 0x00000000 0x00000000 0x00000000 0x00000000 0x00000000 0x00000000 0x00000000 0x00000000
3fcb2ab0: 0x00000000 0x00000000 0x00000000 0x00000000 0x00000000 0x00000000 0x00000000 0x00000000
3fcb2ad0: 0x00000000 0x00000000 0x00000000 0x00000000 0x00000000 0x00000000 0x00000000 0x00000000
3fcb2af0: 0x00000000 0x00000000 0x00000000 0x00000000 0x00000000 0x00000000 0x00000000 0x00000000
3fcb2b10: 0x00000000 0x00000000 0x00000000 0x00000000 0x00000000 0x00000000 0x00000000 0x00000000
3fcb2b30: 0x00000000 0x00000000 0x00000000 0x00000000 0x00000000 0x00000000 0x00000000 0x00000000



ELF file SHA256: e3a78975f126ad0a

Rebooting...
[INFO  machine] Restarting emulator...
[INFO  machine] ROM ELF: 4468 symbols loaded
[INFO  machine] ROM ELF loaded, 15 functions patched for interception
[INFO  machine] CPU reset at ROM entry: PC=0x40000000, SP=0x3FCDE710
[INFO  machine] Emulator restarted (chip=esp32c3)
ESP-ROM:esp32c3-api1-20210207
Build:Feb  7 2021
rst:0x3 (RTC_SW_SYS_RST),boot:0x8 (SPI_FAST_FLASH_BOOT)
SPIWP:0xee
mode:DIO, clock div:1
load:0x3fcd5810,len:0x38c
load:0x403cc710,len:0x6a0
load:0x403ce710,len:0x2624
entry 0x403cc710
Guru Meditation Error: Core  0 panic'ed (Interrupt wdt timeout on CPU0). 

Core  0 register dump:
MEPC    : 0x403894a2  RA      : 0x40382b54  SP      : 0x3fcb2750  GP      : 0x3fc92000  
TP      : 0x3f825fc0  T0      : 0x7ff00100  T1      : 0x80000000  T2      : 0xffffffff  
S0/FP   : 0x3fc920c0  S1      : 0x00000000  A0      : 0x600080c4  A1      : 0x00000100  
A2      : 0x7ff00000  A3      : 0x600c0048  A4      : 0x600c004c  A5      : 0x60008000  
A6      : 0x60008018  A7      : 0x80000000  S2      : 0x00000008  S3      : 0x00000000  
S4      : 0x00000800  S5      : 0x00000001  S6      : 0x00000000  S7      : 0x00000016  
S8      : 0x00000064  S9      : 0x00000000  S10     : 0x00000000  S11     : 0x00000000  
T3      : 0x60008044  T4      : 0x00000003  T5      : 0x00000000  T6      : 0x00000000  
MSTATUS : 0x00001880  MTVEC   : 0x40380001  MCAUSE  : 0x00000018  MTVAL   : 0x00000000  
MHARTID : 0x00000000  

Stack memory:
3fcb2750: 0x00000000 0x3fcaa214 0xdff20570 0x00000001 0x00000001 0x00000140 0x00000003 0x000000a0
3fcb2770: 0x00000000 0x00000000 0x00000005 0x000001ce 0x3c168000 0x3c166000 0x00000001 0x00000001
3fcb2790: 0x00000000 0x00000c02 0x3fc920c0 0x40382c94 0x00000000 0x3fcaa214 0x00000000 0x420088a8
3fcb27b0: 0x00000000 0x00000000 0x00000001 0x00000000 0x00000000 0x00000000 0x3c166000 0x00000001
3fcb27d0: 0x3fcaa000 0x3fcaa214 0x3fc9188e 0x42008c4c 0x00000000 0x00000000 0x00000000 0x00000000
3fcb27f0: 0x00000000 0x00000000 0x00000000 0x00000000 0x3fcaa000 0x3fcaa000 0x3fca2000 0x4203eed0
3fcb2810: 0x00000000 0x00000000 0x00000000 0x00000000 0x00000000 0x00000000 0x00000000 0x00000000
3fcb2830: 0x00000000 0x00000000 0x00000000 0x654bfbd3 0x00000000 0x00000000 0x00000000 0x00000000
3fcb2850: 0x00000000 0x3fcaa000 0x00000000 0x420961aa 0x00000000 0x00000000 0x00000000 0x4038d822
3fcb2870: 0x00000000 0x00000000 0x00000000 0x00000000 0x00000000 0xa5a5a5a5 0xa5a5a5a5 0xa5a5a5a5
3fcb2890: 0xa5a5a5a5 0xa5a5a5a5 0xa5a5a5a5 0xbaad5678 0x00000160 0xabba1234 0x00000154 0x3fcb2700
3fcb28b0: 0x00000030 0x3fca608c 0x3fca608c 0x3fcb28ac 0x3fca6084 0x00000018 0x00000000 0x00000000
3fcb28d0: 0x3fcb28ac 0x00000000 0x00000001 0x3fcb089c 0x706f6f6c 0x6b736154 0x00000000 0x00000000
3fcb28f0: 0x00000000 0x3fcb2890 0x00000001 0x00000001 0x00000000 0x00000000 0x00000000 0x3fcabe44
3fcb2910: 0x3fcabeac 0x3fcabf14 0x00000000 0x00000000 0x00000001 0x00000000 0x00000000 0x00000000
3fcb2930: 0x42141012 0x00000000 0x00000000 0x00000000 0x00000000 0x00000000 0x00000000 0x00000000
3fcb2950: 0x00000000 0x00000000 0x00000000 0x00000000 0x00000000 0x00000000 0x00000000 0x00000000
3fcb2970: 0x00000000 0x00000000 0x00000000 0x00000000 0x00000000 0x00000000 0x00000000 0x00000000
3fcb2990: 0x00000000 0x00000000 0x00000000 0x00000000 0x00000000 0x00000000 0x00000000 0x00000000
3fcb29b0: 0x00000000 0x00000000 0x00000000 0x00000000 0x00000000 0x00000000 0x00000000 0x00000000
3fcb29d0: 0x00000000 0x00000000 0x00000000 0x00000000 0x00000000 0x00000000 0x00000000 0x00000000
3fcb29f0: 0x00000000 0x00000000 0x00000000 0x00000000 0xbaad5678 0x00029d05 0x3fcab794 0x3fcab794
3fcb2a10: 0x00000000 0x00000000 0x00000000 0x00000000 0x00000000 0x00000000 0x00000000 0x00000000
3fcb2a30: 0x00000000 0x00000000 0x00000000 0x00000000 0x00000000 0x00000000 0x00000000 0x00000000
3fcb2a50: 0x00000000 0x00000000 0x00000000 0x00000000 0x00000000 0x00000000 0x00000000 0x00000000
3fcb2a70: 0x00000000 0x00000000 0x00000000 0x00000000 0x00000000 0x00000000 0x00000000 0x00000000
3fcb2a90: 0x00000000 0x00000000 0x00000000 0x00000000 0x00000000 0x00000000 0x00000000 0x00000000
3fcb2ab0: 0x00000000 0x00000000 0x00000000 0x00000000 0x00000000 0x00000000 0x00000000 0x00000000
3fcb2ad0: 0x00000000 0x00000000 0x00000000 0x00000000 0x00000000 0x00000000 0x00000000 0x00000000
3fcb2af0: 0x00000000 0x00000000 0x00000000 0x00000000 0x00000000 0x00000000 0x00000000 0x00000000
3fcb2b10: 0x00000000 0x00000000 0x00000000 0x00000000 0x00000000 0x00000000 0x00000000 0x00000000
3fcb2b30: 0x00000000 0x00000000 0x00000000 0x00000000 0x00000000 0x00000000 0x00000000 0x00000000



ELF file SHA256: e3a78975f126ad0a

Rebooting...
[INFO  machine] Restarting emulator...
[INFO  machine] ROM ELF: 4468 symbols loaded
[INFO  machine] ROM ELF loaded, 15 functions patched for interception
[INFO  machine] CPU reset at ROM entry: PC=0x40000000, SP=0x3FCDE710
[INFO  machine] Emulator restarted (chip=esp32c3)
ESP-ROM:esp32c3-api1-20210207
Build:Feb  7 2021
rst:0x3 (RTC_SW_SYS_RST),boot:0x8 (SPI_FAST_FLASH_BOOT)
SPIWP:0xee
mode:DIO, clock div:1
load:0x3fcd5810,len:0x38c
load:0x403cc710,len:0x6a0
load:0x403ce710,len:0x2624
entry 0x403cc710
Guru Meditation Error: Core  0 panic'ed (Interrupt wdt timeout on CPU0). 

Core  0 register dump:
MEPC    : 0x403894a2  RA      : 0x40382b54  SP      : 0x3fcb2750  GP      : 0x3fc92000  
TP      : 0x3f825fc0  T0      : 0x7ff00100  T1      : 0x80000000  T2      : 0xffffffff  
S0/FP   : 0x3fc920c0  S1      : 0x00000000  A0      : 0x600080c4  A1      : 0x00000100  
A2      : 0x7ff00000  A3      : 0x600c0048  A4      : 0x600c004c  A5      : 0x60008000  
A6      : 0x60008018  A7      : 0x80000000  S2      : 0x00000008  S3      : 0x00000000  
S4      : 0x00000800  S5      : 0x00000001  S6      : 0x00000000  S7      : 0x00000016  
S8      : 0x00000064  S9      : 0x00000000  S10     : 0x00000000  S11     : 0x00000000  
T3      : 0x60008044  T4      : 0x00000003  T5      : 0x00000000  T6      : 0x00000000  
MSTATUS : 0x00001880  MTVEC   : 0x40380001  MCAUSE  : 0x00000018  MTVAL   : 0x00000000  
MHARTID : 0x00000000  

Stack memory:
3fcb2750: 0x00000000 0x3fcaa214 0xdff20570 0x00000001 0x00000001 0x00000140 0x00000003 0x000000a0
3fcb2770: 0x00000000 0x00000000 0x00000006 0x000001ce 0x3c168000 0x3c166000 0x00000001 0x00000001
3fcb2790: 0x00000000 0x00000c02 0x3fc920c0 0x40382c94 0x00000000 0x3fcaa214 0x00000000 0x420088a8
3fcb27b0: 0x00000000 0x00000000 0x00000001 0x00000000 0x00000000 0x00000000 0x3c166000 0x00000001
3fcb27d0: 0x3fcaa000 0x3fcaa214 0x3fc9188e 0x42008c4c 0x00000000 0x00000000 0x00000000 0x00000000
3fcb27f0: 0x00000000 0x00000000 0x00000000 0x00000000 0x3fcaa000 0x3fcaa000 0x3fca2000 0x4203eed0
3fcb2810: 0x00000000 0x00000000 0x00000000 0x00000000 0x00000000 0x00000000 0x00000000 0x00000000
3fcb2830: 0x00000000 0x00000000 0x00000000 0x9f377e67 0x00000000 0x00000000 0x00000000 0x00000000
3fcb2850: 0x00000000 0x3fcaa000 0x00000000 0x420961aa 0x00000000 0x00000000 0x00000000 0x4038d822
3fcb2870: 0x00000000 0x00000000 0x00000000 0x00000000 0x00000000 0xa5a5a5a5 0xa5a5a5a5 0xa5a5a5a5
3fcb2890: 0xa5a5a5a5 0xa5a5a5a5 0xa5a5a5a5 0xbaad5678 0x00000160 0xabba1234 0x00000154 0x3fcb2700
3fcb28b0: 0x00000030 0x3fca608c 0x3fca608c 0x3fcb28ac 0x3fca6084 0x00000018 0x00000000 0x00000000
3fcb28d0: 0x3fcb28ac 0x00000000 0x00000001 0x3fcb089c 0x706f6f6c 0x6b736154 0x00000000 0x00000000
3fcb28f0: 0x00000000 0x3fcb2890 0x00000001 0x00000001 0x00000000 0x00000000 0x00000000 0x3fcabe44
3fcb2910: 0x3fcabeac 0x3fcabf14 0x00000000 0x00000000 0x00000001 0x00000000 0x00000000 0x00000000
3fcb2930: 0x42141012 0x00000000 0x00000000 0x00000000 0x00000000 0x00000000 0x00000000 0x00000000
3fcb2950: 0x00000000 0x00000000 0x00000000 0x00000000 0x00000000 0x00000000 0x00000000 0x00000000
3fcb2970: 0x00000000 0x00000000 0x00000000 0x00000000 0x00000000 0x00000000 0x00000000 0x00000000
3fcb2990: 0x00000000 0x00000000 0x00000000 0x00000000 0x00000000 0x00000000 0x00000000 0x00000000
3fcb29b0: 0x00000000 0x00000000 0x00000000 0x00000000 0x00000000 0x00000000 0x00000000 0x00000000
3fcb29d0: 0x00000000 0x00000000 0x00000000 0x00000000 0x00000000 0x00000000 0x00000000 0x00000000
3fcb29f0: 0x00000000 0x00000000 0x00000000 0x00000000 0xbaad5678 0x00029d05 0x3fcab794 0x3fcab794
3fcb2a10: 0x00000000 0x00000000 0x00000000 0x00000000 0x00000000 0x00000000 0x00000000 0x00000000
3fcb2a30: 0x00000000 0x00000000 0x00000000 0x00000000 0x00000000 0x00000000 0x00000000 0x00000000
3fcb2a50: 0x00000000 0x00000000 0x00000000 0x00000000 0x00000000 0x00000000 0x00000000 0x00000000
3fcb2a70: 0x00000000 0x00000000 0x00000000 0x00000000 0x00000000 0x00000000 0x00000000 0x00000000
3fcb2a90: 0x00000000 0x00000000 0x00000000 0x00000000 0x00000000 0x00000000 0x00000000 0x00000000
3fcb2ab0: 0x00000000 0x00000000 0x00000000 0x00000000 0x00000000 0x00000000 0x00000000 0x00000000
3fcb2ad0: 0x00000000 0x00000000 0x00000000 0x00000000 0x00000000 0x00000000 0x00000000 0x00000000
3fcb2af0: 0x00000000 0x00000000 0x00000000 0x00000000 0x00000000 0x00000000 0x00000000 0x00000000
3fcb2b10: 0x00000000 0x00000000 0x00000000 0x00000000 0x00000000 0x00000000 0x00000000 0x00000000
3fcb2b30: 0x00000000 0x00000000 0x00000000 0x00000000 0x00000000 0x00000000 0x00000000 0x00000000



ELF file SHA256: e3a78975f126ad0a

Rebooting...
[INFO  machine] Restarting emulator...
[INFO  machine] ROM ELF: 4468 symbols loaded
[INFO  machine] ROM ELF loaded, 15 functions patched for interception
[INFO  machine] CPU reset at ROM entry: PC=0x40000000, SP=0x3FCDE710
[INFO  machine] Emulator restarted (chip=esp32c3)
ESP-ROM:esp32c3-api1-20210207
Build:Feb  7 2021
rst:0x3 (RTC_SW_SYS_RST),boot:0x8 (SPI_FAST_FLASH_BOOT)
SPIWP:0xee
mode:DIO, clock div:1
load:0x3fcd5810,len:0x38c
load:0x403cc710,len:0x6a0
load:0x403ce710,len:0x2624
entry 0x403cc710
Guru Meditation Error: Core  0 panic'ed (Interrupt wdt timeout on CPU0). 

Core  0 register dump:
MEPC    : 0x403894a2  RA      : 0x40382b54  SP      : 0x3fcb2750  GP      : 0x3fc92000  
TP      : 0x3f825fc0  T0      : 0x7ff00100  T1      : 0x80000000  T2      : 0xffffffff  
S0/FP   : 0x3fc920c0  S1      : 0x00000000  A0      : 0x600080c4  A1      : 0x00000100  
A2      : 0x7ff00000  A3      : 0x600c0048  A4      : 0x600c004c  A5      : 0x60008000  
A6      : 0x60008018  A7      : 0x80000000  S2      : 0x00000008  S3      : 0x00000000  
S4      : 0x00000800  S5      : 0x00000001  S6      : 0x00000000  S7      : 0x00000016  
S8      : 0x00000064  S9      : 0x00000000  S10     : 0x00000000  S11     : 0x00000000  
T3      : 0x60008044  T4      : 0x00000003  T5      : 0x00000000  T6      : 0x00000000  
MSTATUS : 0x00001880  MTVEC   : 0x40380001  MCAUSE  : 0x00000018  MTVAL   : 0x00000000  
MHARTID : 0x00000000  

Stack memory:
3fcb2750: 0x00000000 0x3fcaa214 0xdff20570 0x00000001 0x00000001 0x00000140 0x00000003 0x000000a0
3fcb2770: 0x00000000 0x00000000 0x00000006 0x000001ce 0x3c168000 0x3c166000 0x00000001 0x00000001
3fcb2790: 0x00000000 0x00000c02 0x3fc920c0 0x40382c94 0x00000000 0x3fcaa214 0x00000000 0x420088a8
3fcb27b0: 0x00000000 0x00000000 0x00000001 0x00000000 0x00000000 0x00000000 0x3c166000 0x00000001
3fcb27d0: 0x3fcaa000 0x3fcaa214 0x3fc9188e 0x42008c4c 0x00000000 0x00000000 0x00000000 0x00000000
3fcb27f0: 0x00000000 0x00000000 0x00000000 0x00000000 0x3fcaa000 0x3fcaa000 0x3fca2000 0x4203eed0
3fcb2810: 0x00000000 0x00000000 0x00000000 0x00000000 0x00000000 0x00000000 0x00000000 0x00000000
3fcb2830: 0x00000000 0x00000000 0x00000000 0x84973a7b 0x00000000 0x00000000 0x00000000 0x00000000
3fcb2850: 0x00000000 0x3fcaa000 0x00000000 0x420961aa 0x00000000 0x00000000 0x00000000 0x4038d822
3fcb2870: 0x00000000 0x00000000 0x00000000 0x00000000 0x00000000 0xa5a5a5a5 0xa5a5a5a5 0xa5a5a5a5
3fcb2890: 0xa5a5a5a5 0xa5a5a5a5 0xa5a5a5a5 0xbaad5678 0x00000160 0xabba1234 0x00000154 0x3fcb2700
3fcb28b0: 0x00000030 0x3fca608c 0x3fca608c 0x3fcb28ac 0x3fca6084 0x00000018 0x00000000 0x00000000
3fcb28d0: 0x3fcb28ac 0x00000000 0x00000001 0x3fcb089c 0x706f6f6c 0x6b736154 0x00000000 0x00000000
3fcb28f0: 0x00000000 0x3fcb2890 0x00000001 0x00000001 0x00000000 0x00000000 0x00000000 0x3fcabe44
3fcb2910: 0x3fcabeac 0x3fcabf14 0x00000000 0x00000000 0x00000001 0x00000000 0x00000000 0x00000000
3fcb2930: 0x42141012 0x00000000 0x00000000 0x00000000 0x00000000 0x00000000 0x00000000 0x00000000
3fcb2950: 0x00000000 0x00000000 0x00000000 0x00000000 0x00000000 0x00000000 0x00000000 0x00000000
3fcb2970: 0x00000000 0x00000000 0x00000000 0x00000000 0x00000000 0x00000000 0x00000000 0x00000000
3fcb2990: 0x00000000 0x00000000 0x00000000 0x00000000 0x00000000 0x00000000 0x00000000 0x00000000
3fcb29b0: 0x00000000 0x00000000 0x00000000 0x00000000 0x00000000 0x00000000 0x00000000 0x00000000
3fcb29d0: 0x00000000 0x00000000 0x00000000 0x00000000 0x00000000 0x00000000 0x00000000 0x00000000
3fcb29f0: 0x00000000 0x00000000 0x00000000 0x00000000 0xbaad5678 0x00029d05 0x3fcab794 0x3fcab794
3fcb2a10: 0x00000000 0x00000000 0x00000000 0x00000000 0x00000000 0x00000000 0x00000000 0x00000000
3fcb2a30: 0x00000000 0x00000000 0x00000000 0x00000000 0x00000000 0x00000000 0x00000000 0x00000000
3fcb2a50: 0x00000000 0x00000000 0x00000000 0x00000000 0x00000000 0x00000000 0x00000000 0x00000000
3fcb2a70: 0x00000000 0x00000000 0x00000000 0x00000000 0x00000000 0x00000000 0x00000000 0x00000000
3fcb2a90: 0x00000000 0x00000000 0x00000000 0x00000000 0x00000000 0x00000000 0x00000000 0x00000000
3fcb2ab0: 0x00000000 0x00000000 0x00000000 0x00000000 0x00000000 0x00000000 0x00000000 0x00000000
3fcb2ad0: 0x00000000 0x00000000 0x00000000 0x00000000 0x00000000 0x00000000 0x00000000 0x00000000
3fcb2af0: 0x00000000 0x00000000 0x00000000 0x00000000 0x00000000 0x00000000 0x00000000 0x00000000
3fcb2b10: 0x00000000 0x00000000 0x00000000 0x00000000 0x00000000 0x00000000 0x00000000 0x00000000
3fcb2b30: 0x00000000 0x00000000 0x00000000 0x00000000 0x00000000 0x00000000 0x00000000 0x00000000



ELF file SHA256: e3a78975f126ad0a

Rebooting...
[INFO  machine] Restarting emulator...
[INFO  machine] ROM ELF: 4468 symbols loaded
[INFO  machine] ROM ELF loaded, 15 functions patched for interception
[INFO  machine] CPU reset at ROM entry: PC=0x40000000, SP=0x3FCDE710
[INFO  machine] Emulator restarted (chip=esp32c3)
ESP-ROM:esp32c3-api1-20210207
Build:Feb  7 2021
rst:0x3 (RTC_SW_SYS_RST),boot:0x8 (SPI_FAST_FLASH_BOOT)
SPIWP:0xee
mode:DIO, clock div:1
load:0x3fcd5810,len:0x38c
load:0x403cc710,len:0x6a0
load:0x403ce710,len:0x2624
entry 0x403cc710
Guru Meditation Error: Core  0 panic'ed (Interrupt wdt timeout on CPU0). 

Core  0 register dump:
MEPC    : 0x403894a2  RA      : 0x40382b54  SP      : 0x3fcb2750  GP      : 0x3fc92000  
TP      : 0x3f825fc0  T0      : 0x7ff00100  T1      : 0x80000000  T2      : 0xffffffff  
S0/FP   : 0x3fc920c0  S1      : 0x00000000  A0      : 0x600080c4  A1      : 0x00000100  
A2      : 0x7ff00000  A3      : 0x600c0048  A4      : 0x600c004c  A5      : 0x60008000  
A6      : 0x60008018  A7      : 0x80000000  S2      : 0x00000008  S3      : 0x00000000  
S4      : 0x00000800  S5      : 0x00000001  S6      : 0x00000000  S7      : 0x00000016  
S8      : 0x00000064  S9      : 0x00000000  S10     : 0x00000000  S11     : 0x00000000  
T3      : 0x60008044  T4      : 0x00000003  T5      : 0x00000000  T6      : 0x00000000  
MSTATUS : 0x00001880  MTVEC   : 0x40380001  MCAUSE  : 0x00000018  MTVAL   : 0x00000000  
MHARTID : 0x00000000  

Stack memory:
3fcb2750: 0x00000000 0x3fcaa214 0xdff20570 0x00000001 0x00000001 0x00000140 0x00000003 0x000000a0
3fcb2770: 0x00000000 0x00000000 0x00000007 0x000001ce 0x3c168000 0x3c166000 0x00000001 0x00000001
3fcb2790: 0x00000000 0x00000c02 0x3fc920c0 0x40382c94 0x00000000 0x3fcaa214 0x00000000 0x420088a8
3fcb27b0: 0x00000000 0x00000000 0x00000001 0x00000000 0x00000000 0x00000000 0x3c166000 0x00000001
3fcb27d0: 0x3fcaa000 0x3fcaa214 0x3fc9188e 0x42008c4c 0x00000000 0x00000000 0x00000000 0x00000000
3fcb27f0: 0x00000000 0x00000000 0x00000000 0x00000000 0x3fcaa000 0x3fcaa000 0x3fca2000 0x4203eed0
3fcb2810: 0x00000000 0x00000000 0x00000000 0x00000000 0x00000000 0x00000000 0x00000000 0x00000000
3fcb2830: 0x00000000 0x00000000 0x00000000 0x58c32ccb 0x00000000 0x00000000 0x00000000 0x00000000
3fcb2850: 0x00000000 0x3fcaa000 0x00000000 0x420961aa 0x00000000 0x00000000 0x00000000 0x4038d822
3fcb2870: 0x00000000 0x00000000 0x00000000 0x00000000 0x00000000 0xa5a5a5a5 0xa5a5a5a5 0xa5a5a5a5
3fcb2890: 0xa5a5a5a5 0xa5a5a5a5 0xa5a5a5a5 0xbaad5678 0x00000160 0xabba1234 0x00000154 0x3fcb2700
3fcb28b0: 0x00000030 0x3fca608c 0x3fca608c 0x3fcb28ac 0x3fca6084 0x00000018 0x00000000 0x00000000
3fcb28d0: 0x3fcb28ac 0x00000000 0x00000001 0x3fcb089c 0x706f6f6c 0x6b736154 0x00000000 0x00000000
3fcb28f0: 0x00000000 0x3fcb2890 0x00000001 0x00000001 0x00000000 0x00000000 0x00000000 0x3fcabe44
3fcb2910: 0x3fcabeac 0x3fcabf14 0x00000000 0x00000000 0x00000001 0x00000000 0x00000000 0x00000000
3fcb2930: 0x42141012 0x00000000 0x00000000 0x00000000 0x00000000 0x00000000 0x00000000 0x00000000
3fcb2950: 0x00000000 0x00000000 0x00000000 0x00000000 0x00000000 0x00000000 0x00000000 0x00000000
3fcb2970: 0x00000000 0x00000000 0x00000000 0x00000000 0x00000000 0x00000000 0x00000000 0x00000000
3fcb2990: 0x00000000 0x00000000 0x00000000 0x00000000 0x00000000 0x00000000 0x00000000 0x00000000
3fcb29b0: 0x00000000 0x00000000 0x00000000 0x00000000 0x00000000 0x00000000 0x00000000 0x00000000
3fcb29d0: 0x00000000 0x00000000 0x00000000 0x00000000 0x00000000 0x00000000 0x00000000 0x00000000
3fcb29f0: 0x00000000 0x00000000 0x00000000 0x00000000 0xbaad5678 0x00029d05 0x3fcab794 0x3fcab794
3fcb2a10: 0x00000000 0x00000000 0x00000000 0x00000000 0x00000000 0x00000000 0x00000000 0x00000000
3fcb2a30: 0x00000000 0x00000000 0x00000000 0x00000000 0x00000000 0x00000000 0x00000000 0x00000000
3fcb2a50: 0x00000000 0x00000000 0x00000000 0x00000000 0x00000000 0x00000000 0x00000000 0x00000000
3fcb2a70: 0x00000000 0x00000000 0x00000000 0x00000000 0x00000000 0x00000000 0x00000000 0x00000000
3fcb2a90: 0x00000000 0x00000000 0x00000000 0x00000000 0x00000000 0x00000000 0x00000000 0x00000000
3fcb2ab0: 0x00000000 0x00000000 0x00000000 0x00000000 0x00000000 0x00000000 0x00000000 0x00000000
3fcb2ad0: 0x00000000 0x00000000 0x00000000 0x00000000 0x00000000 0x00000000 0x00000000 0x00000000
3fcb2af0: 0x00000000 0x00000000 0x00000000 0x00000000 0x00000000 0x00000000 0x00000000 0x00000000
3fcb2b10: 0x00000000 0x00000000 0x00000000 0x00000000 0x00000000 0x00000000 0x00000000 0x00000000
3fcb2b30: 0x00000000 0x00000000 0x00000000 0x00000000 0x00000000 0x00000000 0x00000000 0x00000000



ELF file SHA256: e3a78975f126ad0a

Rebooting...
[INFO  machine] Restarting emulator...
[INFO  machine] ROM ELF: 4468 symbols loaded
[INFO  machine] ROM ELF loaded, 15 functions patched for interception
[INFO  machine] CPU reset at ROM entry: PC=0x40000000, SP=0x3FCDE710
[INFO  machine] Emulator restarted (chip=esp32c3)
ESP-ROM:esp32c3-api1-20210207
Build:Feb  7 2021
rst:0x3 (RTC_SW_SYS_RST),boot:0x8 (SPI_FAST_FLASH_BOOT)
SPIWP:0xee
mode:DIO, clock div:1
load:0x3fcd5810,len:0x38c
load:0x403cc710,len:0x6a0
load:0x403ce710,len:0x2624
entry 0x403cc710
Guru Meditation Error: Core  0 panic'ed (Interrupt wdt timeout on CPU0). 

Core  0 register dump:
MEPC    : 0x403894a2  RA      : 0x40382b54  SP      : 0x3fcb2750  GP      : 0x3fc92000  
TP      : 0x3f825fc0  T0      : 0x7ff00100  T1      : 0x80000000  T2      : 0xffffffff  
S0/FP   : 0x3fc920c0  S1      : 0x00000000  A0      : 0x600080c4  A1      : 0x00000100  
A2      : 0x7ff00000  A3      : 0x600c0048  A4      : 0x600c004c  A5      : 0x60008000  
A6      : 0x60008018  A7      : 0x80000000  S2      : 0x00000008  S3      : 0x00000000  
S4      : 0x00000800  S5      : 0x00000001  S6      : 0x00000000  S7      : 0x00000016  
S8      : 0x00000064  S9      : 0x00000000  S10     : 0x00000000  S11     : 0x00000000  
T3      : 0x60008044  T4      : 0x00000003  T5      : 0x00000000  T6      : 0x00000000  
MSTATUS : 0x00001880  MTVEC   : 0x40380001  MCAUSE  : 0x00000018  MTVAL   : 0x00000000  
MHARTID : 0x00000000  

Stack memory:
3fcb2750: 0x00000000 0x3fcaa214 0xdff20570 0x00000001 0x00000001 0x00000140 0x00000003 0x000000a0
3fcb2770: 0x00000000 0x00000000 0x00000007 0x000001ce 0x3c168000 0x3c166000 0x00000001 0x00000001
3fcb2790: 0x00000000 0x00000c02 0x3fc920c0 0x40382c94 0x00000000 0x3fcaa214 0x00000000 0x420088a8
3fcb27b0: 0x00000000 0x00000000 0x00000001 0x00000000 0x00000000 0x00000000 0x3c166000 0x00000001
3fcb27d0: 0x3fcaa000 0x3fcaa214 0x3fc9188e 0x42008c4c 0x00000000 0x00000000 0x00000000 0x00000000
3fcb27f0: 0x00000000 0x00000000 0x00000000 0x00000000 0x3fcaa000 0x3fcaa000 0x3fca2000 0x4203eed0
3fcb2810: 0x00000000 0x00000000 0x00000000 0x00000000 0x00000000 0x00000000 0x00000000 0x00000000
3fcb2830: 0x00000000 0x00000000 0x00000000 0xe999102c 0x00000000 0x00000000 0x00000000 0x00000000
3fcb2850: 0x00000000 0x3fcaa000 0x00000000 0x420961aa 0x00000000 0x00000000 0x00000000 0x4038d822
3fcb2870: 0x00000000 0x00000000 0x00000000 0x00000000 0x00000000 0xa5a5a5a5 0xa5a5a5a5 0xa5a5a5a5
3fcb2890: 0xa5a5a5a5 0xa5a5a5a5 0xa5a5a5a5 0xbaad5678 0x00000160 0xabba1234 0x00000154 0x3fcb2700
3fcb28b0: 0x00000030 0x3fca608c 0x3fca608c 0x3fcb28ac 0x3fca6084 0x00000018 0x00000000 0x00000000
3fcb28d0: 0x3fcb28ac 0x00000000 0x00000001 0x3fcb089c 0x706f6f6c 0x6b736154 0x00000000 0x00000000
3fcb28f0: 0x00000000 0x3fcb2890 0x00000001 0x00000001 0x00000000 0x00000000 0x00000000 0x3fcabe44
3fcb2910: 0x3fcabeac 0x3fcabf14 0x00000000 0x00000000 0x00000001 0x00000000 0x00000000 0x00000000
3fcb2930: 0x42141012 0x00000000 0x00000000 0x00000000 0x00000000 0x00000000 0x00000000 0x00000000
3fcb2950: 0x00000000 0x00000000 0x00000000 0x00000000 0x00000000 0x00000000 0x00000000 0x00000000
3fcb2970: 0x00000000 0x00000000 0x00000000 0x00000000 0x00000000 0x00000000 0x00000000 0x00000000
3fcb2990: 0x00000000 0x00000000 0x00000000 0x00000000 0x00000000 0x00000000 0x00000000 0x00000000
3fcb29b0: 0x00000000 0x00000000 0x00000000 0x00000000 0x00000000 0x00000000 0x00000000 0x00000000
3fcb29d0: 0x00000000 0x00000000 0x00000000 0x00000000 0x00000000 0x00000000 0x00000000 0x00000000
3fcb29f0: 0x00000000 0x00000000 0x00000000 0x00000000 0xbaad5678 0x00029d05 0x3fcab794 0x3fcab794
3fcb2a10: 0x00000000 0x00000000 0x00000000 0x00000000 0x00000000 0x00000000 0x00000000 0x00000000
3fcb2a30: 0x00000000 0x00000000 0x00000000 0x00000000 0x00000000 0x00000000 0x00000000 0x00000000
3fcb2a50: 0x00000000 0x00000000 0x00000000 0x00000000 0x00000000 0x00000000 0x00000000 0x00000000
3fcb2a70: 0x00000000 0x00000000 0x00000000 0x00000000 0x00000000 0x00000000 0x00000000 0x00000000
3fcb2a90: 0x00000000 0x00000000 0x00000000 0x00000000 0x00000000 0x00000000 0x00000000 0x00000000
3fcb2ab0: 0x00000000 0x00000000 0x00000000 0x00000000 0x00000000 0x00000000 0x00000000 0x00000000
3fcb2ad0: 0x00000000 0x00000000 0x00000000 0x00000000 0x00000000 0x00000000 0x00000000 0x00000000
3fcb2af0: 0x00000000 0x00000000 0x00000000 0x00000000 0x00000000 0x00000000 0x00000000 0x00000000
3fcb2b10: 0x00000000 0x00000000 0x00000000 0x00000000 0x00000000 0x00000000 0x00000000 0x00000000
3fcb2b30: 0x00000000 0x00000000 0x00000000 0x00000000 0x00000000 0x00000000 0x00000000 0x00000000



ELF file SHA256: e3a78975f126ad0a

Rebooting...
[INFO  machine] Restarting emulator...
[INFO  machine] ROM ELF: 4468 symbols loaded
[INFO  machine] ROM ELF loaded, 15 functions patched for interception
[INFO  machine] CPU reset at ROM entry: PC=0x40000000, SP=0x3FCDE710
[INFO  machine] Emulator restarted (chip=esp32c3)
ESP-ROM:esp32c3-api1-20210207
Build:Feb  7 2021
rst:0x3 (RTC_SW_SYS_RST),boot:0x8 (SPI_FAST_FLASH_BOOT)
SPIWP:0xee
mode:DIO, clock div:1
load:0x3fcd5810,len:0x38c
load:0x403cc710,len:0x6a0
load:0x403ce710,len:0x2624
entry 0x403cc710
Guru Meditation Error: Core  0 panic'ed (Interrupt wdt timeout on CPU0). 

Core  0 register dump:
MEPC    : 0x403894a2  RA      : 0x40382b54  SP      : 0x3fcb2750  GP      : 0x3fc92000  
TP      : 0x3f825fc0  T0      : 0x7ff00100  T1      : 0x80000000  T2      : 0xffffffff  
S0/FP   : 0x3fc920c0  S1      : 0x00000000  A0      : 0x600080c4  A1      : 0x00000100  
A2      : 0x7ff00000  A3      : 0x600c0048  A4      : 0x600c004c  A5      : 0x60008000  
A6      : 0x60008018  A7      : 0x80000000  S2      : 0x00000008  S3      : 0x00000000  
S4      : 0x00000800  S5      : 0x00000001  S6      : 0x00000000  S7      : 0x00000016  
S8      : 0x00000064  S9      : 0x00000000  S10     : 0x00000000  S11     : 0x00000000  
T3      : 0x60008044  T4      : 0x00000003  T5      : 0x00000000  T6      : 0x00000000  
MSTATUS : 0x00001880  MTVEC   : 0x40380001  MCAUSE  : 0x00000018  MTVAL   : 0x00000000  
MHARTID : 0x00000000  

Stack memory:
3fcb2750: 0x00000000 0x3fcaa214 0xdff20570 0x00000001 0x00000001 0x00000140 0x00000003 0x000000a0
3fcb2770: 0x00000000 0x00000000 0x00000008 0x000001ce 0x3c168000 0x3c166000 0x00000001 0x00000001
3fcb2790: 0x00000000 0x00000c02 0x3fc920c0 0x40382c94 0x00000000 0x3fcaa214 0x00000000 0x420088a8
3fcb27b0: 0x00000000 0x00000000 0x00000001 0x00000000 0x00000000 0x00000000 0x3c166000 0x00000001
3fcb27d0: 0x3fcaa000 0x3fcaa214 0x3fc9188e 0x42008c4c 0x00000000 0x00000000 0x00000000 0x00000000
3fcb27f0: 0x00000000 0x00000000 0x00000000 0x00000000 0x3fcaa000 0x3fcaa000 0x3fca2000 0x4203eed0
3fcb2810: 0x00000000 0x00000000 0x00000000 0x00000000 0x00000000 0x00000000 0x00000000 0x00000000
3fcb2830: 0x00000000 0x00000000 0x00000000 0x77269700 0x00000000 0x00000000 0x00000000 0x00000000
3fcb2850: 0x00000000 0x3fcaa000 0x00000000 0x420961aa 0x00000000 0x00000000 0x00000000 0x4038d822
3fcb2870: 0x00000000 0x00000000 0x00000000 0x00000000 0x00000000 0xa5a5a5a5 0xa5a5a5a5 0xa5a5a5a5
3fcb2890: 0xa5a5a5a5 0xa5a5a5a5 0xa5a5a5a5 0xbaad5678 0x00000160 0xabba1234 0x00000154 0x3fcb2700
3fcb28b0: 0x00000030 0x3fca608c 0x3fca608c 0x3fcb28ac 0x3fca6084 0x00000018 0x00000000 0x00000000
3fcb28d0: 0x3fcb28ac 0x00000000 0x00000001 0x3fcb089c 0x706f6f6c 0x6b736154 0x00000000 0x00000000
3fcb28f0: 0x00000000 0x3fcb2890 0x00000001 0x00000001 0x00000000 0x00000000 0x00000000 0x3fcabe44
3fcb2910: 0x3fcabeac 0x3fcabf14 0x00000000 0x00000000 0x00000001 0x00000000 0x00000000 0x00000000
3fcb2930: 0x42141012 0x00000000 0x00000000 0x00000000 0x00000000 0x00000000 0x00000000 0x00000000
3fcb2950: 0x00000000 0x00000000 0x00000000 0x00000000 0x00000000 0x00000000 0x00000000 0x00000000
3fcb2970: 0x00000000 0x00000000 0x00000000 0x00000000 0x00000000 0x00000000 0x00000000 0x00000000
3fcb2990: 0x00000000 0x00000000 0x00000000 0x00000000 0x00000000 0x00000000 0x00000000 0x00000000
3fcb29b0: 0x00000000 0x00000000 0x00000000 0x00000000 0x00000000 0x00000000 0x00000000 0x00000000
3fcb29d0: 0x00000000 0x00000000 0x00000000 0x00000000 0x00000000 0x00000000 0x00000000 0x00000000
3fcb29f0: 0x00000000 0x00000000 0x00000000 0x00000000 0xbaad5678 0x00029d05 0x3fcab794 0x3fcab794
3fcb2a10: 0x00000000 0x00000000 0x00000000 0x00000000 0x00000000 0x00000000 0x00000000 0x00000000
3fcb2a30: 0x00000000 0x00000000 0x00000000 0x00000000 0x00000000 0x00000000 0x00000000 0x00000000
3fcb2a50: 0x00000000 0x00000000 0x00000000 0x00000000 0x00000000 0x00000000 0x00000000 0x00000000
3fcb2a70: 0x00000000 0x00000000 0x00000000 0x00000000 0x00000000 0x00000000 0x00000000 0x00000000
3fcb2a90: 0x00000000 0x00000000 0x00000000 0x00000000 0x00000000 0x00000000 0x00000000 0x00000000
3fcb2ab0: 0x00000000 0x00000000 0x00000000 0x00000000 0x00000000 0x00000000 0x00000000 0x00000000
3fcb2ad0: 0x00000000 0x00000000 0x00000000 0x00000000 0x00000000 0x00000000 0x00000000 0x00000000
3fcb2af0: 0x00000000 0x00000000 0x00000000 0x00000000 0x00000000 0x00000000 0x00000000 0x00000000
3fcb2b10: 0x00000000 0x00000000 0x00000000 0x00000000 0x00000000 0x00000000 0x00000000 0x00000000
3fcb2b30: 0x00000000 0x00000000 0x00000000 0x00000000 0x00000000 0x00000000 0x00000000 0x00000000



ELF file SHA256: e3a78975f126ad0a

Rebooting...
[INFO  machine] Restarting emulator...
[INFO  machine] ROM ELF: 4468 symbols loaded
[INFO  machine] ROM ELF loaded, 15 functions patched for interception
[INFO  machine] CPU reset at ROM entry: PC=0x40000000, SP=0x3FCDE710
[INFO  machine] Emulator restarted (chip=esp32c3)
ESP-ROM:esp32c3-api1-20210207
Build:Feb  7 2021
rst:0x3 (RTC_SW_SYS_RST),boot:0x8 (SPI_FAST_FLASH_BOOT)
SPIWP:0xee
mode:DIO, clock div:1
load:0x3fcd5810,len:0x38c
load:0x403cc710,len:0x6a0
load:0x403ce710,len:0x2624
entry 0x403cc710
Guru Meditation Error: Core  0 panic'ed (Interrupt wdt timeout on CPU0). 

Core  0 register dump:
MEPC    : 0x403894a2  RA      : 0x40382b54  SP      : 0x3fcb2750  GP      : 0x3fc92000  
TP      : 0x3f825fc0  T0      : 0x7ff00100  T1      : 0x80000000  T2      : 0xffffffff  
S0/FP   : 0x3fc920c0  S1      : 0x00000000  A0      : 0x600080c4  A1      : 0x00000100  
A2      : 0x7ff00000  A3      : 0x600c0048  A4      : 0x600c004c  A5      : 0x60008000  
A6      : 0x60008018  A7      : 0x80000000  S2      : 0x00000008  S3      : 0x00000000  
S4      : 0x00000800  S5      : 0x00000001  S6      : 0x00000000  S7      : 0x00000016  
S8      : 0x00000064  S9      : 0x00000000  S10     : 0x00000000  S11     : 0x00000000  
T3      : 0x60008044  T4      : 0x00000003  T5      : 0x00000000  T6      : 0x00000000  
MSTATUS : 0x00001880  MTVEC   : 0x40380001  MCAUSE  : 0x00000018  MTVAL   : 0x00000000  
MHARTID : 0x00000000  

Stack memory:
3fcb2750: 0x00000000 0x3fcaa214 0xdff20570 0x00000001 0x00000001 0x00000140 0x00000003 0x000000a0
3fcb2770: 0x00000000 0x00000000 0x00000008 0x000001ce 0x3c168000 0x3c166000 0x00000001 0x00000001
3fcb2790: 0x00000000 0x00000c02 0x3fc920c0 0x40382c94 0x00000000 0x3fcaa214 0x00000000 0x420088a8
3fcb27b0: 0x00000000 0x00000000 0x00000001 0x00000000 0x00000000 0x00000000 0x3c166000 0x00000001
3fcb27d0: 0x3fcaa000 0x3fcaa214 0x3fc9188e 0x42008c4c 0x00000000 0x00000000 0x00000000 0x00000000
3fcb27f0: 0x00000000 0x00000000 0x00000000 0x00000000 0x3fcaa000 0x3fcaa000 0x3fca2000 0x4203eed0
3fcb2810: 0x00000000 0x00000000 0x00000000 0x00000000 0x00000000 0x00000000 0x00000000 0x00000000
3fcb2830: 0x00000000 0x00000000 0x00000000 0xafc413e1 0x00000000 0x00000000 0x00000000 0x00000000
3fcb2850: 0x00000000 0x3fcaa000 0x00000000 0x420961aa 0x00000000 0x00000000 0x00000000 0x4038d822
3fcb2870: 0x00000000 0x00000000 0x00000000 0x00000000 0x00000000 0xa5a5a5a5 0xa5a5a5a5 0xa5a5a5a5
3fcb2890: 0xa5a5a5a5 0xa5a5a5a5 0xa5a5a5a5 0xbaad5678 0x00000160 0xabba1234 0x00000154 0x3fcb2700
3fcb28b0: 0x00000030 0x3fca608c 0x3fca608c 0x3fcb28ac 0x3fca6084 0x00000018 0x00000000 0x00000000
3fcb28d0: 0x3fcb28ac 0x00000000 0x00000001 0x3fcb089c 0x706f6f6c 0x6b736154 0x00000000 0x00000000
3fcb28f0: 0x00000000 0x3fcb2890 0x00000001 0x00000001 0x00000000 0x00000000 0x00000000 0x3fcabe44
3fcb2910: 0x3fcabeac 0x3fcabf14 0x00000000 0x00000000 0x00000001 0x00000000 0x00000000 0x00000000
3fcb2930: 0x42141012 0x00000000 0x00000000 0x00000000 0x00000000 0x00000000 0x00000000 0x00000000
3fcb2950: 0x00000000 0x00000000 0x00000000 0x00000000 0x00000000 0x00000000 0x00000000 0x00000000
3fcb2970: 0x00000000 0x00000000 0x00000000 0x00000000 0x00000000 0x00000000 0x00000000 0x00000000
3fcb2990: 0x00000000 0x00000000 0x00000000 0x00000000 0x00000000 0x00000000 0x00000000 0x00000000
3fcb29b0: 0x00000000 0x00000000 0x00000000 0x00000000 0x00000000 0x00000000 0x00000000 0x00000000
3fcb29d0: 0x00000000 0x00000000 0x00000000 0x00000000 0x00000000 0x00000000 0x00000000 0x00000000
3fcb29f0: 0x00000000 0x00000000 0x00000000 0x00000000 0xbaad5678 0x00029d05 0x3fcab794 0x3fcab794
3fcb2a10: 0x00000000 0x00000000 0x00000000 0x00000000 0x00000000 0x00000000 0x00000000 0x00000000
3fcb2a30: 0x00000000 0x00000000 0x00000000 0x00000000 0x00000000 0x00000000 0x00000000 0x00000000
3fcb2a50: 0x00000000 0x00000000 0x00000000 0x00000000 0x00000000 0x00000000 0x00000000 0x00000000
3fcb2a70: 0x00000000 0x00000000 0x00000000 0x00000000 0x00000000 0x00000000 0x00000000 0x00000000
3fcb2a90: 0x00000000 0x00000000 0x00000000 0x00000000 0x00000000 0x00000000 0x00000000 0x00000000
3fcb2ab0: 0x00000000 0x00000000 0x00000000 0x00000000 0x00000000 0x00000000 0x00000000 0x00000000
3fcb2ad0: 0x00000000 0x00000000 0x00000000 0x00000000 0x00000000 0x00000000 0x00000000 0x00000000
3fcb2af0: 0x00000000 0x00000000 0x00000000 0x00000000 0x00000000 0x00000000 0x00000000 0x00000000
3fcb2b10: 0x00000000 0x00000000 0x00000000 0x00000000 0x00000000 0x00000000 0x00000000 0x00000000
3fcb2b30: 0x00000000 0x00000000 0x00000000 0x00000000 0x00000000 0x00000000 0x00000000 0x00000000



ELF file SHA256: e3a78975f126ad0a

Rebooting...
[INFO  machine] Restarting emulator...
[INFO  machine] ROM ELF: 4468 symbols loaded
[INFO  machine] ROM ELF loaded, 15 functions patched for interception
[INFO  machine] CPU reset at ROM entry: PC=0x40000000, SP=0x3FCDE710
[INFO  machine] Emulator restarted (chip=esp32c3)
ESP-ROM:esp32c3-api1-20210207
Build:Feb  7 2021
rst:0x3 (RTC_SW_SYS_RST),boot:0x8 (SPI_FAST_FLASH_BOOT)
SPIWP:0xee
mode:DIO, clock div:1
load:0x3fcd5810,len:0x38c
load:0x403cc710,len:0x6a0
load:0x403ce710,len:0x2624
entry 0x403cc710
Guru Meditation Error: Core  0 panic'ed (Interrupt wdt timeout on CPU0). 

Core  0 register dump:
MEPC    : 0x403894a2  RA      : 0x40382b54  SP      : 0x3fcb2750  GP      : 0x3fc92000  
TP      : 0x3f825fc0  T0      : 0x7ff00100  T1      : 0x80000000  T2      : 0xffffffff  
S0/FP   : 0x3fc920c0  S1      : 0x00000000  A0      : 0x600080c4  A1      : 0x00000100  
A2      : 0x7ff00000  A3      : 0x600c0048  A4      : 0x600c004c  A5      : 0x60008000  
A6      : 0x60008018  A7      : 0x80000000  S2      : 0x00000008  S3      : 0x00000000  
S4      : 0x00000800  S5      : 0x00000001  S6      : 0x00000000  S7      : 0x00000016  
S8      : 0x00000064  S9      : 0x00000000  S10     : 0x00000000  S11     : 0x00000000  
T3      : 0x60008044  T4      : 0x00000003  T5      : 0x00000000  T6      : 0x00000000  
MSTATUS : 0x00001880  MTVEC   : 0x40380001  MCAUSE  : 0x00000018  MTVAL   : 0x00000000  
MHARTID : 0x00000000  

Stack memory:
3fcb2750: 0x00000000 0x3fcaa214 0xdff20570 0x00000001 0x00000001 0x00000140 0x00000003 0x000000a0
3fcb2770: 0x00000000 0x00000000 0x00000008 0x000001ce 0x3c168000 0x3c166000 0x00000001 0x00000001
3fcb2790: 0x00000000 0x00000c02 0x3fc920c0 0x40382c94 0x00000000 0x3fcaa214 0x00000000 0x420088a8
3fcb27b0: 0x00000000 0x00000000 0x00000001 0x00000000 0x00000000 0x00000000 0x3c166000 0x00000001
3fcb27d0: 0x3fcaa000 0x3fcaa214 0x3fc9188e 0x42008c4c 0x00000000 0x00000000 0x00000000 0x00000000
3fcb27f0: 0x00000000 0x00000000 0x00000000 0x00000000 0x3fcaa000 0x3fcaa000 0x3fca2000 0x4203eed0
3fcb2810: 0x00000000 0x00000000 0x00000000 0x00000000 0x00000000 0x00000000 0x00000000 0x00000000
3fcb2830: 0x00000000 0x00000000 0x00000000 0xae302b08 0x00000000 0x00000000 0x00000000 0x00000000
3fcb2850: 0x00000000 0x3fcaa000 0x00000000 0x420961aa 0x00000000 0x00000000 0x00000000 0x4038d822
3fcb2870: 0x00000000 0x00000000 0x00000000 0x00000000 0x00000000 0xa5a5a5a5 0xa5a5a5a5 0xa5a5a5a5
3fcb2890: 0xa5a5a5a5 0xa5a5a5a5 0xa5a5a5a5 0xbaad5678 0x00000160 0xabba1234 0x00000154 0x3fcb2700
3fcb28b0: 0x00000030 0x3fca608c 0x3fca608c 0x3fcb28ac 0x3fca6084 0x00000018 0x00000000 0x00000000
3fcb28d0: 0x3fcb28ac 0x00000000 0x00000001 0x3fcb089c 0x706f6f6c 0x6b736154 0x00000000 0x00000000
3fcb28f0: 0x00000000 0x3fcb2890 0x00000001 0x00000001 0x00000000 0x00000000 0x00000000 0x3fcabe44
3fcb2910: 0x3fcabeac 0x3fcabf14 0x00000000 0x00000000 0x00000001 0x00000000 0x00000000 0x00000000
3fcb2930: 0x42141012 0x00000000 0x00000000 0x00000000 0x00000000 0x00000000 0x00000000 0x00000000
3fcb2950: 0x00000000 0x00000000 0x00000000 0x00000000 0x00000000 0x00000000 0x00000000 0x00000000
3fcb2970: 0x00000000 0x00000000 0x00000000 0x00000000 0x00000000 0x00000000 0x00000000 0x00000000
3fcb2990: 0x00000000 0x00000000 0x00000000 0x00000000 0x00000000 0x00000000 0x00000000 0x00000000
3fcb29b0: 0x00000000 0x00000000 0x00000000 0x00000000 0x00000000 0x00000000 0x00000000 0x00000000
3fcb29d0: 0x00000000 0x00000000 0x00000000 0x00000000 0x00000000 0x00000000 0x00000000 0x00000000
3fcb29f0: 0x00000000 0x00000000 0x00000000 0x00000000 0xbaad5678 0x00029d05 0x3fcab794 0x3fcab794
3fcb2a10: 0x00000000 0x00000000 0x00000000 0x00000000 0x00000000 0x00000000 0x00000000 0x00000000
3fcb2a30: 0x00000000 0x00000000 0x00000000 0x00000000 0x00000000 0x00000000 0x00000000 0x00000000
3fcb2a50: 0x00000000 0x00000000 0x00000000 0x00000000 0x00000000 0x00000000 0x00000000 0x00000000
3fcb2a70: 0x00000000 0x00000000 0x00000000 0x00000000 0x00000000 0x00000000 0x00000000 0x00000000
3fcb2a90: 0x00000000 0x00000000 0x00000000 0x00000000 0x00000000 0x00000000 0x00000000 0x00000000
3fcb2ab0: 0x00000000 0x00000000 0x00000000 0x00000000 0x00000000 0x00000000 0x00000000 0x00000000
3fcb2ad0: 0x00000000 0x00000000 0x00000000 0x00000000 0x00000000 0x00000000 0x00000000 0x00000000
3fcb2af0: 0x00000000 0x00000000 0x00000000 0x00000000 0x00000000 0x00000000 0x00000000 0x00000000
3fcb2b10: 0x00000000 0x00000000 0x00000000 0x00000000 0x00000000 0x00000000 0x00000000 0x00000000
3fcb2b30: 0x00000000 0x00000000 0x00000000 0x00000000 0x00000000 0x00000000 0x00000000 0x00000000



ELF file SHA256: e3a78975f126ad0a

Rebooting...
[INFO  machine] Restarting emulator...
[INFO  machine] ROM ELF: 4468 symbols loaded
[INFO  machine] ROM ELF loaded, 15 functions patched for interception
[INFO  machine] CPU reset at ROM entry: PC=0x40000000, SP=0x3FCDE710
[INFO  machine] Emulator restarted (chip=esp32c3)
ESP-ROM:esp32c3-api1-20210207
Build:Feb  7 2021
rst:0x3 (RTC_SW_SYS_RST),boot:0x8 (SPI_FAST_FLASH_BOOT)
SPIWP:0xee
mode:DIO, clock div:1
load:0x3fcd5810,len:0x38c
load:0x403cc710,len:0x6a0
load:0x403ce710,len:0x2624
entry 0x403cc710
Guru Meditation Error: Core  0 panic'ed (Interrupt wdt timeout on CPU0). 

Core  0 register dump:
MEPC    : 0x403894a2  RA      : 0x40382b54  SP      : 0x3fcb2750  GP      : 0x3fc92000  
TP      : 0x3f825fc0  T0      : 0x7ff00100  T1      : 0x80000000  T2      : 0xffffffff  
S0/FP   : 0x3fc920c0  S1      : 0x00000000  A0      : 0x600080c4  A1      : 0x00000100  
A2      : 0x7ff00000  A3      : 0x600c0048  A4      : 0x600c004c  A5      : 0x60008000  
A6      : 0x60008018  A7      : 0x80000000  S2      : 0x00000008  S3      : 0x00000000  
S4      : 0x00000800  S5      : 0x00000001  S6      : 0x00000000  S7      : 0x00000016  
S8      : 0x00000064  S9      : 0x00000000  S10     : 0x00000000  S11     : 0x00000000  
T3      : 0x60008044  T4      : 0x00000003  T5      : 0x00000000  T6      : 0x00000000  
MSTATUS : 0x00001880  MTVEC   : 0x40380001  MCAUSE  : 0x00000018  MTVAL   : 0x00000000  
MHARTID : 0x00000000  

Stack memory:
3fcb2750: 0x00000000 0x3fcaa214 0xdff20570 0x00000001 0x00000001 0x00000140 0x00000003 0x000000a0
3fcb2770: 0x00000000 0x00000000 0x00000009 0x000001ce 0x3c168000 0x3c166000 0x00000001 0x00000001
3fcb2790: 0x00000000 0x00000c02 0x3fc920c0 0x40382c94 0x00000000 0x3fcaa214 0x00000000 0x420088a8
3fcb27b0: 0x00000000 0x00000000 0x00000001 0x00000000 0x00000000 0x00000000 0x3c166000 0x00000001
3fcb27d0: 0x3fcaa000 0x3fcaa214 0x3fc9188e 0x42008c4c 0x00000000 0x00000000 0x00000000 0x00000000
3fcb27f0: 0x00000000 0x00000000 0x00000000 0x00000000 0x3fcaa000 0x3fcaa000 0x3fca2000 0x4203eed0
3fcb2810: 0x00000000 0x00000000 0x00000000 0x00000000 0x00000000 0x00000000 0x00000000 0x00000000
3fcb2830: 0x00000000 0x00000000 0x00000000 0x5c79dd44 0x00000000 0x00000000 0x00000000 0x00000000
3fcb2850: 0x00000000 0x3fcaa000 0x00000000 0x420961aa 0x00000000 0x00000000 0x00000000 0x4038d822
3fcb2870: 0x00000000 0x00000000 0x00000000 0x00000000 0x00000000 0xa5a5a5a5 0xa5a5a5a5 0xa5a5a5a5
3fcb2890: 0xa5a5a5a5 0xa5a5a5a5 0xa5a5a5a5 0xbaad5678 0x00000160 0xabba1234 0x00000154 0x3fcb2700
3fcb28b0: 0x00000030 0x3fca608c 0x3fca608c 0x3fcb28ac 0x3fca6084 0x00000018 0x00000000 0x00000000
3fcb28d0: 0x3fcb28ac 0x00000000 0x00000001 0x3fcb089c 0x706f6f6c 0x6b736154 0x00000000 0x00000000
3fcb28f0: 0x00000000 0x3fcb2890 0x00000001 0x00000001 0x00000000 0x00000000 0x00000000 0x3fcabe44
3fcb2910: 0x3fcabeac 0x3fcabf14 0x00000000 0x00000000 0x00000001 0x00000000 0x00000000 0x00000000
3fcb2930: 0x42141012 0x00000000 0x00000000 0x00000000 0x00000000 0x00000000 0x00000000 0x00000000
3fcb2950: 0x00000000 0x00000000 0x00000000 0x00000000 0x00000000 0x00000000 0x00000000 0x00000000
3fcb2970: 0x00000000 0x00000000 0x00000000 0x00000000 0x00000000 0x00000000 0x00000000 0x00000000
3fcb2990: 0x00000000 0x00000000 0x00000000 0x00000000 0x00000000 0x00000000 0x00000000 0x00000000
3fcb29b0: 0x00000000 0x00000000 0x00000000 0x00000000 0x00000000 0x00000000 0x00000000 0x00000000
3fcb29d0: 0x00000000 0x00000000 0x00000000 0x00000000 0x00000000 0x00000000 0x00000000 0x00000000
3fcb29f0: 0x00000000 0x00000000 0x00000000 0x00000000 0xbaad5678 0x00029d05 0x3fcab794 0x3fcab794
3fcb2a10: 0x00000000 0x00000000 0x00000000 0x00000000 0x00000000 0x00000000 0x00000000 0x00000000
3fcb2a30: 0x00000000 0x00000000 0x00000000 0x00000000 0x00000000 0x00000000 0x00000000 0x00000000
3fcb2a50: 0x00000000 0x00000000 0x00000000 0x00000000 0x00000000 0x00000000 0x00000000 0x00000000
3fcb2a70: 0x00000000 0x00000000 0x00000000 0x00000000 0x00000000 0x00000000 0x00000000 0x00000000
3fcb2a90: 0x00000000 0x00000000 0x00000000 0x00000000 0x00000000 0x00000000 0x00000000 0x00000000
3fcb2ab0: 0x00000000 0x00000000 0x00000000 0x00000000 0x00000000 0x00000000 0x00000000 0x00000000
3fcb2ad0: 0x00000000 0x00000000 0x00000000 0x00000000 0x00000000 0x00000000 0x00000000 0x00000000
3fcb2af0: 0x00000000 0x00000000 0x00000000 0x00000000 0x00000000 0x00000000 0x00000000 0x00000000
3fcb2b10: 0x00000000 0x00000000 0x00000000 0x00000000 0x00000000 0x00000000 0x00000000 0x00000000
3fcb2b30: 0x00000000 0x00000000 0x00000000 0x00000000 0x00000000 0x00000000 0x00000000 0x00000000



ELF file SHA256: e3a78975f126ad0a

Rebooting...
[INFO  machine] Restarting emulator...
[INFO  machine] ROM ELF: 4468 symbols loaded
[INFO  machine] ROM ELF loaded, 15 functions patched for interception
[INFO  machine] CPU reset at ROM entry: PC=0x40000000, SP=0x3FCDE710
[INFO  machine] Emulator restarted (chip=esp32c3)
ESP-ROM:esp32c3-api1-20210207
Build:Feb  7 2021
rst:0x3 (RTC_SW_SYS_RST),boot:0x8 (SPI_FAST_FLASH_BOOT)
SPIWP:0xee
mode:DIO, clock div:1
load:0x3fcd5810,len:0x38c
load:0x403cc710,len:0x6a0
load:0x403ce710,len:0x2624
entry 0x403cc710
Guru Meditation Error: Core  0 panic'ed (Interrupt wdt timeout on CPU0). 

Core  0 register dump:
MEPC    : 0x403894a2  RA      : 0x40382b54  SP      : 0x3fcb2750  GP      : 0x3fc92000  
TP      : 0x3f825fc0  T0      : 0x7ff00100  T1      : 0x80000000  T2      : 0xffffffff  
S0/FP   : 0x3fc920c0  S1      : 0x00000000  A0      : 0x600080c4  A1      : 0x00000100  
A2      : 0x7ff00000  A3      : 0x600c0048  A4      : 0x600c004c  A5      : 0x60008000  
A6      : 0x60008018  A7      : 0x80000000  S2      : 0x00000008  S3      : 0x00000000  
S4      : 0x00000800  S5      : 0x00000001  S6      : 0x00000000  S7      : 0x00000016  
S8      : 0x00000064  S9      : 0x00000000  S10     : 0x00000000  S11     : 0x00000000  
T3      : 0x60008044  T4      : 0x00000003  T5      : 0x00000000  T6      : 0x00000000  
MSTATUS : 0x00001880  MTVEC   : 0x40380001  MCAUSE  : 0x00000018  MTVAL   : 0x00000000  
MHARTID : 0x00000000  

Stack memory:
3fcb2750: 0x00000000 0x3fcaa214 0xdff20570 0x00000001 0x00000001 0x00000140 0x00000003 0x000000a0
3fcb2770: 0x00000000 0x00000000 0x00000009 0x000001ce 0x3c168000 0x3c166000 0x00000001 0x00000001
3fcb2790: 0x00000000 0x00000c02 0x3fc920c0 0x40382c94 0x00000000 0x3fcaa214 0x00000000 0x420088a8
3fcb27b0: 0x00000000 0x00000000 0x00000001 0x00000000 0x00000000 0x00000000 0x3c166000 0x00000001
3fcb27d0: 0x3fcaa000 0x3fcaa214 0x3fc9188e 0x42008c4c 0x00000000 0x00000000 0x00000000 0x00000000
3fcb27f0: 0x00000000 0x00000000 0x00000000 0x00000000 0x3fcaa000 0x3fcaa000 0x3fca2000 0x4203eed0
3fcb2810: 0x00000000 0x00000000 0x00000000 0x00000000 0x00000000 0x00000000 0x00000000 0x00000000
3fcb2830: 0x00000000 0x00000000 0x00000000 0x8189de68 0x00000000 0x00000000 0x00000000 0x00000000
3fcb2850: 0x00000000 0x3fcaa000 0x00000000 0x420961aa 0x00000000 0x00000000 0x00000000 0x4038d822
3fcb2870: 0x00000000 0x00000000 0x00000000 0x00000000 0x00000000 0xa5a5a5a5 0xa5a5a5a5 0xa5a5a5a5
3fcb2890: 0xa5a5a5a5 0xa5a5a5a5 0xa5a5a5a5 0xbaad5678 0x00000160 0xabba1234 0x00000154 0x3fcb2700
3fcb28b0: 0x00000030 0x3fca608c 0x3fca608c 0x3fcb28ac 0x3fca6084 0x00000018 0x00000000 0x00000000
3fcb28d0: 0x3fcb28ac 0x00000000 0x00000001 0x3fcb089c 0x706f6f6c 0x6b736154 0x00000000 0x00000000
3fcb28f0: 0x00000000 0x3fcb2890 0x00000001 0x00000001 0x00000000 0x00000000 0x00000000 0x3fcabe44
3fcb2910: 0x3fcabeac 0x3fcabf14 0x00000000 0x00000000 0x00000001 0x00000000 0x00000000 0x00000000
3fcb2930: 0x42141012 0x00000000 0x00000000 0x00000000 0x00000000 0x00000000 0x00000000 0x00000000
3fcb2950: 0x00000000 0x00000000 0x00000000 0x00000000 0x00000000 0x00000000 0x00000000 0x00000000
3fcb2970: 0x00000000 0x00000000 0x00000000 0x00000000 0x00000000 0x00000000 0x00000000 0x00000000
3fcb2990: 0x00000000 0x00000000 0x00000000 0x00000000 0x00000000 0x00000000 0x00000000 0x00000000
3fcb29b0: 0x00000000 0x00000000 0x00000000 0x00000000 0x00000000 0x00000000 0x00000000 0x00000000
3fcb29d0: 0x00000000 0x00000000 0x00000000 0x00000000 0x00000000 0x00000000 0x00000000 0x00000000
3fcb29f0: 0x00000000 0x00000000 0x00000000 0x00000000 0xbaad5678 0x00029d05 0x3fcab794 0x3fcab794
3fcb2a10: 0x00000000 0x00000000 0x00000000 0x00000000 0x00000000 0x00000000 0x00000000 0x00000000
3fcb2a30: 0x00000000 0x00000000 0x00000000 0x00000000 0x00000000 0x00000000 0x00000000 0x00000000
3fcb2a50: 0x00000000 0x00000000 0x00000000 0x00000000 0x00000000 0x00000000 0x00000000 0x00000000
3fcb2a70: 0x00000000 0x00000000 0x00000000 0x00000000 0x00000000 0x00000000 0x00000000 0x00000000
3fcb2a90: 0x00000000 0x00000000 0x00000000 0x00000000 0x00000000 0x00000000 0x00000000 0x00000000
3fcb2ab0: 0x00000000 0x00000000 0x00000000 0x00000000 0x00000000 0x00000000 0x00000000 0x00000000
3fcb2ad0: 0x00000000 0x00000000 0x00000000 0x00000000 0x00000000 0x00000000 0x00000000 0x00000000
3fcb2af0: 0x00000000 0x00000000 0x00000000 0x00000000 0x00000000 0x00000000 0x00000000 0x00000000
3fcb2b10: 0x00000000 0x00000000 0x00000000 0x00000000 0x00000000 0x00000000 0x00000000 0x00000000
3fcb2b30: 0x00000000 0x00000000 0x00000000 0x00000000 0x00000000 0x00000000 0x00000000 0x00000000



ELF file SHA256: e3a78975f126ad0a

Rebooting...
[INFO  machine] Restarting emulator...
[INFO  machine] ROM ELF: 4468 symbols loaded
[INFO  machine] ROM ELF loaded, 15 functions patched for interception
[INFO  machine] CPU reset at ROM entry: PC=0x40000000, SP=0x3FCDE710
[INFO  machine] Emulator restarted (chip=esp32c3)
ESP-ROM:esp32c3-api1-20210207
Build:Feb  7 2021
rst:0x3 (RTC_SW_SYS_RST),boot:0x8 (SPI_FAST_FLASH_BOOT)
SPIWP:0xee
mode:DIO, clock div:1
load:0x3fcd5810,len:0x38c
load:0x403cc710,len:0x6a0
load:0x403ce710,len:0x2624
entry 0x403cc710
Guru Meditation Error: Core  0 panic'ed (Interrupt wdt timeout on CPU0). 

Core  0 register dump:
MEPC    : 0x403894a2  RA      : 0x40382b54  SP      : 0x3fcb2750  GP      : 0x3fc92000  
TP      : 0x3f825fc0  T0      : 0x7ff00100  T1      : 0x80000000  T2      : 0xffffffff  
S0/FP   : 0x3fc920c0  S1      : 0x00000000  A0      : 0x600080c4  A1      : 0x00000100  
A2      : 0x7ff00000  A3      : 0x600c0048  A4      : 0x600c004c  A5      : 0x60008000  
A6      : 0x60008018  A7      : 0x80000000  S2      : 0x00000008  S3      : 0x00000000  
S4      : 0x00000800  S5      : 0x00000001  S6      : 0x00000000  S7      : 0x00000016  
S8      : 0x00000064  S9      : 0x00000000  S10     : 0x00000000  S11     : 0x00000000  
T3      : 0x60008044  T4      : 0x00000003  T5      : 0x00000000  T6      : 0x00000000  
MSTATUS : 0x00001880  MTVEC   : 0x40380001  MCAUSE  : 0x00000018  MTVAL   : 0x00000000  
MHARTID : 0x00000000  

Stack memory:
3fcb2750: 0x00000000 0x3fcaa214 0xdff20570 0x00000001 0x00000001 0x00000140 0x00000003 0x000000a0
3fcb2770: 0x00000000 0x00000000 0x0000000a 0x000001ce 0x3c168000 0x3c166000 0x00000001 0x00000001
3fcb2790: 0x00000000 0x00000c02 0x3fc920c0 0x40382c94 0x00000000 0x3fcaa214 0x00000000 0x420088a8
3fcb27b0: 0x00000000 0x00000000 0x00000001 0x00000000 0x00000000 0x00000000 0x3c166000 0x00000001
3fcb27d0: 0x3fcaa000 0x3fcaa214 0x3fc9188e 0x42008c4c 0x00000000 0x00000000 0x00000000 0x00000000
3fcb27f0: 0x00000000 0x00000000 0x00000000 0x00000000 0x3fcaa000 0x3fcaa000 0x3fca2000 0x4203eed0
3fcb2810: 0x00000000 0x00000000 0x00000000 0x00000000 0x00000000 0x00000000 0x00000000 0x00000000
3fcb2830: 0x00000000 0x00000000 0x00000000 0xa937d042 0x00000000 0x00000000 0x00000000 0x00000000
3fcb2850: 0x00000000 0x3fcaa000 0x00000000 0x420961aa 0x00000000 0x00000000 0x00000000 0x4038d822
3fcb2870: 0x00000000 0x00000000 0x00000000 0x00000000 0x00000000 0xa5a5a5a5 0xa5a5a5a5 0xa5a5a5a5
3fcb2890: 0xa5a5a5a5 0xa5a5a5a5 0xa5a5a5a5 0xbaad5678 0x00000160 0xabba1234 0x00000154 0x3fcb2700
3fcb28b0: 0x00000030 0x3fca608c 0x3fca608c 0x3fcb28ac 0x3fca6084 0x00000018 0x00000000 0x00000000
3fcb28d0: 0x3fcb28ac 0x00000000 0x00000001 0x3fcb089c 0x706f6f6c 0x6b736154 0x00000000 0x00000000
3fcb28f0: 0x00000000 0x3fcb2890 0x00000001 0x00000001 0x00000000 0x00000000 0x00000000 0x3fcabe44
3fcb2910: 0x3fcabeac 0x3fcabf14 0x00000000 0x00000000 0x00000001 0x00000000 0x00000000 0x00000000
3fcb2930: 0x42141012 0x00000000 0x00000000 0x00000000 0x00000000 0x00000000 0x00000000 0x00000000
3fcb2950: 0x00000000 0x00000000 0x00000000 0x00000000 0x00000000 0x00000000 0x00000000 0x00000000
3fcb2970: 0x00000000 0x00000000 0x00000000 0x00000000 0x00000000 0x00000000 0x00000000 0x00000000
3fcb2990: 0x00000000 0x00000000 0x00000000 0x00000000 0x00000000 0x00000000 0x00000000 0x00000000
3fcb29b0: 0x00000000 0x00000000 0x00000000 0x00000000 0x00000000 0x00000000 0x00000000 0x00000000
3fcb29d0: 0x00000000 0x00000000 0x00000000 0x00000000 0x00000000 0x00000000 0x00000000 0x00000000
3fcb29f0: 0x00000000 0x00000000 0x00000000 0x00000000 0xbaad5678 0x00029d05 0x3fcab794 0x3fcab794
3fcb2a10: 0x00000000 0x00000000 0x00000000 0x00000000 0x00000000 0x00000000 0x00000000 0x00000000
3fcb2a30: 0x00000000 0x00000000 0x00000000 0x00000000 0x00000000 0x00000000 0x00000000 0x00000000
3fcb2a50: 0x00000000 0x00000000 0x00000000 0x00000000 0x00000000 0x00000000 0x00000000 0x00000000
3fcb2a70: 0x00000000 0x00000000 0x00000000 0x00000000 0x00000000 0x00000000 0x00000000 0x00000000
3fcb2a90: 0x00000000 0x00000000 0x00000000 0x00000000 0x00000000 0x00000000 0x00000000 0x00000000
3fcb2ab0: 0x00000000 0x00000000 0x00000000 0x00000000 0x00000000 0x00000000 0x00000000 0x00000000
3fcb2ad0: 0x00000000 0x00000000 0x00000000 0x00000000 0x00000000 0x00000000 0x00000000 0x00000000
3fcb2af0: 0x00000000 0x00000000 0x00000000 0x00000000 0x00000000 0x00000000 0x00000000 0x00000000
3fcb2b10: 0x00000000 0x00000000 0x00000000 0x00000000 0x00000000 0x00000000 0x00000000 0x00000000
3fcb2b30: 0x00000000 0x00000000 0x00000000 0x00000000 0x00000000 0x00000000 0x00000000 0x00000000



ELF file SHA256: e3a78975f126ad0a

Rebooting...
[INFO  machine] Restarting emulator...
[INFO  machine] ROM ELF: 4468 symbols loaded
[INFO  machine] ROM ELF loaded, 15 functions patched for interception
[INFO  machine] CPU reset at ROM entry: PC=0x40000000, SP=0x3FCDE710
[INFO  machine] Emulator restarted (chip=esp32c3)
ESP-ROM:esp32c3-api1-20210207
Build:Feb  7 2021
rst:0x3 (RTC_SW_SYS_RST),boot:0x8 (SPI_FAST_FLASH_BOOT)
SPIWP:0xee
mode:DIO, clock div:1
load:0x3fcd5810,len:0x38c
load:0x403cc710,len:0x6a0
load:0x403ce710,len:0x2624
entry 0x403cc710
Guru Meditation Error: Core  0 panic'ed (Interrupt wdt timeout on CPU0). 

Core  0 register dump:
MEPC    : 0x403894a2  RA      : 0x40382b54  SP      : 0x3fcb2750  GP      : 0x3fc92000  
TP      : 0x3f825fc0  T0      : 0x7ff00100  T1      : 0x80000000  T2      : 0xffffffff  
S0/FP   : 0x3fc920c0  S1      : 0x00000000  A0      : 0x600080c4  A1      : 0x00000100  
A2      : 0x7ff00000  A3      : 0x600c0048  A4      : 0x600c004c  A5      : 0x60008000  
A6      : 0x60008018  A7      : 0x80000000  S2      : 0x00000008  S3      : 0x00000000  
S4      : 0x00000800  S5      : 0x00000001  S6      : 0x00000000  S7      : 0x00000016  
S8      : 0x00000064  S9      : 0x00000000  S10     : 0x00000000  S11     : 0x00000000  
T3      : 0x60008044  T4      : 0x00000003  T5      : 0x00000000  T6      : 0x00000000  
MSTATUS : 0x00001880  MTVEC   : 0x40380001  MCAUSE  : 0x00000018  MTVAL   : 0x00000000  
MHARTID : 0x00000000  

Stack memory:
3fcb2750: 0x00000000 0x3fcaa214 0xdff20570 0x00000001 0x00000001 0x00000140 0x00000003 0x000000a0
3fcb2770: 0x00000000 0x00000000 0x0000000a 0x000001ce 0x3c168000 0x3c166000 0x00000001 0x00000001
3fcb2790: 0x00000000 0x00000c02 0x3fc920c0 0x40382c94 0x00000000 0x3fcaa214 0x00000000 0x420088a8
3fcb27b0: 0x00000000 0x00000000 0x00000001 0x00000000 0x00000000 0x00000000 0x3c166000 0x00000001
3fcb27d0: 0x3fcaa000 0x3fcaa214 0x3fc9188e 0x42008c4c 0x00000000 0x00000000 0x00000000 0x00000000
3fcb27f0: 0x00000000 0x00000000 0x00000000 0x00000000 0x3fcaa000 0x3fcaa000 0x3fca2000 0x4203eed0
3fcb2810: 0x00000000 0x00000000 0x00000000 0x00000000 0x00000000 0x00000000 0x00000000 0x00000000
3fcb2830: 0x00000000 0x00000000 0x00000000 0x2da67026 0x00000000 0x00000000 0x00000000 0x00000000
3fcb2850: 0x00000000 0x3fcaa000 0x00000000 0x420961aa 0x00000000 0x00000000 0x00000000 0x4038d822
3fcb2870: 0x00000000 0x00000000 0x00000000 0x00000000 0x00000000 0xa5a5a5a5 0xa5a5a5a5 0xa5a5a5a5
3fcb2890: 0xa5a5a5a5 0xa5a5a5a5 0xa5a5a5a5 0xbaad5678 0x00000160 0xabba1234 0x00000154 0x3fcb2700
3fcb28b0: 0x00000030 0x3fca608c 0x3fca608c 0x3fcb28ac 0x3fca6084 0x00000018 0x00000000 0x00000000
3fcb28d0: 0x3fcb28ac 0x00000000 0x00000001 0x3fcb089c 0x706f6f6c 0x6b736154 0x00000000 0x00000000
3fcb28f0: 0x00000000 0x3fcb2890 0x00000001 0x00000001 0x00000000 0x00000000 0x00000000 0x3fcabe44
3fcb2910: 0x3fcabeac 0x3fcabf14 0x00000000 0x00000000 0x00000001 0x00000000 0x00000000 0x00000000
3fcb2930: 0x42141012 0x00000000 0x00000000 0x00000000 0x00000000 0x00000000 0x00000000 0x00000000
3fcb2950: 0x00000000 0x00000000 0x00000000 0x00000000 0x00000000 0x00000000 0x00000000 0x00000000
3fcb2970: 0x00000000 0x00000000 0x00000000 0x00000000 0x00000000 0x00000000 0x00000000 0x00000000
3fcb2990: 0x00000000 0x00000000 0x00000000 0x00000000 0x00000000 0x00000000 0x00000000 0x00000000
3fcb29b0: 0x00000000 0x00000000 0x00000000 0x00000000 0x00000000 0x00000000 0x00000000 0x00000000
3fcb29d0: 0x00000000 0x00000000 0x00000000 0x00000000 0x00000000 0x00000000 0x00000000 0x00000000
3fcb29f0: 0x00000000 0x00000000 0x00000000 0x00000000 0xbaad5678 0x00029d05 0x3fcab794 0x3fcab794
3fcb2a10: 0x00000000 0x00000000 0x00000000 0x00000000 0x00000000 0x00000000 0x00000000 0x00000000
3fcb2a30: 0x00000000 0x00000000 0x00000000 0x00000000 0x00000000 0x00000000 0x00000000 0x00000000
3fcb2a50: 0x00000000 0x00000000 0x00000000 0x00000000 0x00000000 0x00000000 0x00000000 0x00000000
3fcb2a70: 0x00000000 0x00000000 0x00000000 0x00000000 0x00000000 0x00000000 0x00000000 0x00000000
3fcb2a90: 0x00000000 0x00000000 0x00000000 0x00000000 0x00000000 0x00000000 0x00000000 0x00000000
3fcb2ab0: 0x00000000 0x00000000 0x00000000 0x00000000 0x00000000 0x00000000 0x00000000 0x00000000
3fcb2ad0: 0x00000000 0x00000000 0x00000000 0x00000000 0x00000000 0x00000000 0x00000000 0x00000000
3fcb2af0: 0x00000000 0x00000000 0x00000000 0x00000000 0x00000000 0x00000000 0x00000000 0x00000000
3fcb2b10: 0x00000000 0x00000000 0x00000000 0x00000000 0x00000000 0x00000000 0x00000000 0x00000000
3fcb2b30: 0x00000000 0x00000000 0x00000000 0x00000000 0x00000000 0x00000000 0x00000000 0x00000000



ELF file SHA256: e3a78975f126ad0a

Rebooting...
[INFO  machine] Restarting emulator...
[INFO  machine] ROM ELF: 4468 symbols loaded
[INFO  machine] ROM ELF loaded, 15 functions patched for interception
[INFO  machine] CPU reset at ROM entry: PC=0x40000000, SP=0x3FCDE710
[INFO  machine] Emulator restarted (chip=esp32c3)
ESP-ROM:esp32c3-api1-20210207
Build:Feb  7 2021
rst:0x3 (RTC_SW_SYS_RST),boot:0x8 (SPI_FAST_FLASH_BOOT)
SPIWP:0xee
mode:DIO, clock div:1
load:0x3fcd5810,len:0x38c
load:0x403cc710,len:0x6a0
load:0x403ce710,len:0x2624
entry 0x403cc710
Guru Meditation Error: Core  0 panic'ed (Interrupt wdt timeout on CPU0). 

Core  0 register dump:
MEPC    : 0x403894a2  RA      : 0x40382b54  SP      : 0x3fcb2750  GP      : 0x3fc92000  
TP      : 0x3f825fc0  T0      : 0x7ff00100  T1      : 0x80000000  T2      : 0xffffffff  
S0/FP   : 0x3fc920c0  S1      : 0x00000000  A0      : 0x600080c4  A1      : 0x00000100  
A2      : 0x7ff00000  A3      : 0x600c0048  A4      : 0x600c004c  A5      : 0x60008000  
A6      : 0x60008018  A7      : 0x80000000  S2      : 0x00000008  S3      : 0x00000000  
S4      : 0x00000800  S5      : 0x00000001  S6      : 0x00000000  S7      : 0x00000016  
S8      : 0x00000064  S9      : 0x00000000  S10     : 0x00000000  S11     : 0x00000000  
T3      : 0x60008044  T4      : 0x00000003  T5      : 0x00000000  T6      : 0x00000000  
MSTATUS : 0x00001880  MTVEC   : 0x40380001  MCAUSE  : 0x00000018  MTVAL   : 0x00000000  
MHARTID : 0x00000000  

Stack memory:
3fcb2750: 0x00000000 0x3fcaa214 0xdff20570 0x00000001 0x00000001 0x00000140 0x00000003 0x000000a0
3fcb2770: 0x00000000 0x00000000 0x0000000a 0x000001ce 0x3c168000 0x3c166000 0x00000001 0x00000001
3fcb2790: 0x00000000 0x00000c02 0x3fc920c0 0x40382c94 0x00000000 0x3fcaa214 0x00000000 0x420088a8
3fcb27b0: 0x00000000 0x00000000 0x00000001 0x00000000 0x00000000 0x00000000 0x3c166000 0x00000001
3fcb27d0: 0x3fcaa000 0x3fcaa214 0x3fc9188e 0x42008c4c 0x00000000 0x00000000 0x00000000 0x00000000
3fcb27f0: 0x00000000 0x00000000 0x00000000 0x00000000 0x3fcaa000 0x3fcaa000 0x3fca2000 0x4203eed0
3fcb2810: 0x00000000 0x00000000 0x00000000 0x00000000 0x00000000 0x00000000 0x00000000 0x00000000
3fcb2830: 0x00000000 0x00000000 0x00000000 0xab11cb3c 0x00000000 0x00000000 0x00000000 0x00000000
3fcb2850: 0x00000000 0x3fcaa000 0x00000000 0x420961aa 0x00000000 0x00000000 0x00000000 0x4038d822
3fcb2870: 0x00000000 0x00000000 0x00000000 0x00000000 0x00000000 0xa5a5a5a5 0xa5a5a5a5 0xa5a5a5a5
3fcb2890: 0xa5a5a5a5 0xa5a5a5a5 0xa5a5a5a5 0xbaad5678 0x00000160 0xabba1234 0x00000154 0x3fcb2700
3fcb28b0: 0x00000030 0x3fca608c 0x3fca608c 0x3fcb28ac 0x3fca6084 0x00000018 0x00000000 0x00000000
3fcb28d0: 0x3fcb28ac 0x00000000 0x00000001 0x3fcb089c 0x706f6f6c 0x6b736154 0x00000000 0x00000000
3fcb28f0: 0x00000000 0x3fcb2890 0x00000001 0x00000001 0x00000000 0x00000000 0x00000000 0x3fcabe44
3fcb2910: 0x3fcabeac 0x3fcabf14 0x00000000 0x00000000 0x00000001 0x00000000 0x00000000 0x00000000
3fcb2930: 0x42141012 0x00000000 0x00000000 0x00000000 0x00000000 0x00000000 0x00000000 0x00000000
3fcb2950: 0x00000000 0x00000000 0x00000000 0x00000000 0x00000000 0x00000000 0x00000000 0x00000000
3fcb2970: 0x00000000 0x00000000 0x00000000 0x00000000 0x00000000 0x00000000 0x00000000 0x00000000
3fcb2990: 0x00000000 0x00000000 0x00000000 0x00000000 0x00000000 0x00000000 0x00000000 0x00000000
3fcb29b0: 0x00000000 0x00000000 0x00000000 0x00000000 0x00000000 0x00000000 0x00000000 0x00000000
3fcb29d0: 0x00000000 0x00000000 0x00000000 0x00000000 0x00000000 0x00000000 0x00000000 0x00000000
3fcb29f0: 0x00000000 0x00000000 0x00000000 0x00000000 0xbaad5678 0x00029d05 0x3fcab794 0x3fcab794
3fcb2a10: 0x00000000 0x00000000 0x00000000 0x00000000 0x00000000 0x00000000 0x00000000 0x00000000
3fcb2a30: 0x00000000 0x00000000 0x00000000 0x00000000 0x00000000 0x00000000 0x00000000 0x00000000
3fcb2a50: 0x00000000 0x00000000 0x00000000 0x00000000 0x00000000 0x00000000 0x00000000 0x00000000
3fcb2a70: 0x00000000 0x00000000 0x00000000 0x00000000 0x00000000 0x00000000 0x00000000 0x00000000
3fcb2a90: 0x00000000 0x00000000 0x00000000 0x00000000 0x00000000 0x00000000 0x00000000 0x00000000
3fcb2ab0: 0x00000000 0x00000000 0x00000000 0x00000000 0x00000000 0x00000000 0x00000000 0x00000000
3fcb2ad0: 0x00000000 0x00000000 0x00000000 0x00000000 0x00000000 0x00000000 0x00000000 0x00000000
3fcb2af0: 0x00000000 0x00000000 0x00000000 0x00000000 0x00000000 0x00000000 0x00000000 0x00000000
3fcb2b10: 0x00000000 0x00000000 0x00000000 0x00000000 0x00000000 0x00000000 0x00000000 0x00000000
3fcb2b30: 0x00000000 0x00000000 0x00000000 0x00000000 0x00000000 0x00000000 0x00000000 0x00000000



ELF file SHA256: e3a78975f126ad0a

Rebooting...
[INFO  machine] Restarting emulator...
[INFO  machine] ROM ELF: 4468 symbols loaded
[INFO  machine] ROM ELF loaded, 15 functions patched for interception
[INFO  machine] CPU reset at ROM entry: PC=0x40000000, SP=0x3FCDE710
[INFO  machine] Emulator restarted (chip=esp32c3)
ESP-ROM:esp32c3-api1-20210207
Build:Feb  7 2021
rst:0x3 (RTC_SW_SYS_RST),boot:0x8 (SPI_FAST_FLASH_BOOT)
SPIWP:0xee
mode:DIO, clock div:1
load:0x3fcd5810,len:0x38c
load:0x403cc710,len:0x6a0
load:0x403ce710,len:0x2624
entry 0x403cc710
Guru Meditation Error: Core  0 panic'ed (Interrupt wdt timeout on CPU0). 

Core  0 register dump:
MEPC    : 0x403894a2  RA      : 0x40382b54  SP      : 0x3fcb2750  GP      : 0x3fc92000  
TP      : 0x3f825fc0  T0      : 0x7ff00100  T1      : 0x80000000  T2      : 0xffffffff  
S0/FP   : 0x3fc920c0  S1      : 0x00000000  A0      : 0x600080c4  A1      : 0x00000100  
A2      : 0x7ff00000  A3      : 0x600c0048  A4      : 0x600c004c  A5      : 0x60008000  
A6      : 0x60008018  A7      : 0x80000000  S2      : 0x00000008  S3      : 0x00000000  
S4      : 0x00000800  S5      : 0x00000001  S6      : 0x00000000  S7      : 0x00000016  
S8      : 0x00000064  S9      : 0x00000000  S10     : 0x00000000  S11     : 0x00000000  
T3      : 0x60008044  T4      : 0x00000003  T5      : 0x00000000  T6      : 0x00000000  
MSTATUS : 0x00001880  MTVEC   : 0x40380001  MCAUSE  : 0x00000018  MTVAL   : 0x00000000  
MHARTID : 0x00000000  

Stack memory:
3fcb2750: 0x00000000 0x3fcaa214 0xdff20570 0x00000001 0x00000001 0x00000140 0x00000003 0x000000a0
3fcb2770: 0x00000000 0x00000000 0x0000000b 0x000001ce 0x3c168000 0x3c166000 0x00000001 0x00000001
3fcb2790: 0x00000000 0x00000c02 0x3fc920c0 0x40382c94 0x00000000 0x3fcaa214 0x00000000 0x420088a8
3fcb27b0: 0x00000000 0x00000000 0x00000001 0x00000000 0x00000000 0x00000000 0x3c166000 0x00000001
3fcb27d0: 0x3fcaa000 0x3fcaa214 0x3fc9188e 0x42008c4c 0x00000000 0x00000000 0x00000000 0x00000000
3fcb27f0: 0x00000000 0x00000000 0x00000000 0x00000000 0x3fcaa000 0x3fcaa000 0x3fca2000 0x4203eed0
3fcb2810: 0x00000000 0x00000000 0x00000000 0x00000000 0x00000000 0x00000000 0x00000000 0x00000000
3fcb2830: 0x00000000 0x00000000 0x00000000 0xf6d3ebcd 0x00000000 0x00000000 0x00000000 0x00000000
3fcb2850: 0x00000000 0x3fcaa000 0x00000000 0x420961aa 0x00000000 0x00000000 0x00000000 0x4038d822
3fcb2870: 0x00000000 0x00000000 0x00000000 0x00000000 0x00000000 0xa5a5a5a5 0xa5a5a5a5 0xa5a5a5a5
3fcb2890: 0xa5a5a5a5 0xa5a5a5a5 0xa5a5a5a5 0xbaad5678 0x00000160 0xabba1234 0x00000154 0x3fcb2700
3fcb28b0: 0x00000030 0x3fca608c 0x3fca608c 0x3fcb28ac 0x3fca6084 0x00000018 0x00000000 0x00000000
3fcb28d0: 0x3fcb28ac 0x00000000 0x00000001 0x3fcb089c 0x706f6f6c 0x6b736154 0x00000000 0x00000000
3fcb28f0: 0x00000000 0x3fcb2890 0x00000001 0x00000001 0x00000000 0x00000000 0x00000000 0x3fcabe44
3fcb2910: 0x3fcabeac 0x3fcabf14 0x00000000 0x00000000 0x00000001 0x00000000 0x00000000 0x00000000
3fcb2930: 0x42141012 0x00000000 0x00000000 0x00000000 0x00000000 0x00000000 0x00000000 0x00000000
3fcb2950: 0x00000000 0x00000000 0x00000000 0x00000000 0x00000000 0x00000000 0x00000000 0x00000000
3fcb2970: 0x00000000 0x00000000 0x00000000 0x00000000 0x00000000 0x00000000 0x00000000 0x00000000
3fcb2990: 0x00000000 0x00000000 0x00000000 0x00000000 0x00000000 0x00000000 0x00000000 0x00000000
3fcb29b0: 0x00000000 0x00000000 0x00000000 0x00000000 0x00000000 0x00000000 0x00000000 0x00000000
3fcb29d0: 0x00000000 0x00000000 0x00000000 0x00000000 0x00000000 0x00000000 0x00000000 0x00000000
3fcb29f0: 0x00000000 0x00000000 0x00000000 0x00000000 0xbaad5678 0x00029d05 0x3fcab794 0x3fcab794
3fcb2a10: 0x00000000 0x00000000 0x00000000 0x00000000 0x00000000 0x00000000 0x00000000 0x00000000
3fcb2a30: 0x00000000 0x00000000 0x00000000 0x00000000 0x00000000 0x00000000 0x00000000 0x00000000
3fcb2a50: 0x00000000 0x00000000 0x00000000 0x00000000 0x00000000 0x00000000 0x00000000 0x00000000
3fcb2a70: 0x00000000 0x00000000 0x00000000 0x00000000 0x00000000 0x00000000 0x00000000 0x00000000
3fcb2a90: 0x00000000 0x00000000 0x00000000 0x00000000 0x00000000 0x00000000 0x00000000 0x00000000
3fcb2ab0: 0x00000000 0x00000000 0x00000000 0x00000000 0x00000000 0x00000000 0x00000000 0x00000000
3fcb2ad0: 0x00000000 0x00000000 0x00000000 0x00000000 0x00000000 0x00000000 0x00000000 0x00000000
3fcb2af0: 0x00000000 0x00000000 0x00000000 0x00000000 0x00000000 0x00000000 0x00000000 0x00000000
3fcb2b10: 0x00000000 0x00000000 0x00000000 0x00000000 0x00000000 0x00000000 0x00000000 0x00000000
3fcb2b30: 0x00000000 0x00000000 0x00000000 0x00000000 0x00000000 0x00000000 0x00000000 0x00000000



ELF file SHA256: e3a78975f126ad0a

Rebooting...
[INFO  machine] Restarting emulator...
[INFO  machine] ROM ELF: 4468 symbols loaded
[INFO  machine] ROM ELF loaded, 15 functions patched for interception
[INFO  machine] CPU reset at ROM entry: PC=0x40000000, SP=0x3FCDE710
[INFO  machine] Emulator restarted (chip=esp32c3)
ESP-ROM:esp32c3-api1-20210207
Build:Feb  7 2021
rst:0x3 (RTC_SW_SYS_RST),boot:0x8 (SPI_FAST_FLASH_BOOT)
SPIWP:0xee
mode:DIO, clock div:1
load:0x3fcd5810,len:0x38c
load:0x403cc710,len:0x6a0
load:0x403ce710,len:0x2624
entry 0x403cc710
Guru Meditation Error: Core  0 panic'ed (Interrupt wdt timeout on CPU0). 

Core  0 register dump:
MEPC    : 0x403894a2  RA      : 0x40382b54  SP      : 0x3fcb2750  GP      : 0x3fc92000  
TP      : 0x3f825fc0  T0      : 0x7ff00100  T1      : 0x80000000  T2      : 0xffffffff  
S0/FP   : 0x3fc920c0  S1      : 0x00000000  A0      : 0x600080c4  A1      : 0x00000100  
A2      : 0x7ff00000  A3      : 0x600c0048  A4      : 0x600c004c  A5      : 0x60008000  
A6      : 0x60008018  A7      : 0x80000000  S2      : 0x00000008  S3      : 0x00000000  
S4      : 0x00000800  S5      : 0x00000001  S6      : 0x00000000  S7      : 0x00000016  
S8      : 0x00000064  S9      : 0x00000000  S10     : 0x00000000  S11     : 0x00000000  
T3      : 0x60008044  T4      : 0x00000003  T5      : 0x00000000  T6      : 0x00000000  
MSTATUS : 0x00001880  MTVEC   : 0x40380001  MCAUSE  : 0x00000018  MTVAL   : 0x00000000  
MHARTID : 0x00000000  

Stack memory:
3fcb2750: 0x00000000 0x3fcaa214 0xdff20570 0x00000001 0x00000001 0x00000140 0x00000003 0x000000a0
3fcb2770: 0x00000000 0x00000000 0x0000000b 0x000001ce 0x3c168000 0x3c166000 0x00000001 0x00000001
3fcb2790: 0x00000000 0x00000c02 0x3fc920c0 0x40382c94 0x00000000 0x3fcaa214 0x00000000 0x420088a8
3fcb27b0: 0x00000000 0x00000000 0x00000001 0x00000000 0x00000000 0x00000000 0x3c166000 0x00000001
3fcb27d0: 0x3fcaa000 0x3fcaa214 0x3fc9188e 0x42008c4c 0x00000000 0x00000000 0x00000000 0x00000000
3fcb27f0: 0x00000000 0x00000000 0x00000000 0x00000000 0x3fcaa000 0x3fcaa000 0x3fca2000 0x4203eed0
3fcb2810: 0x00000000 0x00000000 0x00000000 0x00000000 0x00000000 0x00000000 0x00000000 0x00000000
3fcb2830: 0x00000000 0x00000000 0x00000000 0xbbe1af96 0x00000000 0x00000000 0x00000000 0x00000000
3fcb2850: 0x00000000 0x3fcaa000 0x00000000 0x420961aa 0x00000000 0x00000000 0x00000000 0x4038d822
3fcb2870: 0x00000000 0x00000000 0x00000000 0x00000000 0x00000000 0xa5a5a5a5 0xa5a5a5a5 0xa5a5a5a5
3fcb2890: 0xa5a5a5a5 0xa5a5a5a5 0xa5a5a5a5 0xbaad5678 0x00000160 0xabba1234 0x00000154 0x3fcb2700
3fcb28b0: 0x00000030 0x3fca608c 0x3fca608c 0x3fcb28ac 0x3fca6084 0x00000018 0x00000000 0x00000000
3fcb28d0: 0x3fcb28ac 0x00000000 0x00000001 0x3fcb089c 0x706f6f6c 0x6b736154 0x00000000 0x00000000
3fcb28f0: 0x00000000 0x3fcb2890 0x00000001 0x00000001 0x00000000 0x00000000 0x00000000 0x3fcabe44
3fcb2910: 0x3fcabeac 0x3fcabf14 0x00000000 0x00000000 0x00000001 0x00000000 0x00000000 0x00000000
3fcb2930: 0x42141012 0x00000000 0x00000000 0x00000000 0x00000000 0x00000000 0x00000000 0x00000000
3fcb2950: 0x00000000 0x00000000 0x00000000 0x00000000 0x00000000 0x00000000 0x00000000 0x00000000
3fcb2970: 0x00000000 0x00000000 0x00000000 0x00000000 0x00000000 0x00000000 0x00000000 0x00000000
3fcb2990: 0x00000000 0x00000000 0x00000000 0x00000000 0x00000000 0x00000000 0x00000000 0x00000000
3fcb29b0: 0x00000000 0x00000000 0x00000000 0x00000000 0x00000000 0x00000000 0x00000000 0x00000000
3fcb29d0: 0x00000000 0x00000000 0x00000000 0x00000000 0x00000000 0x00000000 0x00000000 0x00000000
3fcb29f0: 0x00000000 0x00000000 0x00000000 0x00000000 0xbaad5678 0x00029d05 0x3fcab794 0x3fcab794
3fcb2a10: 0x00000000 0x00000000 0x00000000 0x00000000 0x00000000 0x00000000 0x00000000 0x00000000
3fcb2a30: 0x00000000 0x00000000 0x00000000 0x00000000 0x00000000 0x00000000 0x00000000 0x00000000
3fcb2a50: 0x00000000 0x00000000 0x00000000 0x00000000 0x00000000 0x00000000 0x00000000 0x00000000
3fcb2a70: 0x00000000 0x00000000 0x00000000 0x00000000 0x00000000 0x00000000 0x00000000 0x00000000
3fcb2a90: 0x00000000 0x00000000 0x00000000 0x00000000 0x00000000 0x00000000 0x00000000 0x00000000
3fcb2ab0: 0x00000000 0x00000000 0x00000000 0x00000000 0x00000000 0x00000000 0x00000000 0x00000000
3fcb2ad0: 0x00000000 0x00000000 0x00000000 0x00000000 0x00000000 0x00000000 0x00000000 0x00000000
3fcb2af0: 0x00000000 0x00000000 0x00000000 0x00000000 0x00000000 0x00000000 0x00000000 0x00000000
3fcb2b10: 0x00000000 0x00000000 0x00000000 0x00000000 0x00000000 0x00000000 0x00000000 0x00000000
3fcb2b30: 0x00000000 0x00000000 0x00000000 0x00000000 0x00000000 0x00000000 0x00000000 0x00000000



ELF file SHA256: e3a78975f126ad0a

Rebooting...
[INFO  machine] Restarting emulator...
[INFO  machine] ROM ELF: 4468 symbols loaded
[INFO  machine] ROM ELF loaded, 15 functions patched for interception
[INFO  machine] CPU reset at ROM entry: PC=0x40000000, SP=0x3FCDE710
[INFO  machine] Emulator restarted (chip=esp32c3)
ESP-ROM:esp32c3-api1-20210207
Build:Feb  7 2021
rst:0x3 (RTC_SW_SYS_RST),boot:0x8 (SPI_FAST_FLASH_BOOT)
SPIWP:0xee
mode:DIO, clock div:1
load:0x3fcd5810,len:0x38c
load:0x403cc710,len:0x6a0
load:0x403ce710,len:0x2624
entry 0x403cc710
Guru Meditation Error: Core  0 panic'ed (Interrupt wdt timeout on CPU0). 

Core  0 register dump:
MEPC    : 0x403894a2  RA      : 0x40382b54  SP      : 0x3fcb2750  GP      : 0x3fc92000  
TP      : 0x3f825fc0  T0      : 0x7ff00100  T1      : 0x80000000  T2      : 0xffffffff  
S0/FP   : 0x3fc920c0  S1      : 0x00000000  A0      : 0x600080c4  A1      : 0x00000100  
A2      : 0x7ff00000  A3      : 0x600c0048  A4      : 0x600c004c  A5      : 0x60008000  
A6      : 0x60008018  A7      : 0x80000000  S2      : 0x00000008  S3      : 0x00000000  
S4      : 0x00000800  S5      : 0x00000001  S6      : 0x00000000  S7      : 0x00000016  
S8      : 0x00000064  S9      : 0x00000000  S10     : 0x00000000  S11     : 0x00000000  
T3      : 0x60008044  T4      : 0x00000003  T5      : 0x00000000  T6      : 0x00000000  
MSTATUS : 0x00001880  MTVEC   : 0x40380001  MCAUSE  : 0x00000018  MTVAL   : 0x00000000  
MHARTID : 0x00000000  

Stack memory:
3fcb2750: 0x00000000 0x3fcaa214 0xdff20570 0x00000001 0x00000001 0x00000140 0x00000003 0x000000a0
3fcb2770: 0x00000000 0x00000000 0x0000000c 0x000001ce 0x3c168000 0x3c166000 0x00000001 0x00000001
3fcb2790: 0x00000000 0x00000c02 0x3fc920c0 0x40382c94 0x00000000 0x3fcaa214 0x00000000 0x420088a8
3fcb27b0: 0x00000000 0x00000000 0x00000001 0x00000000 0x00000000 0x00000000 0x3c166000 0x00000001
3fcb27d0: 0x3fcaa000 0x3fcaa214 0x3fc9188e 0x42008c4c 0x00000000 0x00000000 0x00000000 0x00000000
3fcb27f0: 0x00000000 0x00000000 0x00000000 0x00000000 0x3fcaa000 0x3fcaa000 0x3fca2000 0x4203eed0
3fcb2810: 0x00000000 0x00000000 0x00000000 0x00000000 0x00000000 0x00000000 0x00000000 0x00000000
3fcb2830: 0x00000000 0x00000000 0x00000000 0x590ae922 0x00000000 0x00000000 0x00000000 0x00000000
3fcb2850: 0x00000000 0x3fcaa000 0x00000000 0x420961aa 0x00000000 0x00000000 0x00000000 0x4038d822
3fcb2870: 0x00000000 0x00000000 0x00000000 0x00000000 0x00000000 0xa5a5a5a5 0xa5a5a5a5 0xa5a5a5a5
3fcb2890: 0xa5a5a5a5 0xa5a5a5a5 0xa5a5a5a5 0xbaad5678 0x00000160 0xabba1234 0x00000154 0x3fcb2700
3fcb28b0: 0x00000030 0x3fca608c 0x3fca608c 0x3fcb28ac 0x3fca6084 0x00000018 0x00000000 0x00000000
3fcb28d0: 0x3fcb28ac 0x00000000 0x00000001 0x3fcb089c 0x706f6f6c 0x6b736154 0x00000000 0x00000000
3fcb28f0: 0x00000000 0x3fcb2890 0x00000001 0x00000001 0x00000000 0x00000000 0x00000000 0x3fcabe44
3fcb2910: 0x3fcabeac 0x3fcabf14 0x00000000 0x00000000 0x00000001 0x00000000 0x00000000 0x00000000
3fcb2930: 0x42141012 0x00000000 0x00000000 0x00000000 0x00000000 0x00000000 0x00000000 0x00000000
3fcb2950: 0x00000000 0x00000000 0x00000000 0x00000000 0x00000000 0x00000000 0x00000000 0x00000000
3fcb2970: 0x00000000 0x00000000 0x00000000 0x00000000 0x00000000 0x00000000 0x00000000 0x00000000
3fcb2990: 0x00000000 0x00000000 0x00000000 0x00000000 0x00000000 0x00000000 0x00000000 0x00000000
3fcb29b0: 0x00000000 0x00000000 0x00000000 0x00000000 0x00000000 0x00000000 0x00000000 0x00000000
3fcb29d0: 0x00000000 0x00000000 0x00000000 0x00000000 0x00000000 0x00000000 0x00000000 0x00000000
3fcb29f0: 0x00000000 0x00000000 0x00000000 0x00000000 0xbaad5678 0x00029d05 0x3fcab794 0x3fcab794
3fcb2a10: 0x00000000 0x00000000 0x00000000 0x00000000 0x00000000 0x00000000 0x00000000 0x00000000
3fcb2a30: 0x00000000 0x00000000 0x00000000 0x00000000 0x00000000 0x00000000 0x00000000 0x00000000
3fcb2a50: 0x00000000 0x00000000 0x00000000 0x00000000 0x00000000 0x00000000 0x00000000 0x00000000
3fcb2a70: 0x00000000 0x00000000 0x00000000 0x00000000 0x00000000 0x00000000 0x00000000 0x00000000
3fcb2a90: 0x00000000 0x00000000 0x00000000 0x00000000 0x00000000 0x00000000 0x00000000 0x00000000
3fcb2ab0: 0x00000000 0x00000000 0x00000000 0x00000000 0x00000000 0x00000000 0x00000000 0x00000000
3fcb2ad0: 0x00000000 0x00000000 0x00000000 0x00000000 0x00000000 0x00000000 0x00000000 0x00000000
3fcb2af0: 0x00000000 0x00000000 0x00000000 0x00000000 0x00000000 0x00000000 0x00000000 0x00000000
3fcb2b10: 0x00000000 0x00000000 0x00000000 0x00000000 0x00000000 0x00000000 0x00000000 0x00000000
3fcb2b30: 0x00000000 0x00000000 0x00000000 0x00000000 0x00000000 0x00000000 0x00000000 0x00000000



ELF file SHA256: e3a78975f126ad0a

Rebooting...
[INFO  machine] Restarting emulator...
[INFO  machine] ROM ELF: 4468 symbols loaded
[INFO  machine] ROM ELF loaded, 15 functions patched for interception
[INFO  machine] CPU reset at ROM entry: PC=0x40000000, SP=0x3FCDE710
[INFO  machine] Emulator restarted (chip=esp32c3)
ESP-ROM:esp32c3-api1-20210207
Build:Feb  7 2021
rst:0x3 (RTC_SW_SYS_RST),boot:0x8 (SPI_FAST_FLASH_BOOT)
SPIWP:0xee
mode:DIO, clock div:1
load:0x3fcd5810,len:0x38c
load:0x403cc710,len:0x6a0
load:0x403ce710,len:0x2624
entry 0x403cc710
Guru Meditation Error: Core  0 panic'ed (Interrupt wdt timeout on CPU0). 

Core  0 register dump:
MEPC    : 0x403894a2  RA      : 0x40382b54  SP      : 0x3fcb2750  GP      : 0x3fc92000  
TP      : 0x3f825fc0  T0      : 0x7ff00100  T1      : 0x80000000  T2      : 0xffffffff  
S0/FP   : 0x3fc920c0  S1      : 0x00000000  A0      : 0x600080c4  A1      : 0x00000100  
A2      : 0x7ff00000  A3      : 0x600c0048  A4      : 0x600c004c  A5      : 0x60008000  
A6      : 0x60008018  A7      : 0x80000000  S2      : 0x00000008  S3      : 0x00000000  
S4      : 0x00000800  S5      : 0x00000001  S6      : 0x00000000  S7      : 0x00000016  
S8      : 0x00000064  S9      : 0x00000000  S10     : 0x00000000  S11     : 0x00000000  
T3      : 0x60008044  T4      : 0x00000003  T5      : 0x00000000  T6      : 0x00000000  
MSTATUS : 0x00001880  MTVEC   : 0x40380001  MCAUSE  : 0x00000018  MTVAL   : 0x00000000  
MHARTID : 0x00000000  

Stack memory:
3fcb2750: 0x00000000 0x3fcaa214 0xdff20570 0x00000001 0x00000001 0x00000140 0x00000003 0x000000a0
3fcb2770: 0x00000000 0x00000000 0x0000000c 0x000001ce 0x3c168000 0x3c166000 0x00000001 0x00000001
3fcb2790: 0x00000000 0x00000c02 0x3fc920c0 0x40382c94 0x00000000 0x3fcaa214 0x00000000 0x420088a8
3fcb27b0: 0x00000000 0x00000000 0x00000001 0x00000000 0x00000000 0x00000000 0x3c166000 0x00000001
3fcb27d0: 0x3fcaa000 0x3fcaa214 0x3fc9188e 0x42008c4c 0x00000000 0x00000000 0x00000000 0x00000000
3fcb27f0: 0x00000000 0x00000000 0x00000000 0x00000000 0x3fcaa000 0x3fcaa000 0x3fca2000 0x4203eed0
3fcb2810: 0x00000000 0x00000000 0x00000000 0x00000000 0x00000000 0x00000000 0x00000000 0x00000000
3fcb2830: 0x00000000 0x00000000 0x00000000 0xa9214be4 0x00000000 0x00000000 0x00000000 0x00000000
3fcb2850: 0x00000000 0x3fcaa000 0x00000000 0x420961aa 0x00000000 0x00000000 0x00000000 0x4038d822
3fcb2870: 0x00000000 0x00000000 0x00000000 0x00000000 0x00000000 0xa5a5a5a5 0xa5a5a5a5 0xa5a5a5a5
3fcb2890: 0xa5a5a5a5 0xa5a5a5a5 0xa5a5a5a5 0xbaad5678 0x00000160 0xabba1234 0x00000154 0x3fcb2700
3fcb28b0: 0x00000030 0x3fca608c 0x3fca608c 0x3fcb28ac 0x3fca6084 0x00000018 0x00000000 0x00000000
3fcb28d0: 0x3fcb28ac 0x00000000 0x00000001 0x3fcb089c 0x706f6f6c 0x6b736154 0x00000000 0x00000000
3fcb28f0: 0x00000000 0x3fcb2890 0x00000001 0x00000001 0x00000000 0x00000000 0x00000000 0x3fcabe44
3fcb2910: 0x3fcabeac 0x3fcabf14 0x00000000 0x00000000 0x00000001 0x00000000 0x00000000 0x00000000
3fcb2930: 0x42141012 0x00000000 0x00000000 0x00000000 0x00000000 0x00000000 0x00000000 0x00000000
3fcb2950: 0x00000000 0x00000000 0x00000000 0x00000000 0x00000000 0x00000000 0x00000000 0x00000000
3fcb2970: 0x00000000 0x00000000 0x00000000 0x00000000 0x00000000 0x00000000 0x00000000 0x00000000
3fcb2990: 0x00000000 0x00000000 0x00000000 0x00000000 0x00000000 0x00000000 0x00000000 0x00000000
3fcb29b0: 0x00000000 0x00000000 0x00000000 0x00000000 0x00000000 0x00000000 0x00000000 0x00000000
3fcb29d0: 0x00000000 0x00000000 0x00000000 0x00000000 0x00000000 0x00000000 0x00000000 0x00000000
3fcb29f0: 0x00000000 0x00000000 0x00000000 0x00000000 0xbaad5678 0x00029d05 0x3fcab794 0x3fcab794
3fcb2a10: 0x00000000 0x00000000 0x00000000 0x00000000 0x00000000 0x00000000 0x00000000 0x00000000
3fcb2a30: 0x00000000 0x00000000 0x00000000 0x00000000 0x00000000 0x00000000 0x00000000 0x00000000
3fcb2a50: 0x00000000 0x00000000 0x00000000 0x00000000 0x00000000 0x00000000 0x00000000 0x00000000
3fcb2a70: 0x00000000 0x00000000 0x00000000 0x00000000 0x00000000 0x00000000 0x00000000 0x00000000
3fcb2a90: 0x00000000 0x00000000 0x00000000 0x00000000 0x00000000 0x00000000 0x00000000 0x00000000
3fcb2ab0: 0x00000000 0x00000000 0x00000000 0x00000000 0x00000000 0x00000000 0x00000000 0x00000000
3fcb2ad0: 0x00000000 0x00000000 0x00000000 0x00000000 0x00000000 0x00000000 0x00000000 0x00000000
3fcb2af0: 0x00000000 0x00000000 0x00000000 0x00000000 0x00000000 0x00000000 0x00000000 0x00000000
3fcb2b10: 0x00000000 0x00000000 0x00000000 0x00000000 0x00000000 0x00000000 0x00000000 0x00000000
3fcb2b30: 0x00000000 0x00000000 0x00000000 0x00000000 0x00000000 0x00000000 0x00000000 0x00000000



ELF file SHA256: e3a78975f126ad0a

Rebooting...
[INFO  machine] Restarting emulator...
[INFO  machine] ROM ELF: 4468 symbols loaded
[INFO  machine] ROM ELF loaded, 15 functions patched for interception
[INFO  machine] CPU reset at ROM entry: PC=0x40000000, SP=0x3FCDE710
[INFO  machine] Emulator restarted (chip=esp32c3)
ESP-ROM:esp32c3-api1-20210207
Build:Feb  7 2021
rst:0x3 (RTC_SW_SYS_RST),boot:0x8 (SPI_FAST_FLASH_BOOT)
SPIWP:0xee
mode:DIO, clock div:1
load:0x3fcd5810,len:0x38c
load:0x403cc710,len:0x6a0
load:0x403ce710,len:0x2624
entry 0x403cc710
Guru Meditation Error: Core  0 panic'ed (Interrupt wdt timeout on CPU0). 

Core  0 register dump:
MEPC    : 0x403894a2  RA      : 0x40382b54  SP      : 0x3fcb2750  GP      : 0x3fc92000  
TP      : 0x3f825fc0  T0      : 0x7ff00100  T1      : 0x80000000  T2      : 0xffffffff  
S0/FP   : 0x3fc920c0  S1      : 0x00000000  A0      : 0x600080c4  A1      : 0x00000100  
A2      : 0x7ff00000  A3      : 0x600c0048  A4      : 0x600c004c  A5      : 0x60008000  
A6      : 0x60008018  A7      : 0x80000000  S2      : 0x00000008  S3      : 0x00000000  
S4      : 0x00000800  S5      : 0x00000001  S6      : 0x00000000  S7      : 0x00000016  
S8      : 0x00000064  S9      : 0x00000000  S10     : 0x00000000  S11     : 0x00000000  
T3      : 0x60008044  T4      : 0x00000003  T5      : 0x00000000  T6      : 0x00000000  
MSTATUS : 0x00001880  MTVEC   : 0x40380001  MCAUSE  : 0x00000018  MTVAL   : 0x00000000  
MHARTID : 0x00000000  

Stack memory:
3fcb2750: 0x00000000 0x3fcaa214 0xdff20570 0x00000001 0x00000001 0x00000140 0x00000003 0x000000a0
3fcb2770: 0x00000000 0x00000000 0x0000000d 0x000001ce 0x3c168000 0x3c166000 0x00000001 0x00000001
3fcb2790: 0x00000000 0x00000c02 0x3fc920c0 0x40382c94 0x00000000 0x3fcaa214 0x00000000 0x420088a8
3fcb27b0: 0x00000000 0x00000000 0x00000001 0x00000000 0x00000000 0x00000000 0x3c166000 0x00000001
3fcb27d0: 0x3fcaa000 0x3fcaa214 0x3fc9188e 0x42008c4c 0x00000000 0x00000000 0x00000000 0x00000000
3fcb27f0: 0x00000000 0x00000000 0x00000000 0x00000000 0x3fcaa000 0x3fcaa000 0x3fca2000 0x4203eed0
3fcb2810: 0x00000000 0x00000000 0x00000000 0x00000000 0x00000000 0x00000000 0x00000000 0x00000000
3fcb2830: 0x00000000 0x00000000 0x00000000 0x80c96462 0x00000000 0x00000000 0x00000000 0x00000000
3fcb2850: 0x00000000 0x3fcaa000 0x00000000 0x420961aa 0x00000000 0x00000000 0x00000000 0x4038d822
3fcb2870: 0x00000000 0x00000000 0x00000000 0x00000000 0x00000000 0xa5a5a5a5 0xa5a5a5a5 0xa5a5a5a5
3fcb2890: 0xa5a5a5a5 0xa5a5a5a5 0xa5a5a5a5 0xbaad5678 0x00000160 0xabba1234 0x00000154 0x3fcb2700
3fcb28b0: 0x00000030 0x3fca608c 0x3fca608c 0x3fcb28ac 0x3fca6084 0x00000018 0x00000000 0x00000000
3fcb28d0: 0x3fcb28ac 0x00000000 0x00000001 0x3fcb089c 0x706f6f6c 0x6b736154 0x00000000 0x00000000
3fcb28f0: 0x00000000 0x3fcb2890 0x00000001 0x00000001 0x00000000 0x00000000 0x00000000 0x3fcabe44
3fcb2910: 0x3fcabeac 0x3fcabf14 0x00000000 0x00000000 0x00000001 0x00000000 0x00000000 0x00000000
3fcb2930: 0x42141012 0x00000000 0x00000000 0x00000000 0x00000000 0x00000000 0x00000000 0x00000000
3fcb2950: 0x00000000 0x00000000 0x00000000 0x00000000 0x00000000 0x00000000 0x00000000 0x00000000
3fcb2970: 0x00000000 0x00000000 0x00000000 0x00000000 0x00000000 0x00000000 0x00000000 0x00000000
3fcb2990: 0x00000000 0x00000000 0x00000000 0x00000000 0x00000000 0x00000000 0x00000000 0x00000000
3fcb29b0: 0x00000000 0x00000000 0x00000000 0x00000000 0x00000000 0x00000000 0x00000000 0x00000000
3fcb29d0: 0x00000000 0x00000000 0x00000000 0x00000000 0x00000000 0x00000000 0x00000000 0x00000000
3fcb29f0: 0x00000000 0x00000000 0x00000000 0x00000000 0xbaad5678 0x00029d05 0x3fcab794 0x3fcab794
3fcb2a10: 0x00000000 0x00000000 0x00000000 0x00000000 0x00000000 0x00000000 0x00000000 0x00000000
3fcb2a30: 0x00000000 0x00000000 0x00000000 0x00000000 0x00000000 0x00000000 0x00000000 0x00000000
3fcb2a50: 0x00000000 0x00000000 0x00000000 0x00000000 0x00000000 0x00000000 0x00000000 0x00000000
3fcb2a70: 0x00000000 0x00000000 0x00000000 0x00000000 0x00000000 0x00000000 0x00000000 0x00000000
3fcb2a90: 0x00000000 0x00000000 0x00000000 0x00000000 0x00000000 0x00000000 0x00000000 0x00000000
3fcb2ab0: 0x00000000 0x00000000 0x00000000 0x00000000 0x00000000 0x00000000 0x00000000 0x00000000
3fcb2ad0: 0x00000000 0x00000000 0x00000000 0x00000000 0x00000000 0x00000000 0x00000000 0x00000000
3fcb2af0: 0x00000000 0x00000000 0x00000000 0x00000000 0x00000000 0x00000000 0x00000000 0x00000000
3fcb2b10: 0x00000000 0x00000000 0x00000000 0x00000000 0x00000000 0x00000000 0x00000000 0x00000000
3fcb2b30: 0x00000000 0x00000000 0x00000000 0x00000000 0x00000000 0x00000000 0x00000000 0x00000000



ELF file SHA256: e3a78975f126ad0a

Rebooting...
[INFO  machine] Restarting emulator...
[INFO  machine] ROM ELF: 4468 symbols loaded
[INFO  machine] ROM ELF loaded, 15 functions patched for interception
[INFO  machine] CPU reset at ROM entry: PC=0x40000000, SP=0x3FCDE710
[INFO  machine] Emulator restarted (chip=esp32c3)
ESP-ROM:esp32c3-api1-20210207
Build:Feb  7 2021
rst:0x3 (RTC_SW_SYS_RST),boot:0x8 (SPI_FAST_FLASH_BOOT)
SPIWP:0xee
mode:DIO, clock div:1
load:0x3fcd5810,len:0x38c
load:0x403cc710,len:0x6a0
load:0x403ce710,len:0x2624
entry 0x403cc710
Guru Meditation Error: Core  0 panic'ed (Interrupt wdt timeout on CPU0). 

Core  0 register dump:
MEPC    : 0x403894a2  RA      : 0x40382b54  SP      : 0x3fcb2750  GP      : 0x3fc92000  
TP      : 0x3f825fc0  T0      : 0x7ff00100  T1      : 0x80000000  T2      : 0xffffffff  
S0/FP   : 0x3fc920c0  S1      : 0x00000000  A0      : 0x600080c4  A1      : 0x00000100  
A2      : 0x7ff00000  A3      : 0x600c0048  A4      : 0x600c004c  A5      : 0x60008000  
A6      : 0x60008018  A7      : 0x80000000  S2      : 0x00000008  S3      : 0x00000000  
S4      : 0x00000800  S5      : 0x00000001  S6      : 0x00000000  S7      : 0x00000016  
S8      : 0x00000064  S9      : 0x00000000  S10     : 0x00000000  S11     : 0x00000000  
T3      : 0x60008044  T4      : 0x00000003  T5      : 0x00000000  T6      : 0x00000000  
MSTATUS : 0x00001880  MTVEC   : 0x40380001  MCAUSE  : 0x00000018  MTVAL   : 0x00000000  
MHARTID : 0x00000000  

Stack memory:
3fcb2750: 0x00000000 0x3fcaa214 0xdff20570 0x00000001 0x00000001 0x00000140 0x00000003 0x000000a0
3fcb2770: 0x00000000 0x00000000 0x0000000d 0x000001ce 0x3c168000 0x3c166000 0x00000001 0x00000001
3fcb2790: 0x00000000 0x00000c02 0x3fc920c0 0x40382c94 0x00000000 0x3fcaa214 0x00000000 0x420088a8
3fcb27b0: 0x00000000 0x00000000 0x00000001 0x00000000 0x00000000 0x00000000 0x3c166000 0x00000001
3fcb27d0: 0x3fcaa000 0x3fcaa214 0x3fc9188e 0x42008c4c 0x00000000 0x00000000 0x00000000 0x00000000
3fcb27f0: 0x00000000 0x00000000 0x00000000 0x00000000 0x3fcaa000 0x3fcaa000 0x3fca2000 0x4203eed0
3fcb2810: 0x00000000 0x00000000 0x00000000 0x00000000 0x00000000 0x00000000 0x00000000 0x00000000
3fcb2830: 0x00000000 0x00000000 0x00000000 0xd983c8ca 0x00000000 0x00000000 0x00000000 0x00000000
3fcb2850: 0x00000000 0x3fcaa000 0x00000000 0x420961aa 0x00000000 0x00000000 0x00000000 0x4038d822
3fcb2870: 0x00000000 0x00000000 0x00000000 0x00000000 0x00000000 0xa5a5a5a5 0xa5a5a5a5 0xa5a5a5a5
3fcb2890: 0xa5a5a5a5 0xa5a5a5a5 0xa5a5a5a5 0xbaad5678 0x00000160 0xabba1234 0x00000154 0x3fcb2700
3fcb28b0: 0x00000030 0x3fca608c 0x3fca608c 0x3fcb28ac 0x3fca6084 0x00000018 0x00000000 0x00000000
3fcb28d0: 0x3fcb28ac 0x00000000 0x00000001 0x3fcb089c 0x706f6f6c 0x6b736154 0x00000000 0x00000000
3fcb28f0: 0x00000000 0x3fcb2890 0x00000001 0x00000001 0x00000000 0x00000000 0x00000000 0x3fcabe44
3fcb2910: 0x3fcabeac 0x3fcabf14 0x00000000 0x00000000 0x00000001 0x00000000 0x00000000 0x00000000
3fcb2930: 0x42141012 0x00000000 0x00000000 0x00000000 0x00000000 0x00000000 0x00000000 0x00000000
3fcb2950: 0x00000000 0x00000000 0x00000000 0x00000000 0x00000000 0x00000000 0x00000000 0x00000000
3fcb2970: 0x00000000 0x00000000 0x00000000 0x00000000 0x00000000 0x00000000 0x00000000 0x00000000
3fcb2990: 0x00000000 0x00000000 0x00000000 0x00000000 0x00000000 0x00000000 0x00000000 0x00000000
3fcb29b0: 0x00000000 0x00000000 0x00000000 0x00000000 0x00000000 0x00000000 0x00000000 0x00000000
3fcb29d0: 0x00000000 0x00000000 0x00000000 0x00000000 0x00000000 0x00000000 0x00000000 0x00000000
3fcb29f0: 0x00000000 0x00000000 0x00000000 0x00000000 0xbaad5678 0x00029d05 0x3fcab794 0x3fcab794
3fcb2a10: 0x00000000 0x00000000 0x00000000 0x00000000 0x00000000 0x00000000 0x00000000 0x00000000
3fcb2a30: 0x00000000 0x00000000 0x00000000 0x00000000 0x00000000 0x00000000 0x00000000 0x00000000
3fcb2a50: 0x00000000 0x00000000 0x00000000 0x00000000 0x00000000 0x00000000 0x00000000 0x00000000
3fcb2a70: 0x00000000 0x00000000 0x00000000 0x00000000 0x00000000 0x00000000 0x00000000 0x00000000
3fcb2a90: 0x00000000 0x00000000 0x00000000 0x00000000 0x00000000 0x00000000 0x00000000 0x00000000
3fcb2ab0: 0x00000000 0x00000000 0x00000000 0x00000000 0x00000000 0x00000000 0x00000000 0x00000000
3fcb2ad0: 0x00000000 0x00000000 0x00000000 0x00000000 0x00000000 0x00000000 0x00000000 0x00000000
3fcb2af0: 0x00000000 0x00000000 0x00000000 0x00000000 0x00000000 0x00000000 0x00000000 0x00000000
3fcb2b10: 0x00000000 0x00000000 0x00000000 0x00000000 0x00000000 0x00000000 0x00000000 0x00000000
3fcb2b30: 0x00000000 0x00000000 0x00000000 0x00000000 0x00000000 0x00000000 0x00000000 0x00000000



ELF file SHA256: e3a78975f126ad0a

Rebooting...
[INFO  machine] Restarting emulator...
[INFO  machine] ROM ELF: 4468 symbols loaded
[INFO  machine] ROM ELF loaded, 15 functions patched for interception
[INFO  machine] CPU reset at ROM entry: PC=0x40000000, SP=0x3FCDE710
[INFO  machine] Emulator restarted (chip=esp32c3)
ESP-ROM:esp32c3-api1-20210207
Build:Feb  7 2021
rst:0x3 (RTC_SW_SYS_RST),boot:0x8 (SPI_FAST_FLASH_BOOT)
SPIWP:0xee
mode:DIO, clock div:1
load:0x3fcd5810,len:0x38c
load:0x403cc710,len:0x6a0
load:0x403ce710,len:0x2624
entry 0x403cc710
Guru Meditation Error: Core  0 panic'ed (Interrupt wdt timeout on CPU0). 

Core  0 register dump:
MEPC    : 0x403894a2  RA      : 0x40382b54  SP      : 0x3fcb2750  GP      : 0x3fc92000  
TP      : 0x3f825fc0  T0      : 0x7ff00100  T1      : 0x80000000  T2      : 0xffffffff  
S0/FP   : 0x3fc920c0  S1      : 0x00000000  A0      : 0x600080c4  A1      : 0x00000100  
A2      : 0x7ff00000  A3      : 0x600c0048  A4      : 0x600c004c  A5      : 0x60008000  
A6      : 0x60008018  A7      : 0x80000000  S2      : 0x00000008  S3      : 0x00000000  
S4      : 0x00000800  S5      : 0x00000001  S6      : 0x00000000  S7      : 0x00000016  
S8      : 0x00000064  S9      : 0x00000000  S10     : 0x00000000  S11     : 0x00000000  
T3      : 0x60008044  T4      : 0x00000003  T5      : 0x00000000  T6      : 0x00000000  
MSTATUS : 0x00001880  MTVEC   : 0x40380001  MCAUSE  : 0x00000018  MTVAL   : 0x00000000  
MHARTID : 0x00000000  

Stack memory:
3fcb2750: 0x00000000 0x3fcaa214 0xdff20570 0x00000001 0x00000001 0x00000140 0x00000003 0x000000a0
3fcb2770: 0x00000000 0x00000000 0x0000000d 0x000001ce 0x3c168000 0x3c166000 0x00000001 0x00000001
3fcb2790: 0x00000000 0x00000c02 0x3fc920c0 0x40382c94 0x00000000 0x3fcaa214 0x00000000 0x420088a8
3fcb27b0: 0x00000000 0x00000000 0x00000001 0x00000000 0x00000000 0x00000000 0x3c166000 0x00000001
3fcb27d0: 0x3fcaa000 0x3fcaa214 0x3fc9188e 0x42008c4c 0x00000000 0x00000000 0x00000000 0x00000000
3fcb27f0: 0x00000000 0x00000000 0x00000000 0x00000000 0x3fcaa000 0x3fcaa000 0x3fca2000 0x4203eed0
3fcb2810: 0x00000000 0x00000000 0x00000000 0x00000000 0x00000000 0x00000000 0x00000000 0x00000000
3fcb2830: 0x00000000 0x00000000 0x00000000 0x02dc270c 0x00000000 0x00000000 0x00000000 0x00000000
3fcb2850: 0x00000000 0x3fcaa000 0x00000000 0x420961aa 0x00000000 0x00000000 0x00000000 0x4038d822
3fcb2870: 0x00000000 0x00000000 0x00000000 0x00000000 0x00000000 0xa5a5a5a5 0xa5a5a5a5 0xa5a5a5a5
3fcb2890: 0xa5a5a5a5 0xa5a5a5a5 0xa5a5a5a5 0xbaad5678 0x00000160 0xabba1234 0x00000154 0x3fcb2700
3fcb28b0: 0x00000030 0x3fca608c 0x3fca608c 0x3fcb28ac 0x3fca6084 0x00000018 0x00000000 0x00000000
3fcb28d0: 0x3fcb28ac 0x00000000 0x00000001 0x3fcb089c 0x706f6f6c 0x6b736154 0x00000000 0x00000000
3fcb28f0: 0x00000000 0x3fcb2890 0x00000001 0x00000001 0x00000000 0x00000000 0x00000000 0x3fcabe44
3fcb2910: 0x3fcabeac 0x3fcabf14 0x00000000 0x00000000 0x00000001 0x00000000 0x00000000 0x00000000
3fcb2930: 0x42141012 0x00000000 0x00000000 0x00000000 0x00000000 0x00000000 0x00000000 0x00000000
3fcb2950: 0x00000000 0x00000000 0x00000000 0x00000000 0x00000000 0x00000000 0x00000000 0x00000000
3fcb2970: 0x00000000 0x00000000 0x00000000 0x00000000 0x00000000 0x00000000 0x00000000 0x00000000
3fcb2990: 0x00000000 0x00000000 0x00000000 0x00000000 0x00000000 0x00000000 0x00000000 0x00000000
3fcb29b0: 0x00000000 0x00000000 0x00000000 0x00000000 0x00000000 0x00000000 0x00000000 0x00000000
3fcb29d0: 0x00000000 0x00000000 0x00000000 0x00000000 0x00000000 0x00000000 0x00000000 0x00000000
3fcb29f0: 0x00000000 0x00000000 0x00000000 0x00000000 0xbaad5678 0x00029d05 0x3fcab794 0x3fcab794
3fcb2a10: 0x00000000 0x00000000 0x00000000 0x00000000 0x00000000 0x00000000 0x00000000 0x00000000
3fcb2a30: 0x00000000 0x00000000 0x00000000 0x00000000 0x00000000 0x00000000 0x00000000 0x00000000
3fcb2a50: 0x00000000 0x00000000 0x00000000 0x00000000 0x00000000 0x00000000 0x00000000 0x00000000
3fcb2a70: 0x00000000 0x00000000 0x00000000 0x00000000 0x00000000 0x00000000 0x00000000 0x00000000
3fcb2a90: 0x00000000 0x00000000 0x00000000 0x00000000 0x00000000 0x00000000 0x00000000 0x00000000
3fcb2ab0: 0x00000000 0x00000000 0x00000000 0x00000000 0x00000000 0x00000000 0x00000000 0x00000000
3fcb2ad0: 0x00000000 0x00000000 0x00000000 0x00000000 0x00000000 0x00000000 0x00000000 0x00000000
3fcb2af0: 0x00000000 0x00000000 0x00000000 0x00000000 0x00000000 0x00000000 0x00000000 0x00000000
3fcb2b10: 0x00000000 0x00000000 0x00000000 0x00000000 0x00000000 0x00000000 0x00000000 0x00000000
3fcb2b30: 0x00000000 0x00000000 0x00000000 0x00000000 0x00000000 0x00000000 0x00000000 0x00000000



ELF file SHA256: e3a78975f126ad0a

Rebooting...
[INFO  machine] Restarting emulator...
[INFO  machine] ROM ELF: 4468 symbols loaded
[INFO  machine] ROM ELF loaded, 15 functions patched for interception
[INFO  machine] CPU reset at ROM entry: PC=0x40000000, SP=0x3FCDE710
[INFO  machine] Emulator restarted (chip=esp32c3)
ESP-ROM:esp32c3-api1-20210207
Build:Feb  7 2021
rst:0x3 (RTC_SW_SYS_RST),boot:0x8 (SPI_FAST_FLASH_BOOT)
SPIWP:0xee
mode:DIO, clock div:1
load:0x3fcd5810,len:0x38c
load:0x403cc710,len:0x6a0
load:0x403ce710,len:0x2624
entry 0x403cc710
Guru Meditation Error: Core  0 panic'ed (Interrupt wdt timeout on CPU0). 

Core  0 register dump:
MEPC    : 0x403894a2  RA      : 0x40382b54  SP      : 0x3fcb2750  GP      : 0x3fc92000  
TP      : 0x3f825fc0  T0      : 0x7ff00100  T1      : 0x80000000  T2      : 0xffffffff  
S0/FP   : 0x3fc920c0  S1      : 0x00000000  A0      : 0x600080c4  A1      : 0x00000100  
A2      : 0x7ff00000  A3      : 0x600c0048  A4      : 0x600c004c  A5      : 0x60008000  
A6      : 0x60008018  A7      : 0x80000000  S2      : 0x00000008  S3      : 0x00000000  
S4      : 0x00000800  S5      : 0x00000001  S6      : 0x00000000  S7      : 0x00000016  
S8      : 0x00000064  S9      : 0x00000000  S10     : 0x00000000  S11     : 0x00000000  
T3      : 0x60008044  T4      : 0x00000003  T5      : 0x00000000  T6      : 0x00000000  
MSTATUS : 0x00001880  MTVEC   : 0x40380001  MCAUSE  : 0x00000018  MTVAL   : 0x00000000  
MHARTID : 0x00000000  

Stack memory:
3fcb2750: 0x00000000 0x3fcaa214 0xdff20570 0x00000001 0x00000001 0x00000140 0x00000003 0x000000a0
3fcb2770: 0x00000000 0x00000000 0x0000000e 0x000001ce 0x3c168000 0x3c166000 0x00000001 0x00000001
3fcb2790: 0x00000000 0x00000c02 0x3fc920c0 0x40382c94 0x00000000 0x3fcaa214 0x00000000 0x420088a8
3fcb27b0: 0x00000000 0x00000000 0x00000001 0x00000000 0x00000000 0x00000000 0x3c166000 0x00000001
3fcb27d0: 0x3fcaa000 0x3fcaa214 0x3fc9188e 0x42008c4c 0x00000000 0x00000000 0x00000000 0x00000000
3fcb27f0: 0x00000000 0x00000000 0x00000000 0x00000000 0x3fcaa000 0x3fcaa000 0x3fca2000 0x4203eed0
3fcb2810: 0x00000000 0x00000000 0x00000000 0x00000000 0x00000000 0x00000000 0x00000000 0x00000000
3fcb2830: 0x00000000 0x00000000 0x00000000 0xf0f8f92a 0x00000000 0x00000000 0x00000000 0x00000000
3fcb2850: 0x00000000 0x3fcaa000 0x00000000 0x420961aa 0x00000000 0x00000000 0x00000000 0x4038d822
3fcb2870: 0x00000000 0x00000000 0x00000000 0x00000000 0x00000000 0xa5a5a5a5 0xa5a5a5a5 0xa5a5a5a5
3fcb2890: 0xa5a5a5a5 0xa5a5a5a5 0xa5a5a5a5 0xbaad5678 0x00000160 0xabba1234 0x00000154 0x3fcb2700
3fcb28b0: 0x00000030 0x3fca608c 0x3fca608c 0x3fcb28ac 0x3fca6084 0x00000018 0x00000000 0x00000000
3fcb28d0: 0x3fcb28ac 0x00000000 0x00000001 0x3fcb089c 0x706f6f6c 0x6b736154 0x00000000 0x00000000
3fcb28f0: 0x00000000 0x3fcb2890 0x00000001 0x00000001 0x00000000 0x00000000 0x00000000 0x3fcabe44
3fcb2910: 0x3fcabeac 0x3fcabf14 0x00000000 0x00000000 0x00000001 0x00000000 0x00000000 0x00000000
3fcb2930: 0x42141012 0x00000000 0x00000000 0x00000000 0x00000000 0x00000000 0x00000000 0x00000000
3fcb2950: 0x00000000 0x00000000 0x00000000 0x00000000 0x00000000 0x00000000 0x00000000 0x00000000
3fcb2970: 0x00000000 0x00000000 0x00000000 0x00000000 0x00000000 0x00000000 0x00000000 0x00000000
3fcb2990: 0x00000000 0x00000000 0x00000000 0x00000000 0x00000000 0x00000000 0x00000000 0x00000000
3fcb29b0: 0x00000000 0x00000000 0x00000000 0x00000000 0x00000000 0x00000000 0x00000000 0x00000000
3fcb29d0: 0x00000000 0x00000000 0x00000000 0x00000000 0x00000000 0x00000000 0x00000000 0x00000000
3fcb29f0: 0x00000000 0x00000000 0x00000000 0x00000000 0xbaad5678 0x00029d05 0x3fcab794 0x3fcab794
3fcb2a10: 0x00000000 0x00000000 0x00000000 0x00000000 0x00000000 0x00000000 0x00000000 0x00000000
3fcb2a30: 0x00000000 0x00000000 0x00000000 0x00000000 0x00000000 0x00000000 0x00000000 0x00000000
3fcb2a50: 0x00000000 0x00000000 0x00000000 0x00000000 0x00000000 0x00000000 0x00000000 0x00000000
3fcb2a70: 0x00000000 0x00000000 0x00000000 0x00000000 0x00000000 0x00000000 0x00000000 0x00000000
3fcb2a90: 0x00000000 0x00000000 0x00000000 0x00000000 0x00000000 0x00000000 0x00000000 0x00000000
3fcb2ab0: 0x00000000 0x00000000 0x00000000 0x00000000 0x00000000 0x00000000 0x00000000 0x00000000
3fcb2ad0: 0x00000000 0x00000000 0x00000000 0x00000000 0x00000000 0x00000000 0x00000000 0x00000000
3fcb2af0: 0x00000000 0x00000000 0x00000000 0x00000000 0x00000000 0x00000000 0x00000000 0x00000000
3fcb2b10: 0x00000000 0x00000000 0x00000000 0x00000000 0x00000000 0x00000000 0x00000000 0x00000000
3fcb2b30: 0x00000000 0x00000000 0x00000000 0x00000000 0x00000000 0x00000000 0x00000000 0x00000000



ELF file SHA256: e3a78975f126ad0a

Rebooting...
[INFO  machine] Restarting emulator...
[INFO  machine] ROM ELF: 4468 symbols loaded
[INFO  machine] ROM ELF loaded, 15 functions patched for interception
[INFO  machine] CPU reset at ROM entry: PC=0x40000000, SP=0x3FCDE710
[INFO  machine] Emulator restarted (chip=esp32c3)
ESP-ROM:esp32c3-api1-20210207
Build:Feb  7 2021
rst:0x3 (RTC_SW_SYS_RST),boot:0x8 (SPI_FAST_FLASH_BOOT)
SPIWP:0xee
mode:DIO, clock div:1
load:0x3fcd5810,len:0x38c
load:0x403cc710,len:0x6a0
load:0x403ce710,len:0x2624
entry 0x403cc710
Guru Meditation Error: Core  0 panic'ed (Interrupt wdt timeout on CPU0). 

Core  0 register dump:
MEPC    : 0x403894a2  RA      : 0x40382b54  SP      : 0x3fcb2750  GP      : 0x3fc92000  
TP      : 0x3f825fc0  T0      : 0x7ff00100  T1      : 0x80000000  T2      : 0xffffffff  
S0/FP   : 0x3fc920c0  S1      : 0x00000000  A0      : 0x600080c4  A1      : 0x00000100  
A2      : 0x7ff00000  A3      : 0x600c0048  A4      : 0x600c004c  A5      : 0x60008000  
A6      : 0x60008018  A7      : 0x80000000  S2      : 0x00000008  S3      : 0x00000000  
S4      : 0x00000800  S5      : 0x00000001  S6      : 0x00000000  S7      : 0x00000016  
S8      : 0x00000064  S9      : 0x00000000  S10     : 0x00000000  S11     : 0x00000000  
T3      : 0x60008044  T4      : 0x00000003  T5      : 0x00000000  T6      : 0x00000000  
MSTATUS : 0x00001880  MTVEC   : 0x40380001  MCAUSE  : 0x00000018  MTVAL   : 0x00000000  
MHARTID : 0x00000000  

Stack memory:
3fcb2750: 0x00000000 0x3fcaa214 0xdff20570 0x00000001 0x00000001 0x00000140 0x00000003 0x000000a0
3fcb2770: 0x00000000 0x00000000 0x0000000e 0x000001ce 0x3c168000 0x3c166000 0x00000001 0x00000001
3fcb2790: 0x00000000 0x00000c02 0x3fc920c0 0x40382c94 0x00000000 0x3fcaa214 0x00000000 0x420088a8
3fcb27b0: 0x00000000 0x00000000 0x00000001 0x00000000 0x00000000 0x00000000 0x3c166000 0x00000001
3fcb27d0: 0x3fcaa000 0x3fcaa214 0x3fc9188e 0x42008c4c 0x00000000 0x00000000 0x00000000 0x00000000
3fcb27f0: 0x00000000 0x00000000 0x00000000 0x00000000 0x3fcaa000 0x3fcaa000 0x3fca2000 0x4203eed0
3fcb2810: 0x00000000 0x00000000 0x00000000 0x00000000 0x00000000 0x00000000 0x00000000 0x00000000
3fcb2830: 0x00000000 0x00000000 0x00000000 0x3d0ed15e 0x00000000 0x00000000 0x00000000 0x00000000
3fcb2850: 0x00000000 0x3fcaa000 0x00000000 0x420961aa 0x00000000 0x00000000 0x00000000 0x4038d822
3fcb2870: 0x00000000 0x00000000 0x00000000 0x00000000 0x00000000 0xa5a5a5a5 0xa5a5a5a5 0xa5a5a5a5
3fcb2890: 0xa5a5a5a5 0xa5a5a5a5 0xa5a5a5a5 0xbaad5678 0x00000160 0xabba1234 0x00000154 0x3fcb2700
3fcb28b0: 0x00000030 0x3fca608c 0x3fca608c 0x3fcb28ac 0x3fca6084 0x00000018 0x00000000 0x00000000
3fcb28d0: 0x3fcb28ac 0x00000000 0x00000001 0x3fcb089c 0x706f6f6c 0x6b736154 0x00000000 0x00000000
3fcb28f0: 0x00000000 0x3fcb2890 0x00000001 0x00000001 0x00000000 0x00000000 0x00000000 0x3fcabe44
3fcb2910: 0x3fcabeac 0x3fcabf14 0x00000000 0x00000000 0x00000001 0x00000000 0x00000000 0x00000000
3fcb2930: 0x42141012 0x00000000 0x00000000 0x00000000 0x00000000 0x00000000 0x00000000 0x00000000
3fcb2950: 0x00000000 0x00000000 0x00000000 0x00000000 0x00000000 0x00000000 0x00000000 0x00000000
3fcb2970: 0x00000000 0x00000000 0x00000000 0x00000000 0x00000000 0x00000000 0x00000000 0x00000000
3fcb2990: 0x00000000 0x00000000 0x00000000 0x00000000 0x00000000 0x00000000 0x00000000 0x00000000
3fcb29b0: 0x00000000 0x00000000 0x00000000 0x00000000 0x00000000 0x00000000 0x00000000 0x00000000
3fcb29d0: 0x00000000 0x00000000 0x00000000 0x00000000 0x00000000 0x00000000 0x00000000 0x00000000
3fcb29f0: 0x00000000 0x00000000 0x00000000 0x00000000 0xbaad5678 0x00029d05 0x3fcab794 0x3fcab794
3fcb2a10: 0x00000000 0x00000000 0x00000000 0x00000000 0x00000000 0x00000000 0x00000000 0x00000000
3fcb2a30: 0x00000000 0x00000000 0x00000000 0x00000000 0x00000000 0x00000000 0x00000000 0x00000000
3fcb2a50: 0x00000000 0x00000000 0x00000000 0x00000000 0x00000000 0x00000000 0x00000000 0x00000000
3fcb2a70: 0x00000000 0x00000000 0x00000000 0x00000000 0x00000000 0x00000000 0x00000000 0x00000000
3fcb2a90: 0x00000000 0x00000000 0x00000000 0x00000000 0x00000000 0x00000000 0x00000000 0x00000000
3fcb2ab0: 0x00000000 0x00000000 0x00000000 0x00000000 0x00000000 0x00000000 0x00000000 0x00000000
3fcb2ad0: 0x00000000 0x00000000 0x00000000 0x00000000 0x00000000 0x00000000 0x00000000 0x00000000
3fcb2af0: 0x00000000 0x00000000 0x00000000 0x00000000 0x00000000 0x00000000 0x00000000 0x00000000
3fcb2b10: 0x00000000 0x00000000 0x00000000 0x00000000 0x00000000 0x00000000 0x00000000 0x00000000
3fcb2b30: 0x00000000 0x00000000 0x00000000 0x00000000 0x00000000 0x00000000 0x00000000 0x00000000



ELF file SHA256: e3a78975f126ad0a

Rebooting...
[INFO  machine] Restarting emulator...
[INFO  machine] ROM ELF: 4468 symbols loaded
[INFO  machine] ROM ELF loaded, 15 functions patched for interception
[INFO  machine] CPU reset at ROM entry: PC=0x40000000, SP=0x3FCDE710
[INFO  machine] Emulator restarted (chip=esp32c3)
ESP-ROM:esp32c3-api1-20210207
Build:Feb  7 2021
rst:0x3 (RTC_SW_SYS_RST),boot:0x8 (SPI_FAST_FLASH_BOOT)
SPIWP:0xee
mode:DIO, clock div:1
load:0x3fcd5810,len:0x38c
load:0x403cc710,len:0x6a0
load:0x403ce710,len:0x2624
entry 0x403cc710
Guru Meditation Error: Core  0 panic'ed (Interrupt wdt timeout on CPU0). 

Core  0 register dump:
MEPC    : 0x403894a2  RA      : 0x40382b54  SP      : 0x3fcb2750  GP      : 0x3fc92000  
TP      : 0x3f825fc0  T0      : 0x7ff00100  T1      : 0x80000000  T2      : 0xffffffff  
S0/FP   : 0x3fc920c0  S1      : 0x00000000  A0      : 0x600080c4  A1      : 0x00000100  
A2      : 0x7ff00000  A3      : 0x600c0048  A4      : 0x600c004c  A5      : 0x60008000  
A6      : 0x60008018  A7      : 0x80000000  S2      : 0x00000008  S3      : 0x00000000  
S4      : 0x00000800  S5      : 0x00000001  S6      : 0x00000000  S7      : 0x00000016  
S8      : 0x00000064  S9      : 0x00000000  S10     : 0x00000000  S11     : 0x00000000  
T3      : 0x60008044  T4      : 0x00000003  T5      : 0x00000000  T6      : 0x00000000  
MSTATUS : 0x00001880  MTVEC   : 0x40380001  MCAUSE  : 0x00000018  MTVAL   : 0x00000000  
MHARTID : 0x00000000  

Stack memory:
3fcb2750: 0x00000000 0x3fcaa214 0xdff20570 0x00000001 0x00000001 0x00000140 0x00000003 0x000000a0
3fcb2770: 0x00000000 0x00000000 0x0000000f 0x000001ce 0x3c168000 0x3c166000 0x00000001 0x00000001
3fcb2790: 0x00000000 0x00000c02 0x3fc920c0 0x40382c94 0x00000000 0x3fcaa214 0x00000000 0x420088a8
3fcb27b0: 0x00000000 0x00000000 0x00000001 0x00000000 0x00000000 0x00000000 0x3c166000 0x00000001
3fcb27d0: 0x3fcaa000 0x3fcaa214 0x3fc9188e 0x42008c4c 0x00000000 0x00000000 0x00000000 0x00000000
3fcb27f0: 0x00000000 0x00000000 0x00000000 0x00000000 0x3fcaa000 0x3fcaa000 0x3fca2000 0x4203eed0
3fcb2810: 0x00000000 0x00000000 0x00000000 0x00000000 0x00000000 0x00000000 0x00000000 0x00000000
3fcb2830: 0x00000000 0x00000000 0x00000000 0x5d42b370 0x00000000 0x00000000 0x00000000 0x00000000
3fcb2850: 0x00000000 0x3fcaa000 0x00000000 0x420961aa 0x00000000 0x00000000 0x00000000 0x4038d822
3fcb2870: 0x00000000 0x00000000 0x00000000 0x00000000 0x00000000 0xa5a5a5a5 0xa5a5a5a5 0xa5a5a5a5
3fcb2890: 0xa5a5a5a5 0xa5a5a5a5 0xa5a5a5a5 0xbaad5678 0x00000160 0xabba1234 0x00000154 0x3fcb2700
3fcb28b0: 0x00000030 0x3fca608c 0x3fca608c 0x3fcb28ac 0x3fca6084 0x00000018 0x00000000 0x00000000
3fcb28d0: 0x3fcb28ac 0x00000000 0x00000001 0x3fcb089c 0x706f6f6c 0x6b736154 0x00000000 0x00000000
3fcb28f0: 0x00000000 0x3fcb2890 0x00000001 0x00000001 0x00000000 0x00000000 0x00000000 0x3fcabe44
3fcb2910: 0x3fcabeac 0x3fcabf14 0x00000000 0x00000000 0x00000001 0x00000000 0x00000000 0x00000000
3fcb2930: 0x42141012 0x00000000 0x00000000 0x00000000 0x00000000 0x00000000 0x00000000 0x00000000
3fcb2950: 0x00000000 0x00000000 0x00000000 0x00000000 0x00000000 0x00000000 0x00000000 0x00000000
3fcb2970: 0x00000000 0x00000000 0x00000000 0x00000000 0x00000000 0x00000000 0x00000000 0x00000000
3fcb2990: 0x00000000 0x00000000 0x00000000 0x00000000 0x00000000 0x00000000 0x00000000 0x00000000
3fcb29b0: 0x00000000 0x00000000 0x00000000 0x00000000 0x00000000 0x00000000 0x00000000 0x00000000
3fcb29d0: 0x00000000 0x00000000 0x00000000 0x00000000 0x00000000 0x00000000 0x00000000 0x00000000
3fcb29f0: 0x00000000 0x00000000 0x00000000 0x00000000 0xbaad5678 0x00029d05 0x3fcab794 0x3fcab794
3fcb2a10: 0x00000000 0x00000000 0x00000000 0x00000000 0x00000000 0x00000000 0x00000000 0x00000000
3fcb2a30: 0x00000000 0x00000000 0x00000000 0x00000000 0x00000000 0x00000000 0x00000000 0x00000000
3fcb2a50: 0x00000000 0x00000000 0x00000000 0x00000000 0x00000000 0x00000000 0x00000000 0x00000000
3fcb2a70: 0x00000000 0x00000000 0x00000000 0x00000000 0x00000000 0x00000000 0x00000000 0x00000000
3fcb2a90: 0x00000000 0x00000000 0x00000000 0x00000000 0x00000000 0x00000000 0x00000000 0x00000000
3fcb2ab0: 0x00000000 0x00000000 0x00000000 0x00000000 0x00000000 0x00000000 0x00000000 0x00000000
3fcb2ad0: 0x00000000 0x00000000 0x00000000 0x00000000 0x00000000 0x00000000 0x00000000 0x00000000
3fcb2af0: 0x00000000 0x00000000 0x00000000 0x00000000 0x00000000 0x00000000 0x00000000 0x00000000
3fcb2b10: 0x00000000 0x00000000 0x00000000 0x00000000 0x00000000 0x00000000 0x00000000 0x00000000
3fcb2b30: 0x00000000 0x00000000 0x00000000 0x00000000 0x00000000 0x00000000 0x00000000 0x00000000



ELF file SHA256: e3a78975f126ad0a

Rebooting...
[INFO  machine] Restarting emulator...
[INFO  machine] ROM ELF: 4468 symbols loaded
[INFO  machine] ROM ELF loaded, 15 functions patched for interception
[INFO  machine] CPU reset at ROM entry: PC=0x40000000, SP=0x3FCDE710
[INFO  machine] Emulator restarted (chip=esp32c3)
ESP-ROM:esp32c3-api1-20210207
Build:Feb  7 2021
rst:0x3 (RTC_SW_SYS_RST),boot:0x8 (SPI_FAST_FLASH_BOOT)
SPIWP:0xee
mode:DIO, clock div:1
load:0x3fcd5810,len:0x38c
load:0x403cc710,len:0x6a0
load:0x403ce710,len:0x2624
entry 0x403cc710
Guru Meditation Error: Core  0 panic'ed (Interrupt wdt timeout on CPU0). 

Core  0 register dump:
MEPC    : 0x403894a2  RA      : 0x40382b54  SP      : 0x3fcb2750  GP      : 0x3fc92000  
TP      : 0x3f825fc0  T0      : 0x7ff00100  T1      : 0x80000000  T2      : 0xffffffff  
S0/FP   : 0x3fc920c0  S1      : 0x00000000  A0      : 0x600080c4  A1      : 0x00000100  
A2      : 0x7ff00000  A3      : 0x600c0048  A4      : 0x600c004c  A5      : 0x60008000  
A6      : 0x60008018  A7      : 0x80000000  S2      : 0x00000008  S3      : 0x00000000  
S4      : 0x00000800  S5      : 0x00000001  S6      : 0x00000000  S7      : 0x00000016  
S8      : 0x00000064  S9      : 0x00000000  S10     : 0x00000000  S11     : 0x00000000  
T3      : 0x60008044  T4      : 0x00000003  T5      : 0x00000000  T6      : 0x00000000  
MSTATUS : 0x00001880  MTVEC   : 0x40380001  MCAUSE  : 0x00000018  MTVAL   : 0x00000000  
MHARTID : 0x00000000  

Stack memory:
3fcb2750: 0x00000000 0x3fcaa214 0xdff20570 0x00000001 0x00000001 0x00000140 0x00000003 0x000000a0
3fcb2770: 0x00000000 0x00000000 0x0000000f 0x000001ce 0x3c168000 0x3c166000 0x00000001 0x00000001
3fcb2790: 0x00000000 0x00000c02 0x3fc920c0 0x40382c94 0x00000000 0x3fcaa214 0x00000000 0x420088a8
3fcb27b0: 0x00000000 0x00000000 0x00000001 0x00000000 0x00000000 0x00000000 0x3c166000 0x00000001
3fcb27d0: 0x3fcaa000 0x3fcaa214 0x3fc9188e 0x42008c4c 0x00000000 0x00000000 0x00000000 0x00000000
3fcb27f0: 0x00000000 0x00000000 0x00000000 0x00000000 0x3fcaa000 0x3fcaa000 0x3fca2000 0x4203eed0
3fcb2810: 0x00000000 0x00000000 0x00000000 0x00000000 0x00000000 0x00000000 0x00000000 0x00000000
3fcb2830: 0x00000000 0x00000000 0x00000000 0x2a2f681f 0x00000000 0x00000000 0x00000000 0x00000000
3fcb2850: 0x00000000 0x3fcaa000 0x00000000 0x420961aa 0x00000000 0x00000000 0x00000000 0x4038d822
3fcb2870: 0x00000000 0x00000000 0x00000000 0x00000000 0x00000000 0xa5a5a5a5 0xa5a5a5a5 0xa5a5a5a5
3fcb2890: 0xa5a5a5a5 0xa5a5a5a5 0xa5a5a5a5 0xbaad5678 0x00000160 0xabba1234 0x00000154 0x3fcb2700
3fcb28b0: 0x00000030 0x3fca608c 0x3fca608c 0x3fcb28ac 0x3fca6084 0x00000018 0x00000000 0x00000000
3fcb28d0: 0x3fcb28ac 0x00000000 0x00000001 0x3fcb089c 0x706f6f6c 0x6b736154 0x00000000 0x00000000
3fcb28f0: 0x00000000 0x3fcb2890 0x00000001 0x00000001 0x00000000 0x00000000 0x00000000 0x3fcabe44
3fcb2910: 0x3fcabeac 0x3fcabf14 0x00000000 0x00000000 0x00000001 0x00000000 0x00000000 0x00000000
3fcb2930: 0x42141012 0x00000000 0x00000000 0x00000000 0x00000000 0x00000000 0x00000000 0x00000000
3fcb2950: 0x00000000 0x00000000 0x00000000 0x00000000 0x00000000 0x00000000 0x00000000 0x00000000
3fcb2970: 0x00000000 0x00000000 0x00000000 0x00000000 0x00000000 0x00000000 0x00000000 0x00000000
3fcb2990: 0x00000000 0x00000000 0x00000000 0x00000000 0x00000000 0x00000000 0x00000000 0x00000000
3fcb29b0: 0x00000000 0x00000000 0x00000000 0x00000000 0x00000000 0x00000000 0x00000000 0x00000000
3fcb29d0: 0x00000000 0x00000000 0x00000000 0x00000000 0x00000000 0x00000000 0x00000000 0x00000000
3fcb29f0: 0x00000000 0x00000000 0x00000000 0x00000000 0xbaad5678 0x00029d05 0x3fcab794 0x3fcab794
3fcb2a10: 0x00000000 0x00000000 0x00000000 0x00000000 0x00000000 0x00000000 0x00000000 0x00000000
3fcb2a30: 0x00000000 0x00000000 0x00000000 0x00000000 0x00000000 0x00000000 0x00000000 0x00000000
3fcb2a50: 0x00000000 0x00000000 0x00000000 0x00000000 0x00000000 0x00000000 0x00000000 0x00000000
3fcb2a70: 0x00000000 0x00000000 0x00000000 0x00000000 0x00000000 0x00000000 0x00000000 0x00000000
3fcb2a90: 0x00000000 0x00000000 0x00000000 0x00000000 0x00000000 0x00000000 0x00000000 0x00000000
3fcb2ab0: 0x00000000 0x00000000 0x00000000 0x00000000 0x00000000 0x00000000 0x00000000 0x00000000
3fcb2ad0: 0x00000000 0x00000000 0x00000000 0x00000000 0x00000000 0x00000000 0x00000000 0x00000000
3fcb2af0: 0x00000000 0x00000000 0x00000000 0x00000000 0x00000000 0x00000000 0x00000000 0x00000000
3fcb2b10: 0x00000000 0x00000000 0x00000000 0x00000000 0x00000000 0x00000000 0x00000000 0x00000000
3fcb2b30: 0x00000000 0x00000000 0x00000000 0x00000000 0x00000000 0x00000000 0x00000000 0x00000000



ELF file SHA256: e3a78975f126ad0a

Rebooting...
[INFO  machine] Restarting emulator...
[INFO  machine] ROM ELF: 4468 symbols loaded
[INFO  machine] ROM ELF loaded, 15 functions patched for interception
[INFO  machine] CPU reset at ROM entry: PC=0x40000000, SP=0x3FCDE710
[INFO  machine] Emulator restarted (chip=esp32c3)
ESP-ROM:esp32c3-api1-20210207
Build:Feb  7 2021
rst:0x3 (RTC_SW_SYS_RST),boot:0x8 (SPI_FAST_FLASH_BOOT)
SPIWP:0xee
mode:DIO, clock div:1
load:0x3fcd5810,len:0x38c
load:0x403cc710,len:0x6a0
load:0x403ce710,len:0x2624
entry 0x403cc710
Guru Meditation Error: Core  0 panic'ed (Interrupt wdt timeout on CPU0). 

Core  0 register dump:
MEPC    : 0x403894a2  RA      : 0x40382b54  SP      : 0x3fcb2750  GP      : 0x3fc92000  
TP      : 0x3f825fc0  T0      : 0x7ff00100  T1      : 0x80000000  T2      : 0xffffffff  
S0/FP   : 0x3fc920c0  S1      : 0x00000000  A0      : 0x600080c4  A1      : 0x00000100  
A2      : 0x7ff00000  A3      : 0x600c0048  A4      : 0x600c004c  A5      : 0x60008000  
A6      : 0x60008018  A7      : 0x80000000  S2      : 0x00000008  S3      : 0x00000000  
S4      : 0x00000800  S5      : 0x00000001  S6      : 0x00000000  S7      : 0x00000016  
S8      : 0x00000064  S9      : 0x00000000  S10     : 0x00000000  S11     : 0x00000000  
T3      : 0x60008044  T4      : 0x00000003  T5      : 0x00000000  T6      : 0x00000000  
MSTATUS : 0x00001880  MTVEC   : 0x40380001  MCAUSE  : 0x00000018  MTVAL   : 0x00000000  
MHARTID : 0x00000000  

Stack memory:
3fcb2750: 0x00000000 0x3fcaa214 0xdff20570 0x00000001 0x00000001 0x00000140 0x00000003 0x000000a0
3fcb2770: 0x00000000 0x00000000 0x0000000f 0x000001ce 0x3c168000 0x3c166000 0x00000001 0x00000001
3fcb2790: 0x00000000 0x00000c02 0x3fc920c0 0x40382c94 0x00000000 0x3fcaa214 0x00000000 0x420088a8
3fcb27b0: 0x00000000 0x00000000 0x00000001 0x00000000 0x00000000 0x00000000 0x3c166000 0x00000001
3fcb27d0: 0x3fcaa000 0x3fcaa214 0x3fc9188e 0x42008c4c 0x00000000 0x00000000 0x00000000 0x00000000
3fcb27f0: 0x00000000 0x00000000 0x00000000 0x00000000 0x3fcaa000 0x3fcaa000 0x3fca2000 0x4203eed0
3fcb2810: 0x00000000 0x00000000 0x00000000 0x00000000 0x00000000 0x00000000 0x00000000 0x00000000
3fcb2830: 0x00000000 0x00000000 0x00000000 0x6bf76e64 0x00000000 0x00000000 0x00000000 0x00000000
3fcb2850: 0x00000000 0x3fcaa000 0x00000000 0x420961aa 0x00000000 0x00000000 0x00000000 0x4038d822
3fcb2870: 0x00000000 0x00000000 0x00000000 0x00000000 0x00000000 0xa5a5a5a5 0xa5a5a5a5 0xa5a5a5a5
3fcb2890: 0xa5a5a5a5 0xa5a5a5a5 0xa5a5a5a5 0xbaad5678 0x00000160 0xabba1234 0x00000154 0x3fcb2700
3fcb28b0: 0x00000030 0x3fca608c 0x3fca608c 0x3fcb28ac 0x3fca6084 0x00000018 0x00000000 0x00000000
3fcb28d0: 0x3fcb28ac 0x00000000 0x00000001 0x3fcb089c 0x706f6f6c 0x6b736154 0x00000000 0x00000000
3fcb28f0: 0x00000000 0x3fcb2890 0x00000001 0x00000001 0x00000000 0x00000000 0x00000000 0x3fcabe44
3fcb2910: 0x3fcabeac 0x3fcabf14 0x00000000 0x00000000 0x00000001 0x00000000 0x00000000 0x00000000
3fcb2930: 0x42141012 0x00000000 0x00000000 0x00000000 0x00000000 0x00000000 0x00000000 0x00000000
3fcb2950: 0x00000000 0x00000000 0x00000000 0x00000000 0x00000000 0x00000000 0x00000000 0x00000000
3fcb2970: 0x00000000 0x00000000 0x00000000 0x00000000 0x00000000 0x00000000 0x00000000 0x00000000
3fcb2990: 0x00000000 0x00000000 0x00000000 0x00000000 0x00000000 0x00000000 0x00000000 0x00000000
3fcb29b0: 0x00000000 0x00000000 0x00000000 0x00000000 0x00000000 0x00000000 0x00000000 0x00000000
3fcb29d0: 0x00000000 0x00000000 0x00000000 0x00000000 0x00000000 0x00000000 0x00000000 0x00000000
3fcb29f0: 0x00000000 0x00000000 0x00000000 0x00000000 0xbaad5678 0x00029d05 0x3fcab794 0x3fcab794
3fcb2a10: 0x00000000 0x00000000 0x00000000 0x00000000 0x00000000 0x00000000 0x00000000 0x00000000
3fcb2a30: 0x00000000 0x00000000 0x00000000 0x00000000 0x00000000 0x00000000 0x00000000 0x00000000
3fcb2a50: 0x00000000 0x00000000 0x00000000 0x00000000 0x00000000 0x00000000 0x00000000 0x00000000
3fcb2a70: 0x00000000 0x00000000 0x00000000 0x00000000 0x00000000 0x00000000 0x00000000 0x00000000
3fcb2a90: 0x00000000 0x00000000 0x00000000 0x00000000 0x00000000 0x00000000 0x00000000 0x00000000
3fcb2ab0: 0x00000000 0x00000000 0x00000000 0x00000000 0x00000000 0x00000000 0x00000000 0x00000000
3fcb2ad0: 0x00000000 0x00000000 0x00000000 0x00000000 0x00000000 0x00000000 0x00000000 0x00000000
3fcb2af0: 0x00000000 0x00000000 0x00000000 0x00000000 0x00000000 0x00000000 0x00000000 0x00000000
3fcb2b10: 0x00000000 0x00000000 0x00000000 0x00000000 0x00000000 0x00000000 0x00000000 0x00000000
3fcb2b30: 0x00000000 0x00000000 0x00000000 0x00000000 0x00000000 0x00000000 0x00000000 0x00000000



ELF file SHA256: e3a78975f126ad0a

Rebooting...
[INFO  machine] Restarting emulator...
[INFO  machine] ROM ELF: 4468 symbols loaded
[INFO  machine] ROM ELF loaded, 15 functions patched for interception
[INFO  machine] CPU reset at ROM entry: PC=0x40000000, SP=0x3FCDE710
[INFO  machine] Emulator restarted (chip=esp32c3)
ESP-ROM:esp32c3-api1-20210207
Build:Feb  7 2021
rst:0x3 (RTC_SW_SYS_RST),boot:0x8 (SPI_FAST_FLASH_BOOT)
SPIWP:0xee
mode:DIO, clock div:1
load:0x3fcd5810,len:0x38c
load:0x403cc710,len:0x6a0
load:0x403ce710,len:0x2624
entry 0x403cc710
Guru Meditation Error: Core  0 panic'ed (Interrupt wdt timeout on CPU0). 

Core  0 register dump:
MEPC    : 0x403894a2  RA      : 0x40382b54  SP      : 0x3fcb2750  GP      : 0x3fc92000  
TP      : 0x3f825fc0  T0      : 0x7ff00100  T1      : 0x80000000  T2      : 0xffffffff  
S0/FP   : 0x3fc920c0  S1      : 0x00000000  A0      : 0x600080c4  A1      : 0x00000100  
A2      : 0x7ff00000  A3      : 0x600c0048  A4      : 0x600c004c  A5      : 0x60008000  
A6      : 0x60008018  A7      : 0x80000000  S2      : 0x00000008  S3      : 0x00000000  
S4      : 0x00000800  S5      : 0x00000001  S6      : 0x00000000  S7      : 0x00000016  
S8      : 0x00000064  S9      : 0x00000000  S10     : 0x00000000  S11     : 0x00000000  
T3      : 0x60008044  T4      : 0x00000003  T5      : 0x00000000  T6      : 0x00000000  
MSTATUS : 0x00001880  MTVEC   : 0x40380001  MCAUSE  : 0x00000018  MTVAL   : 0x00000000  
MHARTID : 0x00000000  

Stack memory:
3fcb2750: 0x00000000 0x3fcaa214 0xdff20570 0x00000001 0x00000001 0x00000140 0x00000003 0x000000a0
3fcb2770: 0x00000000 0x00000000 0x00000010 0x000001ce 0x3c168000 0x3c166000 0x00000001 0x00000001
3fcb2790: 0x00000000 0x00000c02 0x3fc920c0 0x40382c94 0x00000000 0x3fcaa214 0x00000000 0x420088a8
3fcb27b0: 0x00000000 0x00000000 0x00000001 0x00000000 0x00000000 0x00000000 0x3c166000 0x00000001
3fcb27d0: 0x3fcaa000 0x3fcaa214 0x3fc9188e 0x42008c4c 0x00000000 0x00000000 0x00000000 0x00000000
3fcb27f0: 0x00000000 0x00000000 0x00000000 0x00000000 0x3fcaa000 0x3fcaa000 0x3fca2000 0x4203eed0
3fcb2810: 0x00000000 0x00000000 0x00000000 0x00000000 0x00000000 0x00000000 0x00000000 0x00000000
3fcb2830: 0x00000000 0x00000000 0x00000000 0x7cd51abc 0x00000000 0x00000000 0x00000000 0x00000000
3fcb2850: 0x00000000 0x3fcaa000 0x00000000 0x420961aa 0x00000000 0x00000000 0x00000000 0x4038d822
3fcb2870: 0x00000000 0x00000000 0x00000000 0x00000000 0x00000000 0xa5a5a5a5 0xa5a5a5a5 0xa5a5a5a5
3fcb2890: 0xa5a5a5a5 0xa5a5a5a5 0xa5a5a5a5 0xbaad5678 0x00000160 0xabba1234 0x00000154 0x3fcb2700
3fcb28b0: 0x00000030 0x3fca608c 0x3fca608c 0x3fcb28ac 0x3fca6084 0x00000018 0x00000000 0x00000000
3fcb28d0: 0x3fcb28ac 0x00000000 0x00000001 0x3fcb089c 0x706f6f6c 0x6b736154 0x00000000 0x00000000
3fcb28f0: 0x00000000 0x3fcb2890 0x00000001 0x00000001 0x00000000 0x00000000 0x00000000 0x3fcabe44
3fcb2910: 0x3fcabeac 0x3fcabf14 0x00000000 0x00000000 0x00000001 0x00000000 0x00000000 0x00000000
3fcb2930: 0x42141012 0x00000000 0x00000000 0x00000000 0x00000000 0x00000000 0x00000000 0x00000000
3fcb2950: 0x00000000 0x00000000 0x00000000 0x00000000 0x00000000 0x00000000 0x00000000 0x00000000
3fcb2970: 0x00000000 0x00000000 0x00000000 0x00000000 0x00000000 0x00000000 0x00000000 0x00000000
3fcb2990: 0x00000000 0x00000000 0x00000000 0x00000000 0x00000000 0x00000000 0x00000000 0x00000000
3fcb29b0: 0x00000000 0x00000000 0x00000000 0x00000000 0x00000000 0x00000000 0x00000000 0x00000000
3fcb29d0: 0x00000000 0x00000000 0x00000000 0x00000000 0x00000000 0x00000000 0x00000000 0x00000000
3fcb29f0: 0x00000000 0x00000000 0x00000000 0x00000000 0xbaad5678 0x00029d05 0x3fcab794 0x3fcab794
3fcb2a10: 0x00000000 0x00000000 0x00000000 0x00000000 0x00000000 0x00000000 0x00000000 0x00000000
3fcb2a30: 0x00000000 0x00000000 0x00000000 0x00000000 0x00000000 0x00000000 0x00000000 0x00000000
3fcb2a50: 0x00000000 0x00000000 0x00000000 0x00000000 0x00000000 0x00000000 0x00000000 0x00000000
3fcb2a70: 0x00000000 0x00000000 0x00000000 0x00000000 0x00000000 0x00000000 0x00000000 0x00000000
3fcb2a90: 0x00000000 0x00000000 0x00000000 0x00000000 0x00000000 0x00000000 0x00000000 0x00000000
3fcb2ab0: 0x00000000 0x00000000 0x00000000 0x00000000 0x00000000 0x00000000 0x00000000 0x00000000
3fcb2ad0: 0x00000000 0x00000000 0x00000000 0x00000000 0x00000000 0x00000000 0x00000000 0x00000000
3fcb2af0: 0x00000000 0x00000000 0x00000000 0x00000000 0x00000000 0x00000000 0x00000000 0x00000000
3fcb2b10: 0x00000000 0x00000000 0x00000000 0x00000000 0x00000000 0x00000000 0x00000000 0x00000000
3fcb2b30: 0x00000000 0x00000000 0x00000000 0x00000000 0x00000000 0x00000000 0x00000000 0x00000000



ELF file SHA256: e3a78975f126ad0a

Rebooting...
[INFO  machine] Restarting emulator...
[INFO  machine] ROM ELF: 4468 symbols loaded
[INFO  machine] ROM ELF loaded, 15 functions patched for interception
[INFO  machine] CPU reset at ROM entry: PC=0x40000000, SP=0x3FCDE710
[INFO  machine] Emulator restarted (chip=esp32c3)
ESP-ROM:esp32c3-api1-20210207
Build:Feb  7 2021
rst:0x3 (RTC_SW_SYS_RST),boot:0x8 (SPI_FAST_FLASH_BOOT)
SPIWP:0xee
mode:DIO, clock div:1
load:0x3fcd5810,len:0x38c
load:0x403cc710,len:0x6a0
load:0x403ce710,len:0x2624
entry 0x403cc710
Guru Meditation Error: Core  0 panic'ed (Interrupt wdt timeout on CPU0). 

Core  0 register dump:
MEPC    : 0x403894a2  RA      : 0x40382b54  SP      : 0x3fcb2750  GP      : 0x3fc92000  
TP      : 0x3f825fc0  T0      : 0x7ff00100  T1      : 0x80000000  T2      : 0xffffffff  
S0/FP   : 0x3fc920c0  S1      : 0x00000000  A0      : 0x600080c4  A1      : 0x00000100  
A2      : 0x7ff00000  A3      : 0x600c0048  A4      : 0x600c004c  A5      : 0x60008000  
A6      : 0x60008018  A7      : 0x80000000  S2      : 0x00000008  S3      : 0x00000000  
S4      : 0x00000800  S5      : 0x00000001  S6      : 0x00000000  S7      : 0x00000016  
S8      : 0x00000064  S9      : 0x00000000  S10     : 0x00000000  S11     : 0x00000000  
T3      : 0x60008044  T4      : 0x00000003  T5      : 0x00000000  T6      : 0x00000000  
MSTATUS : 0x00001880  MTVEC   : 0x40380001  MCAUSE  : 0x00000018  MTVAL   : 0x00000000  
MHARTID : 0x00000000  

Stack memory:
3fcb2750: 0x00000000 0x3fcaa214 0xdff20570 0x00000001 0x00000001 0x00000140 0x00000003 0x000000a0
3fcb2770: 0x00000000 0x00000000 0x00000010 0x000001ce 0x3c168000 0x3c166000 0x00000001 0x00000001
3fcb2790: 0x00000000 0x00000c02 0x3fc920c0 0x40382c94 0x00000000 0x3fcaa214 0x00000000 0x420088a8
3fcb27b0: 0x00000000 0x00000000 0x00000001 0x00000000 0x00000000 0x00000000 0x3c166000 0x00000001
3fcb27d0: 0x3fcaa000 0x3fcaa214 0x3fc9188e 0x42008c4c 0x00000000 0x00000000 0x00000000 0x00000000
3fcb27f0: 0x00000000 0x00000000 0x00000000 0x00000000 0x3fcaa000 0x3fcaa000 0x3fca2000 0x4203eed0
3fcb2810: 0x00000000 0x00000000 0x00000000 0x00000000 0x00000000 0x00000000 0x00000000 0x00000000
3fcb2830: 0x00000000 0x00000000 0x00000000 0xcaa0ca30 0x00000000 0x00000000 0x00000000 0x00000000
3fcb2850: 0x00000000 0x3fcaa000 0x00000000 0x420961aa 0x00000000 0x00000000 0x00000000 0x4038d822
3fcb2870: 0x00000000 0x00000000 0x00000000 0x00000000 0x00000000 0xa5a5a5a5 0xa5a5a5a5 0xa5a5a5a5
3fcb2890: 0xa5a5a5a5 0xa5a5a5a5 0xa5a5a5a5 0xbaad5678 0x00000160 0xabba1234 0x00000154 0x3fcb2700
3fcb28b0: 0x00000030 0x3fca608c 0x3fca608c 0x3fcb28ac 0x3fca6084 0x00000018 0x00000000 0x00000000
3fcb28d0: 0x3fcb28ac 0x00000000 0x00000001 0x3fcb089c 0x706f6f6c 0x6b736154 0x00000000 0x00000000
3fcb28f0: 0x00000000 0x3fcb2890 0x00000001 0x00000001 0x00000000 0x00000000 0x00000000 0x3fcabe44
3fcb2910: 0x3fcabeac 0x3fcabf14 0x00000000 0x00000000 0x00000001 0x00000000 0x00000000 0x00000000
3fcb2930: 0x42141012 0x00000000 0x00000000 0x00000000 0x00000000 0x00000000 0x00000000 0x00000000
3fcb2950: 0x00000000 0x00000000 0x00000000 0x00000000 0x00000000 0x00000000 0x00000000 0x00000000
3fcb2970: 0x00000000 0x00000000 0x00000000 0x00000000 0x00000000 0x00000000 0x00000000 0x00000000
3fcb2990: 0x00000000 0x00000000 0x00000000 0x00000000 0x00000000 0x00000000 0x00000000 0x00000000
3fcb29b0: 0x00000000 0x00000000 0x00000000 0x00000000 0x00000000 0x00000000 0x00000000 0x00000000
3fcb29d0: 0x00000000 0x00000000 0x00000000 0x00000000 0x00000000 0x00000000 0x00000000 0x00000000
3fcb29f0: 0x00000000 0x00000000 0x00000000 0x00000000 0xbaad5678 0x00029d05 0x3fcab794 0x3fcab794
3fcb2a10: 0x00000000 0x00000000 0x00000000 0x00000000 0x00000000 0x00000000 0x00000000 0x00000000
3fcb2a30: 0x00000000 0x00000000 0x00000000 0x00000000 0x00000000 0x00000000 0x00000000 0x00000000
3fcb2a50: 0x00000000 0x00000000 0x00000000 0x00000000 0x00000000 0x00000000 0x00000000 0x00000000
3fcb2a70: 0x00000000 0x00000000 0x00000000 0x00000000 0x00000000 0x00000000 0x00000000 0x00000000
3fcb2a90: 0x00000000 0x00000000 0x00000000 0x00000000 0x00000000 0x00000000 0x00000000 0x00000000
3fcb2ab0: 0x00000000 0x00000000 0x00000000 0x00000000 0x00000000 0x00000000 0x00000000 0x00000000
3fcb2ad0: 0x00000000 0x00000000 0x00000000 0x00000000 0x00000000 0x00000000 0x00000000 0x00000000
3fcb2af0: 0x00000000 0x00000000 0x00000000 0x00000000 0x00000000 0x00000000 0x00000000 0x00000000
3fcb2b10: 0x00000000 0x00000000 0x00000000 0x00000000 0x00000000 0x00000000 0x00000000 0x00000000
3fcb2b30: 0x00000000 0x00000000 0x00000000 0x00000000 0x00000000 0x00000000 0x00000000 0x00000000



ELF file SHA256: e3a78975f126ad0a

Rebooting...
[INFO  machine] Restarting emulator...
[INFO  machine] ROM ELF: 4468 symbols loaded
[INFO  machine] ROM ELF loaded, 15 functions patched for interception
[INFO  machine] CPU reset at ROM entry: PC=0x40000000, SP=0x3FCDE710
[INFO  machine] Emulator restarted (chip=esp32c3)
ESP-ROM:esp32c3-api1-20210207
Build:Feb  7 2021
rst:0x3 (RTC_SW_SYS_RST),boot:0x8 (SPI_FAST_FLASH_BOOT)
SPIWP:0xee
mode:DIO, clock div:1
load:0x3fcd5810,len:0x38c
load:0x403cc710,len:0x6a0
load:0x403ce710,len:0x2624
entry 0x403cc710
Guru Meditation Error: Core  0 panic'ed (Interrupt wdt timeout on CPU0). 

Core  0 register dump:
MEPC    : 0x403894a2  RA      : 0x40382b54  SP      : 0x3fcb2750  GP      : 0x3fc92000  
TP      : 0x3f825fc0  T0      : 0x7ff00100  T1      : 0x80000000  T2      : 0xffffffff  
S0/FP   : 0x3fc920c0  S1      : 0x00000000  A0      : 0x600080c4  A1      : 0x00000100  
A2      : 0x7ff00000  A3      : 0x600c0048  A4      : 0x600c004c  A5      : 0x60008000  
A6      : 0x60008018  A7      : 0x80000000  S2      : 0x00000008  S3      : 0x00000000  
S4      : 0x00000800  S5      : 0x00000001  S6      : 0x00000000  S7      : 0x00000016  
S8      : 0x00000064  S9      : 0x00000000  S10     : 0x00000000  S11     : 0x00000000  
T3      : 0x60008044  T4      : 0x00000003  T5      : 0x00000000  T6      : 0x00000000  
MSTATUS : 0x00001880  MTVEC   : 0x40380001  MCAUSE  : 0x00000018  MTVAL   : 0x00000000  
MHARTID : 0x00000000  

Stack memory:
3fcb2750: 0x00000000 0x3fcaa214 0xdff20570 0x00000001 0x00000001 0x00000140 0x00000003 0x000000a0
3fcb2770: 0x00000000 0x00000000 0x00000011 0x000001ce 0x3c168000 0x3c166000 0x00000001 0x00000001
3fcb2790: 0x00000000 0x00000c02 0x3fc920c0 0x40382c94 0x00000000 0x3fcaa214 0x00000000 0x420088a8
3fcb27b0: 0x00000000 0x00000000 0x00000001 0x00000000 0x00000000 0x00000000 0x3c166000 0x00000001
3fcb27d0: 0x3fcaa000 0x3fcaa214 0x3fc9188e 0x42008c4c 0x00000000 0x00000000 0x00000000 0x00000000
3fcb27f0: 0x00000000 0x00000000 0x00000000 0x00000000 0x3fcaa000 0x3fcaa000 0x3fca2000 0x4203eed0
3fcb2810: 0x00000000 0x00000000 0x00000000 0x00000000 0x00000000 0x00000000 0x00000000 0x00000000
3fcb2830: 0x00000000 0x00000000 0x00000000 0x9dea168b 0x00000000 0x00000000 0x00000000 0x00000000
3fcb2850: 0x00000000 0x3fcaa000 0x00000000 0x420961aa 0x00000000 0x00000000 0x00000000 0x4038d822
3fcb2870: 0x00000000 0x00000000 0x00000000 0x00000000 0x00000000 0xa5a5a5a5 0xa5a5a5a5 0xa5a5a5a5
3fcb2890: 0xa5a5a5a5 0xa5a5a5a5 0xa5a5a5a5 0xbaad5678 0x00000160 0xabba1234 0x00000154 0x3fcb2700
3fcb28b0: 0x00000030 0x3fca608c 0x3fca608c 0x3fcb28ac 0x3fca6084 0x00000018 0x00000000 0x00000000
3fcb28d0: 0x3fcb28ac 0x00000000 0x00000001 0x3fcb089c 0x706f6f6c 0x6b736154 0x00000000 0x00000000
3fcb28f0: 0x00000000 0x3fcb2890 0x00000001 0x00000001 0x00000000 0x00000000 0x00000000 0x3fcabe44
3fcb2910: 0x3fcabeac 0x3fcabf14 0x00000000 0x00000000 0x00000001 0x00000000 0x00000000 0x00000000
3fcb2930: 0x42141012 0x00000000 0x00000000 0x00000000 0x00000000 0x00000000 0x00000000 0x00000000
3fcb2950: 0x00000000 0x00000000 0x00000000 0x00000000 0x00000000 0x00000000 0x00000000 0x00000000
3fcb2970: 0x00000000 0x00000000 0x00000000 0x00000000 0x00000000 0x00000000 0x00000000 0x00000000
3fcb2990: 0x00000000 0x00000000 0x00000000 0x00000000 0x00000000 0x00000000 0x00000000 0x00000000
3fcb29b0: 0x00000000 0x00000000 0x00000000 0x00000000 0x00000000 0x00000000 0x00000000 0x00000000
3fcb29d0: 0x00000000 0x00000000 0x00000000 0x00000000 0x00000000 0x00000000 0x00000000 0x00000000
3fcb29f0: 0x00000000 0x00000000 0x00000000 0x00000000 0xbaad5678 0x00029d05 0x3fcab794 0x3fcab794
3fcb2a10: 0x00000000 0x00000000 0x00000000 0x00000000 0x00000000 0x00000000 0x00000000 0x00000000
3fcb2a30: 0x00000000 0x00000000 0x00000000 0x00000000 0x00000000 0x00000000 0x00000000 0x00000000
3fcb2a50: 0x00000000 0x00000000 0x00000000 0x00000000 0x00000000 0x00000000 0x00000000 0x00000000
3fcb2a70: 0x00000000 0x00000000 0x00000000 0x00000000 0x00000000 0x00000000 0x00000000 0x00000000
3fcb2a90: 0x00000000 0x00000000 0x00000000 0x00000000 0x00000000 0x00000000 0x00000000 0x00000000
3fcb2ab0: 0x00000000 0x00000000 0x00000000 0x00000000 0x00000000 0x00000000 0x00000000 0x00000000
3fcb2ad0: 0x00000000 0x00000000 0x00000000 0x00000000 0x00000000 0x00000000 0x00000000 0x00000000
3fcb2af0: 0x00000000 0x00000000 0x00000000 0x00000000 0x00000000 0x00000000 0x00000000 0x00000000
3fcb2b10: 0x00000000 0x00000000 0x00000000 0x00000000 0x00000000 0x00000000 0x00000000 0x00000000
3fcb2b30: 0x00000000 0x00000000 0x00000000 0x00000000 0x00000000 0x00000000 0x00000000 0x00000000



ELF file SHA256: e3a78975f126ad0a

Rebooting...
[INFO  machine] Restarting emulator...
[INFO  machine] ROM ELF: 4468 symbols loaded
[INFO  machine] ROM ELF loaded, 15 functions patched for interception
[INFO  machine] CPU reset at ROM entry: PC=0x40000000, SP=0x3FCDE710
[INFO  machine] Emulator restarted (chip=esp32c3)
ESP-ROM:esp32c3-api1-20210207
Build:Feb  7 2021
rst:0x3 (RTC_SW_SYS_RST),boot:0x8 (SPI_FAST_FLASH_BOOT)
SPIWP:0xee
mode:DIO, clock div:1
load:0x3fcd5810,len:0x38c
load:0x403cc710,len:0x6a0
load:0x403ce710,len:0x2624
entry 0x403cc710
Guru Meditation Error: Core  0 panic'ed (Interrupt wdt timeout on CPU0). 

Core  0 register dump:
MEPC    : 0x403894a2  RA      : 0x40382b54  SP      : 0x3fcb2750  GP      : 0x3fc92000  
TP      : 0x3f825fc0  T0      : 0x7ff00100  T1      : 0x80000000  T2      : 0xffffffff  
S0/FP   : 0x3fc920c0  S1      : 0x00000000  A0      : 0x600080c4  A1      : 0x00000100  
A2      : 0x7ff00000  A3      : 0x600c0048  A4      : 0x600c004c  A5      : 0x60008000  
A6      : 0x60008018  A7      : 0x80000000  S2      : 0x00000008  S3      : 0x00000000  
S4      : 0x00000800  S5      : 0x00000001  S6      : 0x00000000  S7      : 0x00000016  
S8      : 0x00000064  S9      : 0x00000000  S10     : 0x00000000  S11     : 0x00000000  
T3      : 0x60008044  T4      : 0x00000003  T5      : 0x00000000  T6      : 0x00000000  
MSTATUS : 0x00001880  MTVEC   : 0x40380001  MCAUSE  : 0x00000018  MTVAL   : 0x00000000  
MHARTID : 0x00000000  

Stack memory:
3fcb2750: 0x00000000 0x3fcaa214 0xdff20570 0x00000001 0x00000001 0x00000140 0x00000003 0x000000a0
3fcb2770: 0x00000000 0x00000000 0x00000011 0x000001ce 0x3c168000 0x3c166000 0x00000001 0x00000001
3fcb2790: 0x00000000 0x00000c02 0x3fc920c0 0x40382c94 0x00000000 0x3fcaa214 0x00000000 0x420088a8
3fcb27b0: 0x00000000 0x00000000 0x00000001 0x00000000 0x00000000 0x00000000 0x3c166000 0x00000001
3fcb27d0: 0x3fcaa000 0x3fcaa214 0x3fc9188e 0x42008c4c 0x00000000 0x00000000 0x00000000 0x00000000
3fcb27f0: 0x00000000 0x00000000 0x00000000 0x00000000 0x3fcaa000 0x3fcaa000 0x3fca2000 0x4203eed0
3fcb2810: 0x00000000 0x00000000 0x00000000 0x00000000 0x00000000 0x00000000 0x00000000 0x00000000
3fcb2830: 0x00000000 0x00000000 0x00000000 0x1438deda 0x00000000 0x00000000 0x00000000 0x00000000
3fcb2850: 0x00000000 0x3fcaa000 0x00000000 0x420961aa 0x00000000 0x00000000 0x00000000 0x4038d822
3fcb2870: 0x00000000 0x00000000 0x00000000 0x00000000 0x00000000 0xa5a5a5a5 0xa5a5a5a5 0xa5a5a5a5
3fcb2890: 0xa5a5a5a5 0xa5a5a5a5 0xa5a5a5a5 0xbaad5678 0x00000160 0xabba1234 0x00000154 0x3fcb2700
3fcb28b0: 0x00000030 0x3fca608c 0x3fca608c 0x3fcb28ac 0x3fca6084 0x00000018 0x00000000 0x00000000
3fcb28d0: 0x3fcb28ac 0x00000000 0x00000001 0x3fcb089c 0x706f6f6c 0x6b736154 0x00000000 0x00000000
3fcb28f0: 0x00000000 0x3fcb2890 0x00000001 0x00000001 0x00000000 0x00000000 0x00000000 0x3fcabe44
3fcb2910: 0x3fcabeac 0x3fcabf14 0x00000000 0x00000000 0x00000001 0x00000000 0x00000000 0x00000000
3fcb2930: 0x42141012 0x00000000 0x00000000 0x00000000 0x00000000 0x00000000 0x00000000 0x00000000
3fcb2950: 0x00000000 0x00000000 0x00000000 0x00000000 0x00000000 0x00000000 0x00000000 0x00000000
3fcb2970: 0x00000000 0x00000000 0x00000000 0x00000000 0x00000000 0x00000000 0x00000000 0x00000000
3fcb2990: 0x00000000 0x00000000 0x00000000 0x00000000 0x00000000 0x00000000 0x00000000 0x00000000
3fcb29b0: 0x00000000 0x00000000 0x00000000 0x00000000 0x00000000 0x00000000 0x00000000 0x00000000
3fcb29d0: 0x00000000 0x00000000 0x00000000 0x00000000 0x00000000 0x00000000 0x00000000 0x00000000
3fcb29f0: 0x00000000 0x00000000 0x00000000 0x00000000 0xbaad5678 0x00029d05 0x3fcab794 0x3fcab794
3fcb2a10: 0x00000000 0x00000000 0x00000000 0x00000000 0x00000000 0x00000000 0x00000000 0x00000000
3fcb2a30: 0x00000000 0x00000000 0x00000000 0x00000000 0x00000000 0x00000000 0x00000000 0x00000000
3fcb2a50: 0x00000000 0x00000000 0x00000000 0x00000000 0x00000000 0x00000000 0x00000000 0x00000000
3fcb2a70: 0x00000000 0x00000000 0x00000000 0x00000000 0x00000000 0x00000000 0x00000000 0x00000000
3fcb2a90: 0x00000000 0x00000000 0x00000000 0x00000000 0x00000000 0x00000000 0x00000000 0x00000000
3fcb2ab0: 0x00000000 0x00000000 0x00000000 0x00000000 0x00000000 0x00000000 0x00000000 0x00000000
3fcb2ad0: 0x00000000 0x00000000 0x00000000 0x00000000 0x00000000 0x00000000 0x00000000 0x00000000
3fcb2af0: 0x00000000 0x00000000 0x00000000 0x00000000 0x00000000 0x00000000 0x00000000 0x00000000
3fcb2b10: 0x00000000 0x00000000 0x00000000 0x00000000 0x00000000 0x00000000 0x00000000 0x00000000
3fcb2b30: 0x00000000 0x00000000 0x00000000 0x00000000 0x00000000 0x00000000 0x00000000 0x00000000



ELF file SHA256: e3a78975f126ad0a

Rebooting...
[INFO  machine] Restarting emulator...
[INFO  machine] ROM ELF: 4468 symbols loaded
[INFO  machine] ROM ELF loaded, 15 functions patched for interception
[INFO  machine] CPU reset at ROM entry: PC=0x40000000, SP=0x3FCDE710
[INFO  machine] Emulator restarted (chip=esp32c3)
ESP-ROM:esp32c3-api1-20210207
Build:Feb  7 2021
rst:0x3 (RTC_SW_SYS_RST),boot:0x8 (SPI_FAST_FLASH_BOOT)
SPIWP:0xee
mode:DIO, clock div:1
load:0x3fcd5810,len:0x38c
load:0x403cc710,len:0x6a0
load:0x403ce710,len:0x2624
entry 0x403cc710
Guru Meditation Error: Core  0 panic'ed (Interrupt wdt timeout on CPU0). 

Core  0 register dump:
MEPC    : 0x403894a2  RA      : 0x40382b54  SP      : 0x3fcb2750  GP      : 0x3fc92000  
TP      : 0x3f825fc0  T0      : 0x7ff00100  T1      : 0x80000000  T2      : 0xffffffff  
S0/FP   : 0x3fc920c0  S1      : 0x00000000  A0      : 0x600080c4  A1      : 0x00000100  
A2      : 0x7ff00000  A3      : 0x600c0048  A4      : 0x600c004c  A5      : 0x60008000  
A6      : 0x60008018  A7      : 0x80000000  S2      : 0x00000008  S3      : 0x00000000  
S4      : 0x00000800  S5      : 0x00000001  S6      : 0x00000000  S7      : 0x00000016  
S8      : 0x00000064  S9      : 0x00000000  S10     : 0x00000000  S11     : 0x00000000  
T3      : 0x60008044  T4      : 0x00000003  T5      : 0x00000000  T6      : 0x00000000  
MSTATUS : 0x00001880  MTVEC   : 0x40380001  MCAUSE  : 0x00000018  MTVAL   : 0x00000000  
MHARTID : 0x00000000  

Stack memory:
3fcb2750: 0x00000000 0x3fcaa214 0xdff20570 0x00000001 0x00000001 0x00000140 0x00000003 0x000000a0
3fcb2770: 0x00000000 0x00000000 0x00000012 0x000001ce 0x3c168000 0x3c166000 0x00000001 0x00000001
3fcb2790: 0x00000000 0x00000c02 0x3fc920c0 0x40382c94 0x00000000 0x3fcaa214 0x00000000 0x420088a8
3fcb27b0: 0x00000000 0x00000000 0x00000001 0x00000000 0x00000000 0x00000000 0x3c166000 0x00000001
3fcb27d0: 0x3fcaa000 0x3fcaa214 0x3fc9188e 0x42008c4c 0x00000000 0x00000000 0x00000000 0x00000000
3fcb27f0: 0x00000000 0x00000000 0x00000000 0x00000000 0x3fcaa000 0x3fcaa000 0x3fca2000 0x4203eed0
3fcb2810: 0x00000000 0x00000000 0x00000000 0x00000000 0x00000000 0x00000000 0x00000000 0x00000000
3fcb2830: 0x00000000 0x00000000 0x00000000 0x8e027f1b 0x00000000 0x00000000 0x00000000 0x00000000
3fcb2850: 0x00000000 0x3fcaa000 0x00000000 0x420961aa 0x00000000 0x00000000 0x00000000 0x4038d822
3fcb2870: 0x00000000 0x00000000 0x00000000 0x00000000 0x00000000 0xa5a5a5a5 0xa5a5a5a5 0xa5a5a5a5
3fcb2890: 0xa5a5a5a5 0xa5a5a5a5 0xa5a5a5a5 0xbaad5678 0x00000160 0xabba1234 0x00000154 0x3fcb2700
3fcb28b0: 0x00000030 0x3fca608c 0x3fca608c 0x3fcb28ac 0x3fca6084 0x00000018 0x00000000 0x00000000
3fcb28d0: 0x3fcb28ac 0x00000000 0x00000001 0x3fcb089c 0x706f6f6c 0x6b736154 0x00000000 0x00000000
3fcb28f0: 0x00000000 0x3fcb2890 0x00000001 0x00000001 0x00000000 0x00000000 0x00000000 0x3fcabe44
3fcb2910: 0x3fcabeac 0x3fcabf14 0x00000000 0x00000000 0x00000001 0x00000000 0x00000000 0x00000000
3fcb2930: 0x42141012 0x00000000 0x00000000 0x00000000 0x00000000 0x00000000 0x00000000 0x00000000
3fcb2950: 0x00000000 0x00000000 0x00000000 0x00000000 0x00000000 0x00000000 0x00000000 0x00000000
3fcb2970: 0x00000000 0x00000000 0x00000000 0x00000000 0x00000000 0x00000000 0x00000000 0x00000000
3fcb2990: 0x00000000 0x00000000 0x00000000 0x00000000 0x00000000 0x00000000 0x00000000 0x00000000
3fcb29b0: 0x00000000 0x00000000 0x00000000 0x00000000 0x00000000 0x00000000 0x00000000 0x00000000
3fcb29d0: 0x00000000 0x00000000 0x00000000 0x00000000 0x00000000 0x00000000 0x00000000 0x00000000
3fcb29f0: 0x00000000 0x00000000 0x00000000 0x00000000 0xbaad5678 0x00029d05 0x3fcab794 0x3fcab794
3fcb2a10: 0x00000000 0x00000000 0x00000000 0x00000000 0x00000000 0x00000000 0x00000000 0x00000000
3fcb2a30: 0x00000000 0x00000000 0x00000000 0x00000000 0x00000000 0x00000000 0x00000000 0x00000000
3fcb2a50: 0x00000000 0x00000000 0x00000000 0x00000000 0x00000000 0x00000000 0x00000000 0x00000000
3fcb2a70: 0x00000000 0x00000000 0x00000000 0x00000000 0x00000000 0x00000000 0x00000000 0x00000000
3fcb2a90: 0x00000000 0x00000000 0x00000000 0x00000000 0x00000000 0x00000000 0x00000000 0x00000000
3fcb2ab0: 0x00000000 0x00000000 0x00000000 0x00000000 0x00000000 0x00000000 0x00000000 0x00000000
3fcb2ad0: 0x00000000 0x00000000 0x00000000 0x00000000 0x00000000 0x00000000 0x00000000 0x00000000
3fcb2af0: 0x00000000 0x00000000 0x00000000 0x00000000 0x00000000 0x00000000 0x00000000 0x00000000
3fcb2b10: 0x00000000 0x00000000 0x00000000 0x00000000 0x00000000 0x00000000 0x00000000 0x00000000
3fcb2b30: 0x00000000 0x00000000 0x00000000 0x00000000 0x00000000 0x00000000 0x00000000 0x00000000



ELF file SHA256: e3a78975f126ad0a

Rebooting...
[INFO  machine] Restarting emulator...
[INFO  machine] ROM ELF: 4468 symbols loaded
[INFO  machine] ROM ELF loaded, 15 functions patched for interception
[INFO  machine] CPU reset at ROM entry: PC=0x40000000, SP=0x3FCDE710
[INFO  machine] Emulator restarted (chip=esp32c3)
ESP-ROM:esp32c3-api1-20210207
Build:Feb  7 2021
rst:0x3 (RTC_SW_SYS_RST),boot:0x8 (SPI_FAST_FLASH_BOOT)
SPIWP:0xee
mode:DIO, clock div:1
load:0x3fcd5810,len:0x38c
load:0x403cc710,len:0x6a0
load:0x403ce710,len:0x2624
entry 0x403cc710
Guru Meditation Error: Core  0 panic'ed (Interrupt wdt timeout on CPU0). 

Core  0 register dump:
MEPC    : 0x403894a2  RA      : 0x40382b54  SP      : 0x3fcb2750  GP      : 0x3fc92000  
TP      : 0x3f825fc0  T0      : 0x7ff00100  T1      : 0x80000000  T2      : 0xffffffff  
S0/FP   : 0x3fc920c0  S1      : 0x00000000  A0      : 0x600080c4  A1      : 0x00000100  
A2      : 0x7ff00000  A3      : 0x600c0048  A4      : 0x600c004c  A5      : 0x60008000  
A6      : 0x60008018  A7      : 0x80000000  S2      : 0x00000008  S3      : 0x00000000  
S4      : 0x00000800  S5      : 0x00000001  S6      : 0x00000000  S7      : 0x00000016  
S8      : 0x00000064  S9      : 0x00000000  S10     : 0x00000000  S11     : 0x00000000  
T3      : 0x60008044  T4      : 0x00000003  T5      : 0x00000000  T6      : 0x00000000  
MSTATUS : 0x00001880  MTVEC   : 0x40380001  MCAUSE  : 0x00000018  MTVAL   : 0x00000000  
MHARTID : 0x00000000  

Stack memory:
3fcb2750: 0x00000000 0x3fcaa214 0xdff20570 0x00000001 0x00000001 0x00000140 0x00000003 0x000000a0
3fcb2770: 0x00000000 0x00000000 0x00000012 0x000001ce 0x3c168000 0x3c166000 0x00000001 0x00000001
3fcb2790: 0x00000000 0x00000c02 0x3fc920c0 0x40382c94 0x00000000 0x3fcaa214 0x00000000 0x420088a8
3fcb27b0: 0x00000000 0x00000000 0x00000001 0x00000000 0x00000000 0x00000000 0x3c166000 0x00000001
3fcb27d0: 0x3fcaa000 0x3fcaa214 0x3fc9188e 0x42008c4c 0x00000000 0x00000000 0x00000000 0x00000000
3fcb27f0: 0x00000000 0x00000000 0x00000000 0x00000000 0x3fcaa000 0x3fcaa000 0x3fca2000 0x4203eed0
3fcb2810: 0x00000000 0x00000000 0x00000000 0x00000000 0x00000000 0x00000000 0x00000000 0x00000000
3fcb2830: 0x00000000 0x00000000 0x00000000 0xbb9cf700 0x00000000 0x00000000 0x00000000 0x00000000
3fcb2850: 0x00000000 0x3fcaa000 0x00000000 0x420961aa 0x00000000 0x00000000 0x00000000 0x4038d822
3fcb2870: 0x00000000 0x00000000 0x00000000 0x00000000 0x00000000 0xa5a5a5a5 0xa5a5a5a5 0xa5a5a5a5
3fcb2890: 0xa5a5a5a5 0xa5a5a5a5 0xa5a5a5a5 0xbaad5678 0x00000160 0xabba1234 0x00000154 0x3fcb2700
3fcb28b0: 0x00000030 0x3fca608c 0x3fca608c 0x3fcb28ac 0x3fca6084 0x00000018 0x00000000 0x00000000
3fcb28d0: 0x3fcb28ac 0x00000000 0x00000001 0x3fcb089c 0x706f6f6c 0x6b736154 0x00000000 0x00000000
3fcb28f0: 0x00000000 0x3fcb2890 0x00000001 0x00000001 0x00000000 0x00000000 0x00000000 0x3fcabe44
3fcb2910: 0x3fcabeac 0x3fcabf14 0x00000000 0x00000000 0x00000001 0x00000000 0x00000000 0x00000000
3fcb2930: 0x42141012 0x00000000 0x00000000 0x00000000 0x00000000 0x00000000 0x00000000 0x00000000
3fcb2950: 0x00000000 0x00000000 0x00000000 0x00000000 0x00000000 0x00000000 0x00000000 0x00000000
3fcb2970: 0x00000000 0x00000000 0x00000000 0x00000000 0x00000000 0x00000000 0x00000000 0x00000000
3fcb2990: 0x00000000 0x00000000 0x00000000 0x00000000 0x00000000 0x00000000 0x00000000 0x00000000
3fcb29b0: 0x00000000 0x00000000 0x00000000 0x00000000 0x00000000 0x00000000 0x00000000 0x00000000
3fcb29d0: 0x00000000 0x00000000 0x00000000 0x00000000 0x00000000 0x00000000 0x00000000 0x00000000
3fcb29f0: 0x00000000 0x00000000 0x00000000 0x00000000 0xbaad5678 0x00029d05 0x3fcab794 0x3fcab794
3fcb2a10: 0x00000000 0x00000000 0x00000000 0x00000000 0x00000000 0x00000000 0x00000000 0x00000000
3fcb2a30: 0x00000000 0x00000000 0x00000000 0x00000000 0x00000000 0x00000000 0x00000000 0x00000000
3fcb2a50: 0x00000000 0x00000000 0x00000000 0x00000000 0x00000000 0x00000000 0x00000000 0x00000000
3fcb2a70: 0x00000000 0x00000000 0x00000000 0x00000000 0x00000000 0x00000000 0x00000000 0x00000000
3fcb2a90: 0x00000000 0x00000000 0x00000000 0x00000000 0x00000000 0x00000000 0x00000000 0x00000000
3fcb2ab0: 0x00000000 0x00000000 0x00000000 0x00000000 0x00000000 0x00000000 0x00000000 0x00000000
3fcb2ad0: 0x00000000 0x00000000 0x00000000 0x00000000 0x00000000 0x00000000 0x00000000 0x00000000
3fcb2af0: 0x00000000 0x00000000 0x00000000 0x00000000 0x00000000 0x00000000 0x00000000 0x00000000
3fcb2b10: 0x00000000 0x00000000 0x00000000 0x00000000 0x00000000 0x00000000 0x00000000 0x00000000
3fcb2b30: 0x00000000 0x00000000 0x00000000 0x00000000 0x00000000 0x00000000 0x00000000 0x00000000



ELF file SHA256: e3a78975f126ad0a

Rebooting...
[INFO  machine] Restarting emulator...
[INFO  machine] ROM ELF: 4468 symbols loaded
[INFO  machine] ROM ELF loaded, 15 functions patched for interception
[INFO  machine] CPU reset at ROM entry: PC=0x40000000, SP=0x3FCDE710
[INFO  machine] Emulator restarted (chip=esp32c3)
ESP-ROM:esp32c3-api1-20210207
Build:Feb  7 2021
rst:0x3 (RTC_SW_SYS_RST),boot:0x8 (SPI_FAST_FLASH_BOOT)
SPIWP:0xee
mode:DIO, clock div:1
load:0x3fcd5810,len:0x38c
load:0x403cc710,len:0x6a0
load:0x403ce710,len:0x2624
entry 0x403cc710
Guru Meditation Error: Core  0 panic'ed (Interrupt wdt timeout on CPU0). 

Core  0 register dump:
MEPC    : 0x403894a2  RA      : 0x40382b54  SP      : 0x3fcb2750  GP      : 0x3fc92000  
TP      : 0x3f825fc0  T0      : 0x7ff00100  T1      : 0x80000000  T2      : 0xffffffff  
S0/FP   : 0x3fc920c0  S1      : 0x00000000  A0      : 0x600080c4  A1      : 0x00000100  
A2      : 0x7ff00000  A3      : 0x600c0048  A4      : 0x600c004c  A5      : 0x60008000  
A6      : 0x60008018  A7      : 0x80000000  S2      : 0x00000008  S3      : 0x00000000  
S4      : 0x00000800  S5      : 0x00000001  S6      : 0x00000000  S7      : 0x00000016  
S8      : 0x00000064  S9      : 0x00000000  S10     : 0x00000000  S11     : 0x00000000  
T3      : 0x60008044  T4      : 0x00000003  T5      : 0x00000000  T6      : 0x00000000  
MSTATUS : 0x00001880  MTVEC   : 0x40380001  MCAUSE  : 0x00000018  MTVAL   : 0x00000000  
MHARTID : 0x00000000  

Stack memory:
3fcb2750: 0x00000000 0x3fcaa214 0xdff20570 0x00000001 0x00000001 0x00000140 0x00000003 0x000000a0
3fcb2770: 0x00000000 0x00000000 0x00000012 0x000001ce 0x3c168000 0x3c166000 0x00000001 0x00000001
3fcb2790: 0x00000000 0x00000c02 0x3fc920c0 0x40382c94 0x00000000 0x3fcaa214 0x00000000 0x420088a8
3fcb27b0: 0x00000000 0x00000000 0x00000001 0x00000000 0x00000000 0x00000000 0x3c166000 0x00000001
3fcb27d0: 0x3fcaa000 0x3fcaa214 0x3fc9188e 0x42008c4c 0x00000000 0x00000000 0x00000000 0x00000000
3fcb27f0: 0x00000000 0x00000000 0x00000000 0x00000000 0x3fcaa000 0x3fcaa000 0x3fca2000 0x4203eed0
3fcb2810: 0x00000000 0x00000000 0x00000000 0x00000000 0x00000000 0x00000000 0x00000000 0x00000000
3fcb2830: 0x00000000 0x00000000 0x00000000 0x8a67f720 0x00000000 0x00000000 0x00000000 0x00000000
3fcb2850: 0x00000000 0x3fcaa000 0x00000000 0x420961aa 0x00000000 0x00000000 0x00000000 0x4038d822
3fcb2870: 0x00000000 0x00000000 0x00000000 0x00000000 0x00000000 0xa5a5a5a5 0xa5a5a5a5 0xa5a5a5a5
3fcb2890: 0xa5a5a5a5 0xa5a5a5a5 0xa5a5a5a5 0xbaad5678 0x00000160 0xabba1234 0x00000154 0x3fcb2700
3fcb28b0: 0x00000030 0x3fca608c 0x3fca608c 0x3fcb28ac 0x3fca6084 0x00000018 0x00000000 0x00000000
3fcb28d0: 0x3fcb28ac 0x00000000 0x00000001 0x3fcb089c 0x706f6f6c 0x6b736154 0x00000000 0x00000000
3fcb28f0: 0x00000000 0x3fcb2890 0x00000001 0x00000001 0x00000000 0x00000000 0x00000000 0x3fcabe44
3fcb2910: 0x3fcabeac 0x3fcabf14 0x00000000 0x00000000 0x00000001 0x00000000 0x00000000 0x00000000
3fcb2930: 0x42141012 0x00000000 0x00000000 0x00000000 0x00000000 0x00000000 0x00000000 0x00000000
3fcb2950: 0x00000000 0x00000000 0x00000000 0x00000000 0x00000000 0x00000000 0x00000000 0x00000000
3fcb2970: 0x00000000 0x00000000 0x00000000 0x00000000 0x00000000 0x00000000 0x00000000 0x00000000
3fcb2990: 0x00000000 0x00000000 0x00000000 0x00000000 0x00000000 0x00000000 0x00000000 0x00000000
3fcb29b0: 0x00000000 0x00000000 0x00000000 0x00000000 0x00000000 0x00000000 0x00000000 0x00000000
3fcb29d0: 0x00000000 0x00000000 0x00000000 0x00000000 0x00000000 0x00000000 0x00000000 0x00000000
3fcb29f0: 0x00000000 0x00000000 0x00000000 0x00000000 0xbaad5678 0x00029d05 0x3fcab794 0x3fcab794
3fcb2a10: 0x00000000 0x00000000 0x00000000 0x00000000 0x00000000 0x00000000 0x00000000 0x00000000
3fcb2a30: 0x00000000 0x00000000 0x00000000 0x00000000 0x00000000 0x00000000 0x00000000 0x00000000
3fcb2a50: 0x00000000 0x00000000 0x00000000 0x00000000 0x00000000 0x00000000 0x00000000 0x00000000
3fcb2a70: 0x00000000 0x00000000 0x00000000 0x00000000 0x00000000 0x00000000 0x00000000 0x00000000
3fcb2a90: 0x00000000 0x00000000 0x00000000 0x00000000 0x00000000 0x00000000 0x00000000 0x00000000
3fcb2ab0: 0x00000000 0x00000000 0x00000000 0x00000000 0x00000000 0x00000000 0x00000000 0x00000000
3fcb2ad0: 0x00000000 0x00000000 0x00000000 0x00000000 0x00000000 0x00000000 0x00000000 0x00000000
3fcb2af0: 0x00000000 0x00000000 0x00000000 0x00000000 0x00000000 0x00000000 0x00000000 0x00000000
3fcb2b10: 0x00000000 0x00000000 0x00000000 0x00000000 0x00000000 0x00000000 0x00000000 0x00000000
3fcb2b30: 0x00000000 0x00000000 0x00000000 0x00000000 0x00000000 0x00000000 0x00000000 0x00000000



ELF file SHA256: e3a78975f126ad0a

Rebooting...
[INFO  machine] Restarting emulator...
[INFO  machine] ROM ELF: 4468 symbols loaded
[INFO  machine] ROM ELF loaded, 15 functions patched for interception
[INFO  machine] CPU reset at ROM entry: PC=0x40000000, SP=0x3FCDE710
[INFO  machine] Emulator restarted (chip=esp32c3)
ESP-ROM:esp32c3-api1-20210207
Build:Feb  7 2021
rst:0x3 (RTC_SW_SYS_RST),boot:0x8 (SPI_FAST_FLASH_BOOT)
SPIWP:0xee
mode:DIO, clock div:1
load:0x3fcd5810,len:0x38c
load:0x403cc710,len:0x6a0
load:0x403ce710,len:0x2624
entry 0x403cc710
Guru Meditation Error: Core  0 panic'ed (Interrupt wdt timeout on CPU0). 

Core  0 register dump:
MEPC    : 0x403894a2  RA      : 0x40382b54  SP      : 0x3fcb2750  GP      : 0x3fc92000  
TP      : 0x3f825fc0  T0      : 0x7ff00100  T1      : 0x80000000  T2      : 0xffffffff  
S0/FP   : 0x3fc920c0  S1      : 0x00000000  A0      : 0x600080c4  A1      : 0x00000100  
A2      : 0x7ff00000  A3      : 0x600c0048  A4      : 0x600c004c  A5      : 0x60008000  
A6      : 0x60008018  A7      : 0x80000000  S2      : 0x00000008  S3      : 0x00000000  
S4      : 0x00000800  S5      : 0x00000001  S6      : 0x00000000  S7      : 0x00000016  
S8      : 0x00000064  S9      : 0x00000000  S10     : 0x00000000  S11     : 0x00000000  
T3      : 0x60008044  T4      : 0x00000003  T5      : 0x00000000  T6      : 0x00000000  
MSTATUS : 0x00001880  MTVEC   : 0x40380001  MCAUSE  : 0x00000018  MTVAL   : 0x00000000  
MHARTID : 0x00000000  

Stack memory:
3fcb2750: 0x00000000 0x3fcaa214 0xdff20570 0x00000001 0x00000001 0x00000140 0x00000003 0x000000a0
3fcb2770: 0x00000000 0x00000000 0x00000013 0x000001ce 0x3c168000 0x3c166000 0x00000001 0x00000001
3fcb2790: 0x00000000 0x00000c02 0x3fc920c0 0x40382c94 0x00000000 0x3fcaa214 0x00000000 0x420088a8
3fcb27b0: 0x00000000 0x00000000 0x00000001 0x00000000 0x00000000 0x00000000 0x3c166000 0x00000001
3fcb27d0: 0x3fcaa000 0x3fcaa214 0x3fc9188e 0x42008c4c 0x00000000 0x00000000 0x00000000 0x00000000
3fcb27f0: 0x00000000 0x00000000 0x00000000 0x00000000 0x3fcaa000 0x3fcaa000 0x3fca2000 0x4203eed0
3fcb2810: 0x00000000 0x00000000 0x00000000 0x00000000 0x00000000 0x00000000 0x00000000 0x00000000
3fcb2830: 0x00000000 0x00000000 0x00000000 0x2a68ad73 0x00000000 0x00000000 0x00000000 0x00000000
3fcb2850: 0x00000000 0x3fcaa000 0x00000000 0x420961aa 0x00000000 0x00000000 0x00000000 0x4038d822
3fcb2870: 0x00000000 0x00000000 0x00000000 0x00000000 0x00000000 0xa5a5a5a5 0xa5a5a5a5 0xa5a5a5a5
3fcb2890: 0xa5a5a5a5 0xa5a5a5a5 0xa5a5a5a5 0xbaad5678 0x00000160 0xabba1234 0x00000154 0x3fcb2700
3fcb28b0: 0x00000030 0x3fca608c 0x3fca608c 0x3fcb28ac 0x3fca6084 0x00000018 0x00000000 0x00000000
3fcb28d0: 0x3fcb28ac 0x00000000 0x00000001 0x3fcb089c 0x706f6f6c 0x6b736154 0x00000000 0x00000000
3fcb28f0: 0x00000000 0x3fcb2890 0x00000001 0x00000001 0x00000000 0x00000000 0x00000000 0x3fcabe44
3fcb2910: 0x3fcabeac 0x3fcabf14 0x00000000 0x00000000 0x00000001 0x00000000 0x00000000 0x00000000
3fcb2930: 0x42141012 0x00000000 0x00000000 0x00000000 0x00000000 0x00000000 0x00000000 0x00000000
3fcb2950: 0x00000000 0x00000000 0x00000000 0x00000000 0x00000000 0x00000000 0x00000000 0x00000000
3fcb2970: 0x00000000 0x00000000 0x00000000 0x00000000 0x00000000 0x00000000 0x00000000 0x00000000
3fcb2990: 0x00000000 0x00000000 0x00000000 0x00000000 0x00000000 0x00000000 0x00000000 0x00000000
3fcb29b0: 0x00000000 0x00000000 0x00000000 0x00000000 0x00000000 0x00000000 0x00000000 0x00000000
3fcb29d0: 0x00000000 0x00000000 0x00000000 0x00000000 0x00000000 0x00000000 0x00000000 0x00000000
3fcb29f0: 0x00000000 0x00000000 0x00000000 0x00000000 0xbaad5678 0x00029d05 0x3fcab794 0x3fcab794
3fcb2a10: 0x00000000 0x00000000 0x00000000 0x00000000 0x00000000 0x00000000 0x00000000 0x00000000
3fcb2a30: 0x00000000 0x00000000 0x00000000 0x00000000 0x00000000 0x00000000 0x00000000 0x00000000
3fcb2a50: 0x00000000 0x00000000 0x00000000 0x00000000 0x00000000 0x00000000 0x00000000 0x00000000
3fcb2a70: 0x00000000 0x00000000 0x00000000 0x00000000 0x00000000 0x00000000 0x00000000 0x00000000
3fcb2a90: 0x00000000 0x00000000 0x00000000 0x00000000 0x00000000 0x00000000 0x00000000 0x00000000
3fcb2ab0: 0x00000000 0x00000000 0x00000000 0x00000000 0x00000000 0x00000000 0x00000000 0x00000000
3fcb2ad0: 0x00000000 0x00000000 0x00000000 0x00000000 0x00000000 0x00000000 0x00000000 0x00000000
3fcb2af0: 0x00000000 0x00000000 0x00000000 0x00000000 0x00000000 0x00000000 0x00000000 0x00000000
3fcb2b10: 0x00000000 0x00000000 0x00000000 0x00000000 0x00000000 0x00000000 0x00000000 0x00000000
3fcb2b30: 0x00000000 0x00000000 0x00000000 0x00000000 0x00000000 0x00000000 0x00000000 0x00000000



ELF file SHA256: e3a78975f126ad0a

Rebooting...
[INFO  machine] Restarting emulator...
[INFO  machine] ROM ELF: 4468 symbols loaded
[INFO  machine] ROM ELF loaded, 15 functions patched for interception
[INFO  machine] CPU reset at ROM entry: PC=0x40000000, SP=0x3FCDE710
[INFO  machine] Emulator restarted (chip=esp32c3)
ESP-ROM:esp32c3-api1-20210207
Build:Feb  7 2021
rst:0x3 (RTC_SW_SYS_RST),boot:0x8 (SPI_FAST_FLASH_BOOT)
SPIWP:0xee
mode:DIO, clock div:1
load:0x3fcd5810,len:0x38c
load:0x403cc710,len:0x6a0
load:0x403ce710,len:0x2624
entry 0x403cc710
Guru Meditation Error: Core  0 panic'ed (Interrupt wdt timeout on CPU0). 

Core  0 register dump:
MEPC    : 0x403894a2  RA      : 0x40382b54  SP      : 0x3fcb2750  GP      : 0x3fc92000  
TP      : 0x3f825fc0  T0      : 0x7ff00100  T1      : 0x80000000  T2      : 0xffffffff  
S0/FP   : 0x3fc920c0  S1      : 0x00000000  A0      : 0x600080c4  A1      : 0x00000100  
A2      : 0x7ff00000  A3      : 0x600c0048  A4      : 0x600c004c  A5      : 0x60008000  
A6      : 0x60008018  A7      : 0x80000000  S2      : 0x00000008  S3      : 0x00000000  
S4      : 0x00000800  S5      : 0x00000001  S6      : 0x00000000  S7      : 0x00000016  
S8      : 0x00000064  S9      : 0x00000000  S10     : 0x00000000  S11     : 0x00000000  
T3      : 0x60008044  T4      : 0x00000003  T5      : 0x00000000  T6      : 0x00000000  
MSTATUS : 0x00001880  MTVEC   : 0x40380001  MCAUSE  : 0x00000018  MTVAL   : 0x00000000  
MHARTID : 0x00000000  

Stack memory:
3fcb2750: 0x00000000 0x3fcaa214 0xdff20570 0x00000001 0x00000001 0x00000140 0x00000003 0x000000a0
3fcb2770: 0x00000000 0x00000000 0x00000013 0x000001ce 0x3c168000 0x3c166000 0x00000001 0x00000001
3fcb2790: 0x00000000 0x00000c02 0x3fc920c0 0x40382c94 0x00000000 0x3fcaa214 0x00000000 0x420088a8
3fcb27b0: 0x00000000 0x00000000 0x00000001 0x00000000 0x00000000 0x00000000 0x3c166000 0x00000001
3fcb27d0: 0x3fcaa000 0x3fcaa214 0x3fc9188e 0x42008c4c 0x00000000 0x00000000 0x00000000 0x00000000
3fcb27f0: 0x00000000 0x00000000 0x00000000 0x00000000 0x3fcaa000 0x3fcaa000 0x3fca2000 0x4203eed0
3fcb2810: 0x00000000 0x00000000 0x00000000 0x00000000 0x00000000 0x00000000 0x00000000 0x00000000
3fcb2830: 0x00000000 0x00000000 0x00000000 0x356352ea 0x00000000 0x00000000 0x00000000 0x00000000
3fcb2850: 0x00000000 0x3fcaa000 0x00000000 0x420961aa 0x00000000 0x00000000 0x00000000 0x4038d822
3fcb2870: 0x00000000 0x00000000 0x00000000 0x00000000 0x00000000 0xa5a5a5a5 0xa5a5a5a5 0xa5a5a5a5
3fcb2890: 0xa5a5a5a5 0xa5a5a5a5 0xa5a5a5a5 0xbaad5678 0x00000160 0xabba1234 0x00000154 0x3fcb2700
3fcb28b0: 0x00000030 0x3fca608c 0x3fca608c 0x3fcb28ac 0x3fca6084 0x00000018 0x00000000 0x00000000
3fcb28d0: 0x3fcb28ac 0x00000000 0x00000001 0x3fcb089c 0x706f6f6c 0x6b736154 0x00000000 0x00000000
3fcb28f0: 0x00000000 0x3fcb2890 0x00000001 0x00000001 0x00000000 0x00000000 0x00000000 0x3fcabe44
3fcb2910: 0x3fcabeac 0x3fcabf14 0x00000000 0x00000000 0x00000001 0x00000000 0x00000000 0x00000000
3fcb2930: 0x42141012 0x00000000 0x00000000 0x00000000 0x00000000 0x00000000 0x00000000 0x00000000
3fcb2950: 0x00000000 0x00000000 0x00000000 0x00000000 0x00000000 0x00000000 0x00000000 0x00000000
3fcb2970: 0x00000000 0x00000000 0x00000000 0x00000000 0x00000000 0x00000000 0x00000000 0x00000000
3fcb2990: 0x00000000 0x00000000 0x00000000 0x00000000 0x00000000 0x00000000 0x00000000 0x00000000
3fcb29b0: 0x00000000 0x00000000 0x00000000 0x00000000 0x00000000 0x00000000 0x00000000 0x00000000
3fcb29d0: 0x00000000 0x00000000 0x00000000 0x00000000 0x00000000 0x00000000 0x00000000 0x00000000
3fcb29f0: 0x00000000 0x00000000 0x00000000 0x00000000 0xbaad5678 0x00029d05 0x3fcab794 0x3fcab794
3fcb2a10: 0x00000000 0x00000000 0x00000000 0x00000000 0x00000000 0x00000000 0x00000000 0x00000000
3fcb2a30: 0x00000000 0x00000000 0x00000000 0x00000000 0x00000000 0x00000000 0x00000000 0x00000000
3fcb2a50: 0x00000000 0x00000000 0x00000000 0x00000000 0x00000000 0x00000000 0x00000000 0x00000000
3fcb2a70: 0x00000000 0x00000000 0x00000000 0x00000000 0x00000000 0x00000000 0x00000000 0x00000000
3fcb2a90: 0x00000000 0x00000000 0x00000000 0x00000000 0x00000000 0x00000000 0x00000000 0x00000000
3fcb2ab0: 0x00000000 0x00000000 0x00000000 0x00000000 0x00000000 0x00000000 0x00000000 0x00000000
3fcb2ad0: 0x00000000 0x00000000 0x00000000 0x00000000 0x00000000 0x00000000 0x00000000 0x00000000
3fcb2af0: 0x00000000 0x00000000 0x00000000 0x00000000 0x00000000 0x00000000 0x00000000 0x00000000
3fcb2b10: 0x00000000 0x00000000 0x00000000 0x00000000 0x00000000 0x00000000 0x00000000 0x00000000
3fcb2b30: 0x00000000 0x00000000 0x00000000 0x00000000 0x00000000 0x00000000 0x00000000 0x00000000



ELF file SHA256: e3a78975f126ad0a

Rebooting...
[INFO  machine] Restarting emulator...
[INFO  machine] ROM ELF: 4468 symbols loaded
[INFO  machine] ROM ELF loaded, 15 functions patched for interception
[INFO  machine] CPU reset at ROM entry: PC=0x40000000, SP=0x3FCDE710
[INFO  machine] Emulator restarted (chip=esp32c3)
ESP-ROM:esp32c3-api1-20210207
Build:Feb  7 2021
rst:0x3 (RTC_SW_SYS_RST),boot:0x8 (SPI_FAST_FLASH_BOOT)
SPIWP:0xee
mode:DIO, clock div:1
load:0x3fcd5810,len:0x38c
load:0x403cc710,len:0x6a0
load:0x403ce710,len:0x2624
entry 0x403cc710
Guru Meditation Error: Core  0 panic'ed (Interrupt wdt timeout on CPU0). 

Core  0 register dump:
MEPC    : 0x403894a2  RA      : 0x40382b54  SP      : 0x3fcb2750  GP      : 0x3fc92000  
TP      : 0x3f825fc0  T0      : 0x7ff00100  T1      : 0x80000000  T2      : 0xffffffff  
S0/FP   : 0x3fc920c0  S1      : 0x00000000  A0      : 0x600080c4  A1      : 0x00000100  
A2      : 0x7ff00000  A3      : 0x600c0048  A4      : 0x600c004c  A5      : 0x60008000  
A6      : 0x60008018  A7      : 0x80000000  S2      : 0x00000008  S3      : 0x00000000  
S4      : 0x00000800  S5      : 0x00000001  S6      : 0x00000000  S7      : 0x00000016  
S8      : 0x00000064  S9      : 0x00000000  S10     : 0x00000000  S11     : 0x00000000  
T3      : 0x60008044  T4      : 0x00000003  T5      : 0x00000000  T6      : 0x00000000  
MSTATUS : 0x00001880  MTVEC   : 0x40380001  MCAUSE  : 0x00000018  MTVAL   : 0x00000000  
MHARTID : 0x00000000  

Stack memory:
3fcb2750: 0x00000000 0x3fcaa214 0xdff20570 0x00000001 0x00000001 0x00000140 0x00000003 0x000000a0
3fcb2770: 0x00000000 0x00000000 0x00000014 0x000001ce 0x3c168000 0x3c166000 0x00000001 0x00000001
3fcb2790: 0x00000000 0x00000c02 0x3fc920c0 0x40382c94 0x00000000 0x3fcaa214 0x00000000 0x420088a8
3fcb27b0: 0x00000000 0x00000000 0x00000001 0x00000000 0x00000000 0x00000000 0x3c166000 0x00000001
3fcb27d0: 0x3fcaa000 0x3fcaa214 0x3fc9188e 0x42008c4c 0x00000000 0x00000000 0x00000000 0x00000000
3fcb27f0: 0x00000000 0x00000000 0x00000000 0x00000000 0x3fcaa000 0x3fcaa000 0x3fca2000 0x4203eed0
3fcb2810: 0x00000000 0x00000000 0x00000000 0x00000000 0x00000000 0x00000000 0x00000000 0x00000000
3fcb2830: 0x00000000 0x00000000 0x00000000 0xa7d676df 0x00000000 0x00000000 0x00000000 0x00000000
3fcb2850: 0x00000000 0x3fcaa000 0x00000000 0x420961aa 0x00000000 0x00000000 0x00000000 0x4038d822
3fcb2870: 0x00000000 0x00000000 0x00000000 0x00000000 0x00000000 0xa5a5a5a5 0xa5a5a5a5 0xa5a5a5a5
3fcb2890: 0xa5a5a5a5 0xa5a5a5a5 0xa5a5a5a5 0xbaad5678 0x00000160 0xabba1234 0x00000154 0x3fcb2700
3fcb28b0: 0x00000030 0x3fca608c 0x3fca608c 0x3fcb28ac 0x3fca6084 0x00000018 0x00000000 0x00000000
3fcb28d0: 0x3fcb28ac 0x00000000 0x00000001 0x3fcb089c 0x706f6f6c 0x6b736154 0x00000000 0x00000000
3fcb28f0: 0x00000000 0x3fcb2890 0x00000001 0x00000001 0x00000000 0x00000000 0x00000000 0x3fcabe44
3fcb2910: 0x3fcabeac 0x3fcabf14 0x00000000 0x00000000 0x00000001 0x00000000 0x00000000 0x00000000
3fcb2930: 0x42141012 0x00000000 0x00000000 0x00000000 0x00000000 0x00000000 0x00000000 0x00000000
3fcb2950: 0x00000000 0x00000000 0x00000000 0x00000000 0x00000000 0x00000000 0x00000000 0x00000000
3fcb2970: 0x00000000 0x00000000 0x00000000 0x00000000 0x00000000 0x00000000 0x00000000 0x00000000
3fcb2990: 0x00000000 0x00000000 0x00000000 0x00000000 0x00000000 0x00000000 0x00000000 0x00000000
3fcb29b0: 0x00000000 0x00000000 0x00000000 0x00000000 0x00000000 0x00000000 0x00000000 0x00000000
3fcb29d0: 0x00000000 0x00000000 0x00000000 0x00000000 0x00000000 0x00000000 0x00000000 0x00000000
3fcb29f0: 0x00000000 0x00000000 0x00000000 0x00000000 0xbaad5678 0x00029d05 0x3fcab794 0x3fcab794
3fcb2a10: 0x00000000 0x00000000 0x00000000 0x00000000 0x00000000 0x00000000 0x00000000 0x00000000
3fcb2a30: 0x00000000 0x00000000 0x00000000 0x00000000 0x00000000 0x00000000 0x00000000 0x00000000
3fcb2a50: 0x00000000 0x00000000 0x00000000 0x00000000 0x00000000 0x00000000 0x00000000 0x00000000
3fcb2a70: 0x00000000 0x00000000 0x00000000 0x00000000 0x00000000 0x00000000 0x00000000 0x00000000
3fcb2a90: 0x00000000 0x00000000 0x00000000 0x00000000 0x00000000 0x00000000 0x00000000 0x00000000
3fcb2ab0: 0x00000000 0x00000000 0x00000000 0x00000000 0x00000000 0x00000000 0x00000000 0x00000000
3fcb2ad0: 0x00000000 0x00000000 0x00000000 0x00000000 0x00000000 0x00000000 0x00000000 0x00000000
3fcb2af0: 0x00000000 0x00000000 0x00000000 0x00000000 0x00000000 0x00000000 0x00000000 0x00000000
3fcb2b10: 0x00000000 0x00000000 0x00000000 0x00000000 0x00000000 0x00000000 0x00000000 0x00000000
3fcb2b30: 0x00000000 0x00000000 0x00000000 0x00000000 0x00000000 0x00000000 0x00000000 0x00000000



ELF file SHA256: e3a78975f126ad0a

Rebooting...
[INFO  machine] Restarting emulator...
[INFO  machine] ROM ELF: 4468 symbols loaded
[INFO  machine] ROM ELF loaded, 15 functions patched for interception
[INFO  machine] CPU reset at ROM entry: PC=0x40000000, SP=0x3FCDE710
[INFO  machine] Emulator restarted (chip=esp32c3)
ESP-ROM:esp32c3-api1-20210207
Build:Feb  7 2021
rst:0x3 (RTC_SW_SYS_RST),boot:0x8 (SPI_FAST_FLASH_BOOT)
SPIWP:0xee
mode:DIO, clock div:1
load:0x3fcd5810,len:0x38c
load:0x403cc710,len:0x6a0
load:0x403ce710,len:0x2624
entry 0x403cc710
Guru Meditation Error: Core  0 panic'ed (Interrupt wdt timeout on CPU0). 

Core  0 register dump:
MEPC    : 0x403894a2  RA      : 0x40382b54  SP      : 0x3fcb2750  GP      : 0x3fc92000  
TP      : 0x3f825fc0  T0      : 0x7ff00100  T1      : 0x80000000  T2      : 0xffffffff  
S0/FP   : 0x3fc920c0  S1      : 0x00000000  A0      : 0x600080c4  A1      : 0x00000100  
A2      : 0x7ff00000  A3      : 0x600c0048  A4      : 0x600c004c  A5      : 0x60008000  
A6      : 0x60008018  A7      : 0x80000000  S2      : 0x00000008  S3      : 0x00000000  
S4      : 0x00000800  S5      : 0x00000001  S6      : 0x00000000  S7      : 0x00000016  
S8      : 0x00000064  S9      : 0x00000000  S10     : 0x00000000  S11     : 0x00000000  
T3      : 0x60008044  T4      : 0x00000003  T5      : 0x00000000  T6      : 0x00000000  
MSTATUS : 0x00001880  MTVEC   : 0x40380001  MCAUSE  : 0x00000018  MTVAL   : 0x00000000  
MHARTID : 0x00000000  

Stack memory:
3fcb2750: 0x00000000 0x3fcaa214 0xdff20570 0x00000001 0x00000001 0x00000140 0x00000003 0x000000a0
3fcb2770: 0x00000000 0x00000000 0x00000014 0x000001ce 0x3c168000 0x3c166000 0x00000001 0x00000001
3fcb2790: 0x00000000 0x00000c02 0x3fc920c0 0x40382c94 0x00000000 0x3fcaa214 0x00000000 0x420088a8
3fcb27b0: 0x00000000 0x00000000 0x00000001 0x00000000 0x00000000 0x00000000 0x3c166000 0x00000001
3fcb27d0: 0x3fcaa000 0x3fcaa214 0x3fc9188e 0x42008c4c 0x00000000 0x00000000 0x00000000 0x00000000
3fcb27f0: 0x00000000 0x00000000 0x00000000 0x00000000 0x3fcaa000 0x3fcaa000 0x3fca2000 0x4203eed0
3fcb2810: 0x00000000 0x00000000 0x00000000 0x00000000 0x00000000 0x00000000 0x00000000 0x00000000
3fcb2830: 0x00000000 0x00000000 0x00000000 0x1e4f7498 0x00000000 0x00000000 0x00000000 0x00000000
3fcb2850: 0x00000000 0x3fcaa000 0x00000000 0x420961aa 0x00000000 0x00000000 0x00000000 0x4038d822
3fcb2870: 0x00000000 0x00000000 0x00000000 0x00000000 0x00000000 0xa5a5a5a5 0xa5a5a5a5 0xa5a5a5a5
3fcb2890: 0xa5a5a5a5 0xa5a5a5a5 0xa5a5a5a5 0xbaad5678 0x00000160 0xabba1234 0x00000154 0x3fcb2700
3fcb28b0: 0x00000030 0x3fca608c 0x3fca608c 0x3fcb28ac 0x3fca6084 0x00000018 0x00000000 0x00000000
3fcb28d0: 0x3fcb28ac 0x00000000 0x00000001 0x3fcb089c 0x706f6f6c 0x6b736154 0x00000000 0x00000000
3fcb28f0: 0x00000000 0x3fcb2890 0x00000001 0x00000001 0x00000000 0x00000000 0x00000000 0x3fcabe44
3fcb2910: 0x3fcabeac 0x3fcabf14 0x00000000 0x00000000 0x00000001 0x00000000 0x00000000 0x00000000
3fcb2930: 0x42141012 0x00000000 0x00000000 0x00000000 0x00000000 0x00000000 0x00000000 0x00000000
3fcb2950: 0x00000000 0x00000000 0x00000000 0x00000000 0x00000000 0x00000000 0x00000000 0x00000000
3fcb2970: 0x00000000 0x00000000 0x00000000 0x00000000 0x00000000 0x00000000 0x00000000 0x00000000
3fcb2990: 0x00000000 0x00000000 0x00000000 0x00000000 0x00000000 0x00000000 0x00000000 0x00000000
3fcb29b0: 0x00000000 0x00000000 0x00000000 0x00000000 0x00000000 0x00000000 0x00000000 0x00000000
3fcb29d0: 0x00000000 0x00000000 0x00000000 0x00000000 0x00000000 0x00000000 0x00000000 0x00000000
3fcb29f0: 0x00000000 0x00000000 0x00000000 0x00000000 0xbaad5678 0x00029d05 0x3fcab794 0x3fcab794
3fcb2a10: 0x00000000 0x00000000 0x00000000 0x00000000 0x00000000 0x00000000 0x00000000 0x00000000
3fcb2a30: 0x00000000 0x00000000 0x00000000 0x00000000 0x00000000 0x00000000 0x00000000 0x00000000
3fcb2a50: 0x00000000 0x00000000 0x00000000 0x00000000 0x00000000 0x00000000 0x00000000 0x00000000
3fcb2a70: 0x00000000 0x00000000 0x00000000 0x00000000 0x00000000 0x00000000 0x00000000 0x00000000
3fcb2a90: 0x00000000 0x00000000 0x00000000 0x00000000 0x00000000 0x00000000 0x00000000 0x00000000
3fcb2ab0: 0x00000000 0x00000000 0x00000000 0x00000000 0x00000000 0x00000000 0x00000000 0x00000000
3fcb2ad0: 0x00000000 0x00000000 0x00000000 0x00000000 0x00000000 0x00000000 0x00000000 0x00000000
3fcb2af0: 0x00000000 0x00000000 0x00000000 0x00000000 0x00000000 0x00000000 0x00000000 0x00000000
3fcb2b10: 0x00000000 0x00000000 0x00000000 0x00000000 0x00000000 0x00000000 0x00000000 0x00000000
3fcb2b30: 0x00000000 0x00000000 0x00000000 0x00000000 0x00000000 0x00000000 0x00000000 0x00000000



ELF file SHA256: e3a78975f126ad0a

Rebooting...
[INFO  machine] Restarting emulator...
[INFO  machine] ROM ELF: 4468 symbols loaded
[INFO  machine] ROM ELF loaded, 15 functions patched for interception
[INFO  machine] CPU reset at ROM entry: PC=0x40000000, SP=0x3FCDE710
[INFO  machine] Emulator restarted (chip=esp32c3)
ESP-ROM:esp32c3-api1-20210207
Build:Feb  7 2021
rst:0x3 (RTC_SW_SYS_RST),boot:0x8 (SPI_FAST_FLASH_BOOT)
SPIWP:0xee
mode:DIO, clock div:1
load:0x3fcd5810,len:0x38c
load:0x403cc710,len:0x6a0
load:0x403ce710,len:0x2624
entry 0x403cc710
Guru Meditation Error: Core  0 panic'ed (Interrupt wdt timeout on CPU0). 

Core  0 register dump:
MEPC    : 0x403894a2  RA      : 0x40382b54  SP      : 0x3fcb2750  GP      : 0x3fc92000  
TP      : 0x3f825fc0  T0      : 0x7ff00100  T1      : 0x80000000  T2      : 0xffffffff  
S0/FP   : 0x3fc920c0  S1      : 0x00000000  A0      : 0x600080c4  A1      : 0x00000100  
A2      : 0x7ff00000  A3      : 0x600c0048  A4      : 0x600c004c  A5      : 0x60008000  
A6      : 0x60008018  A7      : 0x80000000  S2      : 0x00000008  S3      : 0x00000000  
S4      : 0x00000800  S5      : 0x00000001  S6      : 0x00000000  S7      : 0x00000016  
S8      : 0x00000064  S9      : 0x00000000  S10     : 0x00000000  S11     : 0x00000000  
T3      : 0x60008044  T4      : 0x00000003  T5      : 0x00000000  T6      : 0x00000000  
MSTATUS : 0x00001880  MTVEC   : 0x40380001  MCAUSE  : 0x00000018  MTVAL   : 0x00000000  
MHARTID : 0x00000000  

Stack memory:
3fcb2750: 0x00000000 0x3fcaa214 0xdff20570 0x00000001 0x00000001 0x00000140 0x00000003 0x000000a0
3fcb2770: 0x00000000 0x00000000 0x00000015 0x000001ce 0x3c168000 0x3c166000 0x00000001 0x00000001
3fcb2790: 0x00000000 0x00000c02 0x3fc920c0 0x40382c94 0x00000000 0x3fcaa214 0x00000000 0x420088a8
3fcb27b0: 0x00000000 0x00000000 0x00000001 0x00000000 0x00000000 0x00000000 0x3c166000 0x00000001
3fcb27d0: 0x3fcaa000 0x3fcaa214 0x3fc9188e 0x42008c4c 0x00000000 0x00000000 0x00000000 0x00000000
3fcb27f0: 0x00000000 0x00000000 0x00000000 0x00000000 0x3fcaa000 0x3fcaa000 0x3fca2000 0x4203eed0
3fcb2810: 0x00000000 0x00000000 0x00000000 0x00000000 0x00000000 0x00000000 0x00000000 0x00000000
3fcb2830: 0x00000000 0x00000000 0x00000000 0x73e08f54 0x00000000 0x00000000 0x00000000 0x00000000
3fcb2850: 0x00000000 0x3fcaa000 0x00000000 0x420961aa 0x00000000 0x00000000 0x00000000 0x4038d822
3fcb2870: 0x00000000 0x00000000 0x00000000 0x00000000 0x00000000 0xa5a5a5a5 0xa5a5a5a5 0xa5a5a5a5
3fcb2890: 0xa5a5a5a5 0xa5a5a5a5 0xa5a5a5a5 0xbaad5678 0x00000160 0xabba1234 0x00000154 0x3fcb2700
3fcb28b0: 0x00000030 0x3fca608c 0x3fca608c 0x3fcb28ac 0x3fca6084 0x00000018 0x00000000 0x00000000
3fcb28d0: 0x3fcb28ac 0x00000000 0x00000001 0x3fcb089c 0x706f6f6c 0x6b736154 0x00000000 0x00000000
3fcb28f0: 0x00000000 0x3fcb2890 0x00000001 0x00000001 0x00000000 0x00000000 0x00000000 0x3fcabe44
3fcb2910: 0x3fcabeac 0x3fcabf14 0x00000000 0x00000000 0x00000001 0x00000000 0x00000000 0x00000000
3fcb2930: 0x42141012 0x00000000 0x00000000 0x00000000 0x00000000 0x00000000 0x00000000 0x00000000
3fcb2950: 0x00000000 0x00000000 0x00000000 0x00000000 0x00000000 0x00000000 0x00000000 0x00000000
3fcb2970: 0x00000000 0x00000000 0x00000000 0x00000000 0x00000000 0x00000000 0x00000000 0x00000000
3fcb2990: 0x00000000 0x00000000 0x00000000 0x00000000 0x00000000 0x00000000 0x00000000 0x00000000
3fcb29b0: 0x00000000 0x00000000 0x00000000 0x00000000 0x00000000 0x00000000 0x00000000 0x00000000
3fcb29d0: 0x00000000 0x00000000 0x00000000 0x00000000 0x00000000 0x00000000 0x00000000 0x00000000
3fcb29f0: 0x00000000 0x00000000 0x00000000 0x00000000 0xbaad5678 0x00029d05 0x3fcab794 0x3fcab794
3fcb2a10: 0x00000000 0x00000000 0x00000000 0x00000000 0x00000000 0x00000000 0x00000000 0x00000000
3fcb2a30: 0x00000000 0x00000000 0x00000000 0x00000000 0x00000000 0x00000000 0x00000000 0x00000000
3fcb2a50: 0x00000000 0x00000000 0x00000000 0x00000000 0x00000000 0x00000000 0x00000000 0x00000000
3fcb2a70: 0x00000000 0x00000000 0x00000000 0x00000000 0x00000000 0x00000000 0x00000000 0x00000000
3fcb2a90: 0x00000000 0x00000000 0x00000000 0x00000000 0x00000000 0x00000000 0x00000000 0x00000000
3fcb2ab0: 0x00000000 0x00000000 0x00000000 0x00000000 0x00000000 0x00000000 0x00000000 0x00000000
3fcb2ad0: 0x00000000 0x00000000 0x00000000 0x00000000 0x00000000 0x00000000 0x00000000 0x00000000
3fcb2af0: 0x00000000 0x00000000 0x00000000 0x00000000 0x00000000 0x00000000 0x00000000 0x00000000
3fcb2b10: 0x00000000 0x00000000 0x00000000 0x00000000 0x00000000 0x00000000 0x00000000 0x00000000
3fcb2b30: 0x00000000 0x00000000 0x00000000 0x00000000 0x00000000 0x00000000 0x00000000 0x00000000



ELF file SHA256: e3a78975f126ad0a

Rebooting...
[INFO  machine] Restarting emulator...
[INFO  machine] ROM ELF: 4468 symbols loaded
[INFO  machine] ROM ELF loaded, 15 functions patched for interception
[INFO  machine] CPU reset at ROM entry: PC=0x40000000, SP=0x3FCDE710
[INFO  machine] Emulator restarted (chip=esp32c3)
ESP-ROM:esp32c3-api1-20210207
Build:Feb  7 2021
rst:0x3 (RTC_SW_SYS_RST),boot:0x8 (SPI_FAST_FLASH_BOOT)
SPIWP:0xee
mode:DIO, clock div:1
load:0x3fcd5810,len:0x38c
load:0x403cc710,len:0x6a0
load:0x403ce710,len:0x2624
entry 0x403cc710
Guru Meditation Error: Core  0 panic'ed (Interrupt wdt timeout on CPU0). 

Core  0 register dump:
MEPC    : 0x403894a2  RA      : 0x40382b54  SP      : 0x3fcb2750  GP      : 0x3fc92000  
TP      : 0x3f825fc0  T0      : 0x7ff00100  T1      : 0x80000000  T2      : 0xffffffff  
S0/FP   : 0x3fc920c0  S1      : 0x00000000  A0      : 0x600080c4  A1      : 0x00000100  
A2      : 0x7ff00000  A3      : 0x600c0048  A4      : 0x600c004c  A5      : 0x60008000  
A6      : 0x60008018  A7      : 0x80000000  S2      : 0x00000008  S3      : 0x00000000  
S4      : 0x00000800  S5      : 0x00000001  S6      : 0x00000000  S7      : 0x00000016  
S8      : 0x00000064  S9      : 0x00000000  S10     : 0x00000000  S11     : 0x00000000  
T3      : 0x60008044  T4      : 0x00000003  T5      : 0x00000000  T6      : 0x00000000  
MSTATUS : 0x00001880  MTVEC   : 0x40380001  MCAUSE  : 0x00000018  MTVAL   : 0x00000000  
MHARTID : 0x00000000  

Stack memory:
3fcb2750: 0x00000000 0x3fcaa214 0xdff20570 0x00000001 0x00000001 0x00000140 0x00000003 0x000000a0
3fcb2770: 0x00000000 0x00000000 0x00000015 0x000001ce 0x3c168000 0x3c166000 0x00000001 0x00000001
3fcb2790: 0x00000000 0x00000c02 0x3fc920c0 0x40382c94 0x00000000 0x3fcaa214 0x00000000 0x420088a8
3fcb27b0: 0x00000000 0x00000000 0x00000001 0x00000000 0x00000000 0x00000000 0x3c166000 0x00000001
3fcb27d0: 0x3fcaa000 0x3fcaa214 0x3fc9188e 0x42008c4c 0x00000000 0x00000000 0x00000000 0x00000000
3fcb27f0: 0x00000000 0x00000000 0x00000000 0x00000000 0x3fcaa000 0x3fcaa000 0x3fca2000 0x4203eed0
3fcb2810: 0x00000000 0x00000000 0x00000000 0x00000000 0x00000000 0x00000000 0x00000000 0x00000000
3fcb2830: 0x00000000 0x00000000 0x00000000 0xcd655a3d 0x00000000 0x00000000 0x00000000 0x00000000
3fcb2850: 0x00000000 0x3fcaa000 0x00000000 0x420961aa 0x00000000 0x00000000 0x00000000 0x4038d822
3fcb2870: 0x00000000 0x00000000 0x00000000 0x00000000 0x00000000 0xa5a5a5a5 0xa5a5a5a5 0xa5a5a5a5
3fcb2890: 0xa5a5a5a5 0xa5a5a5a5 0xa5a5a5a5 0xbaad5678 0x00000160 0xabba1234 0x00000154 0x3fcb2700
3fcb28b0: 0x00000030 0x3fca608c 0x3fca608c 0x3fcb28ac 0x3fca6084 0x00000018 0x00000000 0x00000000
3fcb28d0: 0x3fcb28ac 0x00000000 0x00000001 0x3fcb089c 0x706f6f6c 0x6b736154 0x00000000 0x00000000
3fcb28f0: 0x00000000 0x3fcb2890 0x00000001 0x00000001 0x00000000 0x00000000 0x00000000 0x3fcabe44
3fcb2910: 0x3fcabeac 0x3fcabf14 0x00000000 0x00000000 0x00000001 0x00000000 0x00000000 0x00000000
3fcb2930: 0x42141012 0x00000000 0x00000000 0x00000000 0x00000000 0x00000000 0x00000000 0x00000000
3fcb2950: 0x00000000 0x00000000 0x00000000 0x00000000 0x00000000 0x00000000 0x00000000 0x00000000
3fcb2970: 0x00000000 0x00000000 0x00000000 0x00000000 0x00000000 0x00000000 0x00000000 0x00000000
3fcb2990: 0x00000000 0x00000000 0x00000000 0x00000000 0x00000000 0x00000000 0x00000000 0x00000000
3fcb29b0: 0x00000000 0x00000000 0x00000000 0x00000000 0x00000000 0x00000000 0x00000000 0x00000000
3fcb29d0: 0x00000000 0x00000000 0x00000000 0x00000000 0x00000000 0x00000000 0x00000000 0x00000000
3fcb29f0: 0x00000000 0x00000000 0x00000000 0x00000000 0xbaad5678 0x00029d05 0x3fcab794 0x3fcab794
3fcb2a10: 0x00000000 0x00000000 0x00000000 0x00000000 0x00000000 0x00000000 0x00000000 0x00000000
3fcb2a30: 0x00000000 0x00000000 0x00000000 0x00000000 0x00000000 0x00000000 0x00000000 0x00000000
3fcb2a50: 0x00000000 0x00000000 0x00000000 0x00000000 0x00000000 0x00000000 0x00000000 0x00000000
3fcb2a70: 0x00000000 0x00000000 0x00000000 0x00000000 0x00000000 0x00000000 0x00000000 0x00000000
3fcb2a90: 0x00000000 0x00000000 0x00000000 0x00000000 0x00000000 0x00000000 0x00000000 0x00000000
3fcb2ab0: 0x00000000 0x00000000 0x00000000 0x00000000 0x00000000 0x00000000 0x00000000 0x00000000
3fcb2ad0: 0x00000000 0x00000000 0x00000000 0x00000000 0x00000000 0x00000000 0x00000000 0x00000000
3fcb2af0: 0x00000000 0x00000000 0x00000000 0x00000000 0x00000000 0x00000000 0x00000000 0x00000000
3fcb2b10: 0x00000000 0x00000000 0x00000000 0x00000000 0x00000000 0x00000000 0x00000000 0x00000000
3fcb2b30: 0x00000000 0x00000000 0x00000000 0x00000000 0x00000000 0x00000000 0x00000000 0x00000000



ELF file SHA256: e3a78975f126ad0a

Rebooting...
[INFO  machine] Restarting emulator...
[INFO  machine] ROM ELF: 4468 symbols loaded
[INFO  machine] ROM ELF loaded, 15 functions patched for interception
[INFO  machine] CPU reset at ROM entry: PC=0x40000000, SP=0x3FCDE710
[INFO  machine] Emulator restarted (chip=esp32c3)
ESP-ROM:esp32c3-api1-20210207
Build:Feb  7 2021
rst:0x3 (RTC_SW_SYS_RST),boot:0x8 (SPI_FAST_FLASH_BOOT)
SPIWP:0xee
mode:DIO, clock div:1
load:0x3fcd5810,len:0x38c
load:0x403cc710,len:0x6a0
load:0x403ce710,len:0x2624
entry 0x403cc710
Guru Meditation Error: Core  0 panic'ed (Interrupt wdt timeout on CPU0). 

Core  0 register dump:
MEPC    : 0x403894a2  RA      : 0x40382b54  SP      : 0x3fcb2750  GP      : 0x3fc92000  
TP      : 0x3f825fc0  T0      : 0x7ff00100  T1      : 0x80000000  T2      : 0xffffffff  
S0/FP   : 0x3fc920c0  S1      : 0x00000000  A0      : 0x600080c4  A1      : 0x00000100  
A2      : 0x7ff00000  A3      : 0x600c0048  A4      : 0x600c004c  A5      : 0x60008000  
A6      : 0x60008018  A7      : 0x80000000  S2      : 0x00000008  S3      : 0x00000000  
S4      : 0x00000800  S5      : 0x00000001  S6      : 0x00000000  S7      : 0x00000016  
S8      : 0x00000064  S9      : 0x00000000  S10     : 0x00000000  S11     : 0x00000000  
T3      : 0x60008044  T4      : 0x00000003  T5      : 0x00000000  T6      : 0x00000000  
MSTATUS : 0x00001880  MTVEC   : 0x40380001  MCAUSE  : 0x00000018  MTVAL   : 0x00000000  
MHARTID : 0x00000000  

Stack memory:
3fcb2750: 0x00000000 0x3fcaa214 0xdff20570 0x00000001 0x00000001 0x00000140 0x00000003 0x000000a0
3fcb2770: 0x00000000 0x00000000 0x00000015 0x000001ce 0x3c168000 0x3c166000 0x00000001 0x00000001
3fcb2790: 0x00000000 0x00000c02 0x3fc920c0 0x40382c94 0x00000000 0x3fcaa214 0x00000000 0x420088a8
3fcb27b0: 0x00000000 0x00000000 0x00000001 0x00000000 0x00000000 0x00000000 0x3c166000 0x00000001
3fcb27d0: 0x3fcaa000 0x3fcaa214 0x3fc9188e 0x42008c4c 0x00000000 0x00000000 0x00000000 0x00000000
3fcb27f0: 0x00000000 0x00000000 0x00000000 0x00000000 0x3fcaa000 0x3fcaa000 0x3fca2000 0x4203eed0
3fcb2810: 0x00000000 0x00000000 0x00000000 0x00000000 0x00000000 0x00000000 0x00000000 0x00000000
3fcb2830: 0x00000000 0x00000000 0x00000000 0xa340c27b 0x00000000 0x00000000 0x00000000 0x00000000
3fcb2850: 0x00000000 0x3fcaa000 0x00000000 0x420961aa 0x00000000 0x00000000 0x00000000 0x4038d822
3fcb2870: 0x00000000 0x00000000 0x00000000 0x00000000 0x00000000 0xa5a5a5a5 0xa5a5a5a5 0xa5a5a5a5
3fcb2890: 0xa5a5a5a5 0xa5a5a5a5 0xa5a5a5a5 0xbaad5678 0x00000160 0xabba1234 0x00000154 0x3fcb2700
3fcb28b0: 0x00000030 0x3fca608c 0x3fca608c 0x3fcb28ac 0x3fca6084 0x00000018 0x00000000 0x00000000
3fcb28d0: 0x3fcb28ac 0x00000000 0x00000001 0x3fcb089c 0x706f6f6c 0x6b736154 0x00000000 0x00000000
3fcb28f0: 0x00000000 0x3fcb2890 0x00000001 0x00000001 0x00000000 0x00000000 0x00000000 0x3fcabe44
3fcb2910: 0x3fcabeac 0x3fcabf14 0x00000000 0x00000000 0x00000001 0x00000000 0x00000000 0x00000000
3fcb2930: 0x42141012 0x00000000 0x00000000 0x00000000 0x00000000 0x00000000 0x00000000 0x00000000
3fcb2950: 0x00000000 0x00000000 0x00000000 0x00000000 0x00000000 0x00000000 0x00000000 0x00000000
3fcb2970: 0x00000000 0x00000000 0x00000000 0x00000000 0x00000000 0x00000000 0x00000000 0x00000000
3fcb2990: 0x00000000 0x00000000 0x00000000 0x00000000 0x00000000 0x00000000 0x00000000 0x00000000
3fcb29b0: 0x00000000 0x00000000 0x00000000 0x00000000 0x00000000 0x00000000 0x00000000 0x00000000
3fcb29d0: 0x00000000 0x00000000 0x00000000 0x00000000 0x00000000 0x00000000 0x00000000 0x00000000
3fcb29f0: 0x00000000 0x00000000 0x00000000 0x00000000 0xbaad5678 0x00029d05 0x3fcab794 0x3fcab794
3fcb2a10: 0x00000000 0x00000000 0x00000000 0x00000000 0x00000000 0x00000000 0x00000000 0x00000000
3fcb2a30: 0x00000000 0x00000000 0x00000000 0x00000000 0x00000000 0x00000000 0x00000000 0x00000000
3fcb2a50: 0x00000000 0x00000000 0x00000000 0x00000000 0x00000000 0x00000000 0x00000000 0x00000000
3fcb2a70: 0x00000000 0x00000000 0x00000000 0x00000000 0x00000000 0x00000000 0x00000000 0x00000000
3fcb2a90: 0x00000000 0x00000000 0x00000000 0x00000000 0x00000000 0x00000000 0x00000000 0x00000000
3fcb2ab0: 0x00000000 0x00000000 0x00000000 0x00000000 0x00000000 0x00000000 0x00000000 0x00000000
3fcb2ad0: 0x00000000 0x00000000 0x00000000 0x00000000 0x00000000 0x00000000 0x00000000 0x00000000
3fcb2af0: 0x00000000 0x00000000 0x00000000 0x00000000 0x00000000 0x00000000 0x00000000 0x00000000
3fcb2b10: 0x00000000 0x00000000 0x00000000 0x00000000 0x00000000 0x00000000 0x00000000 0x00000000
3fcb2b30: 0x00000000 0x00000000 0x00000000 0x00000000 0x00000000 0x00000000 0x00000000 0x00000000



ELF file SHA256: e3a78975f126ad0a

Rebooting...
[INFO  machine] Restarting emulator...
[INFO  machine] ROM ELF: 4468 symbols loaded
[INFO  machine] ROM ELF loaded, 15 functions patched for interception
[INFO  machine] CPU reset at ROM entry: PC=0x40000000, SP=0x3FCDE710
[INFO  machine] Emulator restarted (chip=esp32c3)
ESP-ROM:esp32c3-api1-20210207
Build:Feb  7 2021
rst:0x3 (RTC_SW_SYS_RST),boot:0x8 (SPI_FAST_FLASH_BOOT)
SPIWP:0xee
mode:DIO, clock div:1
load:0x3fcd5810,len:0x38c
load:0x403cc710,len:0x6a0
load:0x403ce710,len:0x2624
entry 0x403cc710
Guru Meditation Error: Core  0 panic'ed (Interrupt wdt timeout on CPU0). 

Core  0 register dump:
MEPC    : 0x403894a2  RA      : 0x40382b54  SP      : 0x3fcb2750  GP      : 0x3fc92000  
TP      : 0x3f825fc0  T0      : 0x7ff00100  T1      : 0x80000000  T2      : 0xffffffff  
S0/FP   : 0x3fc920c0  S1      : 0x00000000  A0      : 0x600080c4  A1      : 0x00000100  
A2      : 0x7ff00000  A3      : 0x600c0048  A4      : 0x600c004c  A5      : 0x60008000  
A6      : 0x60008018  A7      : 0x80000000  S2      : 0x00000008  S3      : 0x00000000  
S4      : 0x00000800  S5      : 0x00000001  S6      : 0x00000000  S7      : 0x00000016  
S8      : 0x00000064  S9      : 0x00000000  S10     : 0x00000000  S11     : 0x00000000  
T3      : 0x60008044  T4      : 0x00000003  T5      : 0x00000000  T6      : 0x00000000  
MSTATUS : 0x00001880  MTVEC   : 0x40380001  MCAUSE  : 0x00000018  MTVAL   : 0x00000000  
MHARTID : 0x00000000  

Stack memory:
3fcb2750: 0x00000000 0x3fcaa214 0xdff20570 0x00000001 0x00000001 0x00000140 0x00000003 0x000000a0
3fcb2770: 0x00000000 0x00000000 0x00000016 0x000001ce 0x3c168000 0x3c166000 0x00000001 0x00000001
3fcb2790: 0x00000000 0x00000c02 0x3fc920c0 0x40382c94 0x00000000 0x3fcaa214 0x00000000 0x420088a8
3fcb27b0: 0x00000000 0x00000000 0x00000001 0x00000000 0x00000000 0x00000000 0x3c166000 0x00000001
3fcb27d0: 0x3fcaa000 0x3fcaa214 0x3fc9188e 0x42008c4c 0x00000000 0x00000000 0x00000000 0x00000000
3fcb27f0: 0x00000000 0x00000000 0x00000000 0x00000000 0x3fcaa000 0x3fcaa000 0x3fca2000 0x4203eed0
3fcb2810: 0x00000000 0x00000000 0x00000000 0x00000000 0x00000000 0x00000000 0x00000000 0x00000000
3fcb2830: 0x00000000 0x00000000 0x00000000 0xd75e02c3 0x00000000 0x00000000 0x00000000 0x00000000
3fcb2850: 0x00000000 0x3fcaa000 0x00000000 0x420961aa 0x00000000 0x00000000 0x00000000 0x4038d822
3fcb2870: 0x00000000 0x00000000 0x00000000 0x00000000 0x00000000 0xa5a5a5a5 0xa5a5a5a5 0xa5a5a5a5
3fcb2890: 0xa5a5a5a5 0xa5a5a5a5 0xa5a5a5a5 0xbaad5678 0x00000160 0xabba1234 0x00000154 0x3fcb2700
3fcb28b0: 0x00000030 0x3fca608c 0x3fca608c 0x3fcb28ac 0x3fca6084 0x00000018 0x00000000 0x00000000
3fcb28d0: 0x3fcb28ac 0x00000000 0x00000001 0x3fcb089c 0x706f6f6c 0x6b736154 0x00000000 0x00000000
3fcb28f0: 0x00000000 0x3fcb2890 0x00000001 0x00000001 0x00000000 0x00000000 0x00000000 0x3fcabe44
3fcb2910: 0x3fcabeac 0x3fcabf14 0x00000000 0x00000000 0x00000001 0x00000000 0x00000000 0x00000000
3fcb2930: 0x42141012 0x00000000 0x00000000 0x00000000 0x00000000 0x00000000 0x00000000 0x00000000
3fcb2950: 0x00000000 0x00000000 0x00000000 0x00000000 0x00000000 0x00000000 0x00000000 0x00000000
3fcb2970: 0x00000000 0x00000000 0x00000000 0x00000000 0x00000000 0x00000000 0x00000000 0x00000000
3fcb2990: 0x00000000 0x00000000 0x00000000 0x00000000 0x00000000 0x00000000 0x00000000 0x00000000
3fcb29b0: 0x00000000 0x00000000 0x00000000 0x00000000 0x00000000 0x00000000 0x00000000 0x00000000
3fcb29d0: 0x00000000 0x00000000 0x00000000 0x00000000 0x00000000 0x00000000 0x00000000 0x00000000
3fcb29f0: 0x00000000 0x00000000 0x00000000 0x00000000 0xbaad5678 0x00029d05 0x3fcab794 0x3fcab794
3fcb2a10: 0x00000000 0x00000000 0x00000000 0x00000000 0x00000000 0x00000000 0x00000000 0x00000000
3fcb2a30: 0x00000000 0x00000000 0x00000000 0x00000000 0x00000000 0x00000000 0x00000000 0x00000000
3fcb2a50: 0x00000000 0x00000000 0x00000000 0x00000000 0x00000000 0x00000000 0x00000000 0x00000000
3fcb2a70: 0x00000000 0x00000000 0x00000000 0x00000000 0x00000000 0x00000000 0x00000000 0x00000000
3fcb2a90: 0x00000000 0x00000000 0x00000000 0x00000000 0x00000000 0x00000000 0x00000000 0x00000000
3fcb2ab0: 0x00000000 0x00000000 0x00000000 0x00000000 0x00000000 0x00000000 0x00000000 0x00000000
3fcb2ad0: 0x00000000 0x00000000 0x00000000 0x00000000 0x00000000 0x00000000 0x00000000 0x00000000
3fcb2af0: 0x00000000 0x00000000 0x00000000 0x00000000 0x00000000 0x00000000 0x00000000 0x00000000
3fcb2b10: 0x00000000 0x00000000 0x00000000 0x00000000 0x00000000 0x00000000 0x00000000 0x00000000
3fcb2b30: 0x00000000 0x00000000 0x00000000 0x00000000 0x00000000 0x00000000 0x00000000 0x00000000



ELF file SHA256: e3a78975f126ad0a

Rebooting...
[INFO  machine] Restarting emulator...
[INFO  machine] ROM ELF: 4468 symbols loaded
[INFO  machine] ROM ELF loaded, 15 functions patched for interception
[INFO  machine] CPU reset at ROM entry: PC=0x40000000, SP=0x3FCDE710
[INFO  machine] Emulator restarted (chip=esp32c3)
ESP-ROM:esp32c3-api1-20210207
Build:Feb  7 2021
rst:0x3 (RTC_SW_SYS_RST),boot:0x8 (SPI_FAST_FLASH_BOOT)
SPIWP:0xee
mode:DIO, clock div:1
load:0x3fcd5810,len:0x38c
load:0x403cc710,len:0x6a0
load:0x403ce710,len:0x2624
entry 0x403cc710
Guru Meditation Error: Core  0 panic'ed (Interrupt wdt timeout on CPU0). 

Core  0 register dump:
MEPC    : 0x403894a2  RA      : 0x40382b54  SP      : 0x3fcb2750  GP      : 0x3fc92000  
TP      : 0x3f825fc0  T0      : 0x7ff00100  T1      : 0x80000000  T2      : 0xffffffff  
S0/FP   : 0x3fc920c0  S1      : 0x00000000  A0      : 0x600080c4  A1      : 0x00000100  
A2      : 0x7ff00000  A3      : 0x600c0048  A4      : 0x600c004c  A5      : 0x60008000  
A6      : 0x60008018  A7      : 0x80000000  S2      : 0x00000008  S3      : 0x00000000  
S4      : 0x00000800  S5      : 0x00000001  S6      : 0x00000000  S7      : 0x00000016  
S8      : 0x00000064  S9      : 0x00000000  S10     : 0x00000000  S11     : 0x00000000  
T3      : 0x60008044  T4      : 0x00000003  T5      : 0x00000000  T6      : 0x00000000  
MSTATUS : 0x00001880  MTVEC   : 0x40380001  MCAUSE  : 0x00000018  MTVAL   : 0x00000000  
MHARTID : 0x00000000  

Stack memory:
3fcb2750: 0x00000000 0x3fcaa214 0xdff20570 0x00000001 0x00000001 0x00000140 0x00000003 0x000000a0
3fcb2770: 0x00000000 0x00000000 0x00000016 0x000001ce 0x3c168000 0x3c166000 0x00000001 0x00000001
3fcb2790: 0x00000000 0x00000c02 0x3fc920c0 0x40382c94 0x00000000 0x3fcaa214 0x00000000 0x420088a8
3fcb27b0: 0x00000000 0x00000000 0x00000001 0x00000000 0x00000000 0x00000000 0x3c166000 0x00000001
3fcb27d0: 0x3fcaa000 0x3fcaa214 0x3fc9188e 0x42008c4c 0x00000000 0x00000000 0x00000000 0x00000000
3fcb27f0: 0x00000000 0x00000000 0x00000000 0x00000000 0x3fcaa000 0x3fcaa000 0x3fca2000 0x4203eed0
3fcb2810: 0x00000000 0x00000000 0x00000000 0x00000000 0x00000000 0x00000000 0x00000000 0x00000000
3fcb2830: 0x00000000 0x00000000 0x00000000 0x14122e64 0x00000000 0x00000000 0x00000000 0x00000000
3fcb2850: 0x00000000 0x3fcaa000 0x00000000 0x420961aa 0x00000000 0x00000000 0x00000000 0x4038d822
3fcb2870: 0x00000000 0x00000000 0x00000000 0x00000000 0x00000000 0xa5a5a5a5 0xa5a5a5a5 0xa5a5a5a5
3fcb2890: 0xa5a5a5a5 0xa5a5a5a5 0xa5a5a5a5 0xbaad5678 0x00000160 0xabba1234 0x00000154 0x3fcb2700
3fcb28b0: 0x00000030 0x3fca608c 0x3fca608c 0x3fcb28ac 0x3fca6084 0x00000018 0x00000000 0x00000000
3fcb28d0: 0x3fcb28ac 0x00000000 0x00000001 0x3fcb089c 0x706f6f6c 0x6b736154 0x00000000 0x00000000
3fcb28f0: 0x00000000 0x3fcb2890 0x00000001 0x00000001 0x00000000 0x00000000 0x00000000 0x3fcabe44
3fcb2910: 0x3fcabeac 0x3fcabf14 0x00000000 0x00000000 0x00000001 0x00000000 0x00000000 0x00000000
3fcb2930: 0x42141012 0x00000000 0x00000000 0x00000000 0x00000000 0x00000000 0x00000000 0x00000000
3fcb2950: 0x00000000 0x00000000 0x00000000 0x00000000 0x00000000 0x00000000 0x00000000 0x00000000
3fcb2970: 0x00000000 0x00000000 0x00000000 0x00000000 0x00000000 0x00000000 0x00000000 0x00000000
3fcb2990: 0x00000000 0x00000000 0x00000000 0x00000000 0x00000000 0x00000000 0x00000000 0x00000000
3fcb29b0: 0x00000000 0x00000000 0x00000000 0x00000000 0x00000000 0x00000000 0x00000000 0x00000000
3fcb29d0: 0x00000000 0x00000000 0x00000000 0x00000000 0x00000000 0x00000000 0x00000000 0x00000000
3fcb29f0: 0x00000000 0x00000000 0x00000000 0x00000000 0xbaad5678 0x00029d05 0x3fcab794 0x3fcab794
3fcb2a10: 0x00000000 0x00000000 0x00000000 0x00000000 0x00000000 0x00000000 0x00000000 0x00000000
3fcb2a30: 0x00000000 0x00000000 0x00000000 0x00000000 0x00000000 0x00000000 0x00000000 0x00000000
3fcb2a50: 0x00000000 0x00000000 0x00000000 0x00000000 0x00000000 0x00000000 0x00000000 0x00000000
3fcb2a70: 0x00000000 0x00000000 0x00000000 0x00000000 0x00000000 0x00000000 0x00000000 0x00000000
3fcb2a90: 0x00000000 0x00000000 0x00000000 0x00000000 0x00000000 0x00000000 0x00000000 0x00000000
3fcb2ab0: 0x00000000 0x00000000 0x00000000 0x00000000 0x00000000 0x00000000 0x00000000 0x00000000
3fcb2ad0: 0x00000000 0x00000000 0x00000000 0x00000000 0x00000000 0x00000000 0x00000000 0x00000000
3fcb2af0: 0x00000000 0x00000000 0x00000000 0x00000000 0x00000000 0x00000000 0x00000000 0x00000000
3fcb2b10: 0x00000000 0x00000000 0x00000000 0x00000000 0x00000000 0x00000000 0x00000000 0x00000000
3fcb2b30: 0x00000000 0x00000000 0x00000000 0x00000000 0x00000000 0x00000000 0x00000000 0x00000000



ELF file SHA256: e3a78975f126ad0a

Rebooting...
[INFO  machine] Restarting emulator...
[INFO  machine] ROM ELF: 4468 symbols loaded
[INFO  machine] ROM ELF loaded, 15 functions patched for interception
[INFO  machine] CPU reset at ROM entry: PC=0x40000000, SP=0x3FCDE710
[INFO  machine] Emulator restarted (chip=esp32c3)
ESP-ROM:esp32c3-api1-20210207
Build:Feb  7 2021
rst:0x3 (RTC_SW_SYS_RST),boot:0x8 (SPI_FAST_FLASH_BOOT)
SPIWP:0xee
mode:DIO, clock div:1
load:0x3fcd5810,len:0x38c
load:0x403cc710,len:0x6a0
load:0x403ce710,len:0x2624
entry 0x403cc710
Guru Meditation Error: Core  0 panic'ed (Interrupt wdt timeout on CPU0). 

Core  0 register dump:
MEPC    : 0x403894a2  RA      : 0x40382b54  SP      : 0x3fcb2750  GP      : 0x3fc92000  
TP      : 0x3f825fc0  T0      : 0x7ff00100  T1      : 0x80000000  T2      : 0xffffffff  
S0/FP   : 0x3fc920c0  S1      : 0x00000000  A0      : 0x600080c4  A1      : 0x00000100  
A2      : 0x7ff00000  A3      : 0x600c0048  A4      : 0x600c004c  A5      : 0x60008000  
A6      : 0x60008018  A7      : 0x80000000  S2      : 0x00000008  S3      : 0x00000000  
S4      : 0x00000800  S5      : 0x00000001  S6      : 0x00000000  S7      : 0x00000016  
S8      : 0x00000064  S9      : 0x00000000  S10     : 0x00000000  S11     : 0x00000000  
T3      : 0x60008044  T4      : 0x00000003  T5      : 0x00000000  T6      : 0x00000000  
MSTATUS : 0x00001880  MTVEC   : 0x40380001  MCAUSE  : 0x00000018  MTVAL   : 0x00000000  
MHARTID : 0x00000000  

Stack memory:
3fcb2750: 0x00000000 0x3fcaa214 0xdff20570 0x00000001 0x00000001 0x00000140 0x00000003 0x000000a0
3fcb2770: 0x00000000 0x00000000 0x00000017 0x000001ce 0x3c168000 0x3c166000 0x00000001 0x00000001
3fcb2790: 0x00000000 0x00000c02 0x3fc920c0 0x40382c94 0x00000000 0x3fcaa214 0x00000000 0x420088a8
3fcb27b0: 0x00000000 0x00000000 0x00000001 0x00000000 0x00000000 0x00000000 0x3c166000 0x00000001
3fcb27d0: 0x3fcaa000 0x3fcaa214 0x3fc9188e 0x42008c4c 0x00000000 0x00000000 0x00000000 0x00000000
3fcb27f0: 0x00000000 0x00000000 0x00000000 0x00000000 0x3fcaa000 0x3fcaa000 0x3fca2000 0x4203eed0
3fcb2810: 0x00000000 0x00000000 0x00000000 0x00000000 0x00000000 0x00000000 0x00000000 0x00000000
3fcb2830: 0x00000000 0x00000000 0x00000000 0xb24a2d74 0x00000000 0x00000000 0x00000000 0x00000000
3fcb2850: 0x00000000 0x3fcaa000 0x00000000 0x420961aa 0x00000000 0x00000000 0x00000000 0x4038d822
3fcb2870: 0x00000000 0x00000000 0x00000000 0x00000000 0x00000000 0xa5a5a5a5 0xa5a5a5a5 0xa5a5a5a5
3fcb2890: 0xa5a5a5a5 0xa5a5a5a5 0xa5a5a5a5 0xbaad5678 0x00000160 0xabba1234 0x00000154 0x3fcb2700
3fcb28b0: 0x00000030 0x3fca608c 0x3fca608c 0x3fcb28ac 0x3fca6084 0x00000018 0x00000000 0x00000000
3fcb28d0: 0x3fcb28ac 0x00000000 0x00000001 0x3fcb089c 0x706f6f6c 0x6b736154 0x00000000 0x00000000
3fcb28f0: 0x00000000 0x3fcb2890 0x00000001 0x00000001 0x00000000 0x00000000 0x00000000 0x3fcabe44
3fcb2910: 0x3fcabeac 0x3fcabf14 0x00000000 0x00000000 0x00000001 0x00000000 0x00000000 0x00000000
3fcb2930: 0x42141012 0x00000000 0x00000000 0x00000000 0x00000000 0x00000000 0x00000000 0x00000000
3fcb2950: 0x00000000 0x00000000 0x00000000 0x00000000 0x00000000 0x00000000 0x00000000 0x00000000
3fcb2970: 0x00000000 0x00000000 0x00000000 0x00000000 0x00000000 0x00000000 0x00000000 0x00000000
3fcb2990: 0x00000000 0x00000000 0x00000000 0x00000000 0x00000000 0x00000000 0x00000000 0x00000000
3fcb29b0: 0x00000000 0x00000000 0x00000000 0x00000000 0x00000000 0x00000000 0x00000000 0x00000000
3fcb29d0: 0x00000000 0x00000000 0x00000000 0x00000000 0x00000000 0x00000000 0x00000000 0x00000000
3fcb29f0: 0x00000000 0x00000000 0x00000000 0x00000000 0xbaad5678 0x00029d05 0x3fcab794 0x3fcab794
3fcb2a10: 0x00000000 0x00000000 0x00000000 0x00000000 0x00000000 0x00000000 0x00000000 0x00000000
3fcb2a30: 0x00000000 0x00000000 0x00000000 0x00000000 0x00000000 0x00000000 0x00000000 0x00000000
3fcb2a50: 0x00000000 0x00000000 0x00000000 0x00000000 0x00000000 0x00000000 0x00000000 0x00000000
3fcb2a70: 0x00000000 0x00000000 0x00000000 0x00000000 0x00000000 0x00000000 0x00000000 0x00000000
3fcb2a90: 0x00000000 0x00000000 0x00000000 0x00000000 0x00000000 0x00000000 0x00000000 0x00000000
3fcb2ab0: 0x00000000 0x00000000 0x00000000 0x00000000 0x00000000 0x00000000 0x00000000 0x00000000
3fcb2ad0: 0x00000000 0x00000000 0x00000000 0x00000000 0x00000000 0x00000000 0x00000000 0x00000000
3fcb2af0: 0x00000000 0x00000000 0x00000000 0x00000000 0x00000000 0x00000000 0x00000000 0x00000000
3fcb2b10: 0x00000000 0x00000000 0x00000000 0x00000000 0x00000000 0x00000000 0x00000000 0x00000000
3fcb2b30: 0x00000000 0x00000000 0x00000000 0x00000000 0x00000000 0x00000000 0x00000000 0x00000000



ELF file SHA256: e3a78975f126ad0a

Rebooting...
[INFO  machine] Restarting emulator...
[INFO  machine] ROM ELF: 4468 symbols loaded
[INFO  machine] ROM ELF loaded, 15 functions patched for interception
[INFO  machine] CPU reset at ROM entry: PC=0x40000000, SP=0x3FCDE710
[INFO  machine] Emulator restarted (chip=esp32c3)
ESP-ROM:esp32c3-api1-20210207
Build:Feb  7 2021
rst:0x3 (RTC_SW_SYS_RST),boot:0x8 (SPI_FAST_FLASH_BOOT)
SPIWP:0xee
mode:DIO, clock div:1
load:0x3fcd5810,len:0x38c
load:0x403cc710,len:0x6a0
load:0x403ce710,len:0x2624
entry 0x403cc710
Guru Meditation Error: Core  0 panic'ed (Interrupt wdt timeout on CPU0). 

Core  0 register dump:
MEPC    : 0x403894a2  RA      : 0x40382b54  SP      : 0x3fcb2750  GP      : 0x3fc92000  
TP      : 0x3f825fc0  T0      : 0x7ff00100  T1      : 0x80000000  T2      : 0xffffffff  
S0/FP   : 0x3fc920c0  S1      : 0x00000000  A0      : 0x600080c4  A1      : 0x00000100  
A2      : 0x7ff00000  A3      : 0x600c0048  A4      : 0x600c004c  A5      : 0x60008000  
A6      : 0x60008018  A7      : 0x80000000  S2      : 0x00000008  S3      : 0x00000000  
S4      : 0x00000800  S5      : 0x00000001  S6      : 0x00000000  S7      : 0x00000016  
S8      : 0x00000064  S9      : 0x00000000  S10     : 0x00000000  S11     : 0x00000000  
T3      : 0x60008044  T4      : 0x00000003  T5      : 0x00000000  T6      : 0x00000000  
MSTATUS : 0x00001880  MTVEC   : 0x40380001  MCAUSE  : 0x00000018  MTVAL   : 0x00000000  
MHARTID : 0x00000000  

Stack memory:
3fcb2750: 0x00000000 0x3fcaa214 0xdff20570 0x00000001 0x00000001 0x00000140 0x00000003 0x000000a0
3fcb2770: 0x00000000 0x00000000 0x00000017 0x000001ce 0x3c168000 0x3c166000 0x00000001 0x00000001
3fcb2790: 0x00000000 0x00000c02 0x3fc920c0 0x40382c94 0x00000000 0x3fcaa214 0x00000000 0x420088a8
3fcb27b0: 0x00000000 0x00000000 0x00000001 0x00000000 0x00000000 0x00000000 0x3c166000 0x00000001
3fcb27d0: 0x3fcaa000 0x3fcaa214 0x3fc9188e 0x42008c4c 0x00000000 0x00000000 0x00000000 0x00000000
3fcb27f0: 0x00000000 0x00000000 0x00000000 0x00000000 0x3fcaa000 0x3fcaa000 0x3fca2000 0x4203eed0
3fcb2810: 0x00000000 0x00000000 0x00000000 0x00000000 0x00000000 0x00000000 0x00000000 0x00000000
3fcb2830: 0x00000000 0x00000000 0x00000000 0xcd595f43 0x00000000 0x00000000 0x00000000 0x00000000
3fcb2850: 0x00000000 0x3fcaa000 0x00000000 0x420961aa 0x00000000 0x00000000 0x00000000 0x4038d822
3fcb2870: 0x00000000 0x00000000 0x00000000 0x00000000 0x00000000 0xa5a5a5a5 0xa5a5a5a5 0xa5a5a5a5
3fcb2890: 0xa5a5a5a5 0xa5a5a5a5 0xa5a5a5a5 0xbaad5678 0x00000160 0xabba1234 0x00000154 0x3fcb2700
3fcb28b0: 0x00000030 0x3fca608c 0x3fca608c 0x3fcb28ac 0x3fca6084 0x00000018 0x00000000 0x00000000
3fcb28d0: 0x3fcb28ac 0x00000000 0x00000001 0x3fcb089c 0x706f6f6c 0x6b736154 0x00000000 0x00000000
3fcb28f0: 0x00000000 0x3fcb2890 0x00000001 0x00000001 0x00000000 0x00000000 0x00000000 0x3fcabe44
3fcb2910: 0x3fcabeac 0x3fcabf14 0x00000000 0x00000000 0x00000001 0x00000000 0x00000000 0x00000000
3fcb2930: 0x42141012 0x00000000 0x00000000 0x00000000 0x00000000 0x00000000 0x00000000 0x00000000
3fcb2950: 0x00000000 0x00000000 0x00000000 0x00000000 0x00000000 0x00000000 0x00000000 0x00000000
3fcb2970: 0x00000000 0x00000000 0x00000000 0x00000000 0x00000000 0x00000000 0x00000000 0x00000000
3fcb2990: 0x00000000 0x00000000 0x00000000 0x00000000 0x00000000 0x00000000 0x00000000 0x00000000
3fcb29b0: 0x00000000 0x00000000 0x00000000 0x00000000 0x00000000 0x00000000 0x00000000 0x00000000
3fcb29d0: 0x00000000 0x00000000 0x00000000 0x00000000 0x00000000 0x00000000 0x00000000 0x00000000
3fcb29f0: 0x00000000 0x00000000 0x00000000 0x00000000 0xbaad5678 0x00029d05 0x3fcab794 0x3fcab794
3fcb2a10: 0x00000000 0x00000000 0x00000000 0x00000000 0x00000000 0x00000000 0x00000000 0x00000000
3fcb2a30: 0x00000000 0x00000000 0x00000000 0x00000000 0x00000000 0x00000000 0x00000000 0x00000000
3fcb2a50: 0x00000000 0x00000000 0x00000000 0x00000000 0x00000000 0x00000000 0x00000000 0x00000000
3fcb2a70: 0x00000000 0x00000000 0x00000000 0x00000000 0x00000000 0x00000000 0x00000000 0x00000000
3fcb2a90: 0x00000000 0x00000000 0x00000000 0x00000000 0x00000000 0x00000000 0x00000000 0x00000000
3fcb2ab0: 0x00000000 0x00000000 0x00000000 0x00000000 0x00000000 0x00000000 0x00000000 0x00000000
3fcb2ad0: 0x00000000 0x00000000 0x00000000 0x00000000 0x00000000 0x00000000 0x00000000 0x00000000
3fcb2af0: 0x00000000 0x00000000 0x00000000 0x00000000 0x00000000 0x00000000 0x00000000 0x00000000
3fcb2b10: 0x00000000 0x00000000 0x00000000 0x00000000 0x00000000 0x00000000 0x00000000 0x00000000
3fcb2b30: 0x00000000 0x00000000 0x00000000 0x00000000 0x00000000 0x00000000 0x00000000 0x00000000



ELF file SHA256: e3a78975f126ad0a

Rebooting...
[INFO  machine] Restarting emulator...
[INFO  machine] ROM ELF: 4468 symbols loaded
[INFO  machine] ROM ELF loaded, 15 functions patched for interception
[INFO  machine] CPU reset at ROM entry: PC=0x40000000, SP=0x3FCDE710
[INFO  machine] Emulator restarted (chip=esp32c3)
ESP-ROM:esp32c3-api1-20210207
Build:Feb  7 2021
rst:0x3 (RTC_SW_SYS_RST),boot:0x8 (SPI_FAST_FLASH_BOOT)
SPIWP:0xee
mode:DIO, clock div:1
load:0x3fcd5810,len:0x38c
load:0x403cc710,len:0x6a0
load:0x403ce710,len:0x2624
entry 0x403cc710
Guru Meditation Error: Core  0 panic'ed (Interrupt wdt timeout on CPU0). 

Core  0 register dump:
MEPC    : 0x403894a2  RA      : 0x40382b54  SP      : 0x3fcb2750  GP      : 0x3fc92000  
TP      : 0x3f825fc0  T0      : 0x7ff00100  T1      : 0x80000000  T2      : 0xffffffff  
S0/FP   : 0x3fc920c0  S1      : 0x00000000  A0      : 0x600080c4  A1      : 0x00000100  
A2      : 0x7ff00000  A3      : 0x600c0048  A4      : 0x600c004c  A5      : 0x60008000  
A6      : 0x60008018  A7      : 0x80000000  S2      : 0x00000008  S3      : 0x00000000  
S4      : 0x00000800  S5      : 0x00000001  S6      : 0x00000000  S7      : 0x00000016  
S8      : 0x00000064  S9      : 0x00000000  S10     : 0x00000000  S11     : 0x00000000  
T3      : 0x60008044  T4      : 0x00000003  T5      : 0x00000000  T6      : 0x00000000  
MSTATUS : 0x00001880  MTVEC   : 0x40380001  MCAUSE  : 0x00000018  MTVAL   : 0x00000000  
MHARTID : 0x00000000  

Stack memory:
3fcb2750: 0x00000000 0x3fcaa214 0xdff20570 0x00000001 0x00000001 0x00000140 0x00000003 0x000000a0
3fcb2770: 0x00000000 0x00000000 0x00000017 0x000001ce 0x3c168000 0x3c166000 0x00000001 0x00000001
3fcb2790: 0x00000000 0x00000c02 0x3fc920c0 0x40382c94 0x00000000 0x3fcaa214 0x00000000 0x420088a8
3fcb27b0: 0x00000000 0x00000000 0x00000001 0x00000000 0x00000000 0x00000000 0x3c166000 0x00000001
3fcb27d0: 0x3fcaa000 0x3fcaa214 0x3fc9188e 0x42008c4c 0x00000000 0x00000000 0x00000000 0x00000000
3fcb27f0: 0x00000000 0x00000000 0x00000000 0x00000000 0x3fcaa000 0x3fcaa000 0x3fca2000 0x4203eed0
3fcb2810: 0x00000000 0x00000000 0x00000000 0x00000000 0x00000000 0x00000000 0x00000000 0x00000000
3fcb2830: 0x00000000 0x00000000 0x00000000 0x9a12079a 0x00000000 0x00000000 0x00000000 0x00000000
3fcb2850: 0x00000000 0x3fcaa000 0x00000000 0x420961aa 0x00000000 0x00000000 0x00000000 0x4038d822
3fcb2870: 0x00000000 0x00000000 0x00000000 0x00000000 0x00000000 0xa5a5a5a5 0xa5a5a5a5 0xa5a5a5a5
3fcb2890: 0xa5a5a5a5 0xa5a5a5a5 0xa5a5a5a5 0xbaad5678 0x00000160 0xabba1234 0x00000154 0x3fcb2700
3fcb28b0: 0x00000030 0x3fca608c 0x3fca608c 0x3fcb28ac 0x3fca6084 0x00000018 0x00000000 0x00000000
3fcb28d0: 0x3fcb28ac 0x00000000 0x00000001 0x3fcb089c 0x706f6f6c 0x6b736154 0x00000000 0x00000000
3fcb28f0: 0x00000000 0x3fcb2890 0x00000001 0x00000001 0x00000000 0x00000000 0x00000000 0x3fcabe44
3fcb2910: 0x3fcabeac 0x3fcabf14 0x00000000 0x00000000 0x00000001 0x00000000 0x00000000 0x00000000
3fcb2930: 0x42141012 0x00000000 0x00000000 0x00000000 0x00000000 0x00000000 0x00000000 0x00000000
3fcb2950: 0x00000000 0x00000000 0x00000000 0x00000000 0x00000000 0x00000000 0x00000000 0x00000000
3fcb2970: 0x00000000 0x00000000 0x00000000 0x00000000 0x00000000 0x00000000 0x00000000 0x00000000
3fcb2990: 0x00000000 0x00000000 0x00000000 0x00000000 0x00000000 0x00000000 0x00000000 0x00000000
3fcb29b0: 0x00000000 0x00000000 0x00000000 0x00000000 0x00000000 0x00000000 0x00000000 0x00000000
3fcb29d0: 0x00000000 0x00000000 0x00000000 0x00000000 0x00000000 0x00000000 0x00000000 0x00000000
3fcb29f0: 0x00000000 0x00000000 0x00000000 0x00000000 0xbaad5678 0x00029d05 0x3fcab794 0x3fcab794
3fcb2a10: 0x00000000 0x00000000 0x00000000 0x00000000 0x00000000 0x00000000 0x00000000 0x00000000
3fcb2a30: 0x00000000 0x00000000 0x00000000 0x00000000 0x00000000 0x00000000 0x00000000 0x00000000
3fcb2a50: 0x00000000 0x00000000 0x00000000 0x00000000 0x00000000 0x00000000 0x00000000 0x00000000
3fcb2a70: 0x00000000 0x00000000 0x00000000 0x00000000 0x00000000 0x00000000 0x00000000 0x00000000
3fcb2a90: 0x00000000 0x00000000 0x00000000 0x00000000 0x00000000 0x00000000 0x00000000 0x00000000
3fcb2ab0: 0x00000000 0x00000000 0x00000000 0x00000000 0x00000000 0x00000000 0x00000000 0x00000000
3fcb2ad0: 0x00000000 0x00000000 0x00000000 0x00000000 0x00000000 0x00000000 0x00000000 0x00000000
3fcb2af0: 0x00000000 0x00000000 0x00000000 0x00000000 0x00000000 0x00000000 0x00000000 0x00000000
3fcb2b10: 0x00000000 0x00000000 0x00000000 0x00000000 0x00000000 0x00000000 0x00000000 0x00000000
3fcb2b30: 0x00000000 0x00000000 0x00000000 0x00000000 0x00000000 0x00000000 0x00000000 0x00000000



ELF file SHA256: e3a78975f126ad0a

Rebooting...
[INFO  machine] Restarting emulator...
[INFO  machine] ROM ELF: 4468 symbols loaded
[INFO  machine] ROM ELF loaded, 15 functions patched for interception
[INFO  machine] CPU reset at ROM entry: PC=0x40000000, SP=0x3FCDE710
[INFO  machine] Emulator restarted (chip=esp32c3)
ESP-ROM:esp32c3-api1-20210207
Build:Feb  7 2021
rst:0x3 (RTC_SW_SYS_RST),boot:0x8 (SPI_FAST_FLASH_BOOT)
SPIWP:0xee
mode:DIO, clock div:1
load:0x3fcd5810,len:0x38c
load:0x403cc710,len:0x6a0
load:0x403ce710,len:0x2624
entry 0x403cc710
Guru Meditation Error: Core  0 panic'ed (Interrupt wdt timeout on CPU0). 

Core  0 register dump:
MEPC    : 0x403894a2  RA      : 0x40382b54  SP      : 0x3fcb2750  GP      : 0x3fc92000  
TP      : 0x3f825fc0  T0      : 0x7ff00100  T1      : 0x80000000  T2      : 0xffffffff  
S0/FP   : 0x3fc920c0  S1      : 0x00000000  A0      : 0x600080c4  A1      : 0x00000100  
A2      : 0x7ff00000  A3      : 0x600c0048  A4      : 0x600c004c  A5      : 0x60008000  
A6      : 0x60008018  A7      : 0x80000000  S2      : 0x00000008  S3      : 0x00000000  
S4      : 0x00000800  S5      : 0x00000001  S6      : 0x00000000  S7      : 0x00000016  
S8      : 0x00000064  S9      : 0x00000000  S10     : 0x00000000  S11     : 0x00000000  
T3      : 0x60008044  T4      : 0x00000003  T5      : 0x00000000  T6      : 0x00000000  
MSTATUS : 0x00001880  MTVEC   : 0x40380001  MCAUSE  : 0x00000018  MTVAL   : 0x00000000  
MHARTID : 0x00000000  

Stack memory:
3fcb2750: 0x00000000 0x3fcaa214 0xdff20570 0x00000001 0x00000001 0x00000140 0x00000003 0x000000a0
3fcb2770: 0x00000000 0x00000000 0x00000018 0x000001ce 0x3c168000 0x3c166000 0x00000001 0x00000001
3fcb2790: 0x00000000 0x00000c02 0x3fc920c0 0x40382c94 0x00000000 0x3fcaa214 0x00000000 0x420088a8
3fcb27b0: 0x00000000 0x00000000 0x00000001 0x00000000 0x00000000 0x00000000 0x3c166000 0x00000001
3fcb27d0: 0x3fcaa000 0x3fcaa214 0x3fc9188e 0x42008c4c 0x00000000 0x00000000 0x00000000 0x00000000
3fcb27f0: 0x00000000 0x00000000 0x00000000 0x00000000 0x3fcaa000 0x3fcaa000 0x3fca2000 0x4203eed0
3fcb2810: 0x00000000 0x00000000 0x00000000 0x00000000 0x00000000 0x00000000 0x00000000 0x00000000
3fcb2830: 0x00000000 0x00000000 0x00000000 0x8e4ab13f 0x00000000 0x00000000 0x00000000 0x00000000
3fcb2850: 0x00000000 0x3fcaa000 0x00000000 0x420961aa 0x00000000 0x00000000 0x00000000 0x4038d822
3fcb2870: 0x00000000 0x00000000 0x00000000 0x00000000 0x00000000 0xa5a5a5a5 0xa5a5a5a5 0xa5a5a5a5
3fcb2890: 0xa5a5a5a5 0xa5a5a5a5 0xa5a5a5a5 0xbaad5678 0x00000160 0xabba1234 0x00000154 0x3fcb2700
3fcb28b0: 0x00000030 0x3fca608c 0x3fca608c 0x3fcb28ac 0x3fca6084 0x00000018 0x00000000 0x00000000
3fcb28d0: 0x3fcb28ac 0x00000000 0x00000001 0x3fcb089c 0x706f6f6c 0x6b736154 0x00000000 0x00000000
3fcb28f0: 0x00000000 0x3fcb2890 0x00000001 0x00000001 0x00000000 0x00000000 0x00000000 0x3fcabe44
3fcb2910: 0x3fcabeac 0x3fcabf14 0x00000000 0x00000000 0x00000001 0x00000000 0x00000000 0x00000000
3fcb2930: 0x42141012 0x00000000 0x00000000 0x00000000 0x00000000 0x00000000 0x00000000 0x00000000
3fcb2950: 0x00000000 0x00000000 0x00000000 0x00000000 0x00000000 0x00000000 0x00000000 0x00000000
3fcb2970: 0x00000000 0x00000000 0x00000000 0x00000000 0x00000000 0x00000000 0x00000000 0x00000000
3fcb2990: 0x00000000 0x00000000 0x00000000 0x00000000 0x00000000 0x00000000 0x00000000 0x00000000
3fcb29b0: 0x00000000 0x00000000 0x00000000 0x00000000 0x00000000 0x00000000 0x00000000 0x00000000
3fcb29d0: 0x00000000 0x00000000 0x00000000 0x00000000 0x00000000 0x00000000 0x00000000 0x00000000
3fcb29f0: 0x00000000 0x00000000 0x00000000 0x00000000 0xbaad5678 0x00029d05 0x3fcab794 0x3fcab794
3fcb2a10: 0x00000000 0x00000000 0x00000000 0x00000000 0x00000000 0x00000000 0x00000000 0x00000000
3fcb2a30: 0x00000000 0x00000000 0x00000000 0x00000000 0x00000000 0x00000000 0x00000000 0x00000000
3fcb2a50: 0x00000000 0x00000000 0x00000000 0x00000000 0x00000000 0x00000000 0x00000000 0x00000000
3fcb2a70: 0x00000000 0x00000000 0x00000000 0x00000000 0x00000000 0x00000000 0x00000000 0x00000000
3fcb2a90: 0x00000000 0x00000000 0x00000000 0x00000000 0x00000000 0x00000000 0x00000000 0x00000000
3fcb2ab0: 0x00000000 0x00000000 0x00000000 0x00000000 0x00000000 0x00000000 0x00000000 0x00000000
3fcb2ad0: 0x00000000 0x00000000 0x00000000 0x00000000 0x00000000 0x00000000 0x00000000 0x00000000
3fcb2af0: 0x00000000 0x00000000 0x00000000 0x00000000 0x00000000 0x00000000 0x00000000 0x00000000
3fcb2b10: 0x00000000 0x00000000 0x00000000 0x00000000 0x00000000 0x00000000 0x00000000 0x00000000
3fcb2b30: 0x00000000 0x00000000 0x00000000 0x00000000 0x00000000 0x00000000 0x00000000 0x00000000



ELF file SHA256: e3a78975f126ad0a

Rebooting...
[INFO  machine] Restarting emulator...
[INFO  machine] ROM ELF: 4468 symbols loaded
[INFO  machine] ROM ELF loaded, 15 functions patched for interception
[INFO  machine] CPU reset at ROM entry: PC=0x40000000, SP=0x3FCDE710
[INFO  machine] Emulator restarted (chip=esp32c3)
ESP-ROM:esp32c3-api1-20210207
Build:Feb  7 2021
rst:0x3 (RTC_SW_SYS_RST),boot:0x8 (SPI_FAST_FLASH_BOOT)
SPIWP:0xee
mode:DIO, clock div:1
load:0x3fcd5810,len:0x38c
load:0x403cc710,len:0x6a0
load:0x403ce710,len:0x2624
entry 0x403cc710
Guru Meditation Error: Core  0 panic'ed (Interrupt wdt timeout on CPU0). 

Core  0 register dump:
MEPC    : 0x403894a2  RA      : 0x40382b54  SP      : 0x3fcb2750  GP      : 0x3fc92000  
TP      : 0x3f825fc0  T0      : 0x7ff00100  T1      : 0x80000000  T2      : 0xffffffff  
S0/FP   : 0x3fc920c0  S1      : 0x00000000  A0      : 0x600080c4  A1      : 0x00000100  
A2      : 0x7ff00000  A3      : 0x600c0048  A4      : 0x600c004c  A5      : 0x60008000  
A6      : 0x60008018  A7      : 0x80000000  S2      : 0x00000008  S3      : 0x00000000  
S4      : 0x00000800  S5      : 0x00000001  S6      : 0x00000000  S7      : 0x00000016  
S8      : 0x00000064  S9      : 0x00000000  S10     : 0x00000000  S11     : 0x00000000  
T3      : 0x60008044  T4      : 0x00000003  T5      : 0x00000000  T6      : 0x00000000  
MSTATUS : 0x00001880  MTVEC   : 0x40380001  MCAUSE  : 0x00000018  MTVAL   : 0x00000000  
MHARTID : 0x00000000  

Stack memory:
3fcb2750: 0x00000000 0x3fcaa214 0xdff20570 0x00000001 0x00000001 0x00000140 0x00000003 0x000000a0
3fcb2770: 0x00000000 0x00000000 0x00000018 0x000001ce 0x3c168000 0x3c166000 0x00000001 0x00000001
3fcb2790: 0x00000000 0x00000c02 0x3fc920c0 0x40382c94 0x00000000 0x3fcaa214 0x00000000 0x420088a8
3fcb27b0: 0x00000000 0x00000000 0x00000001 0x00000000 0x00000000 0x00000000 0x3c166000 0x00000001
3fcb27d0: 0x3fcaa000 0x3fcaa214 0x3fc9188e 0x42008c4c 0x00000000 0x00000000 0x00000000 0x00000000
3fcb27f0: 0x00000000 0x00000000 0x00000000 0x00000000 0x3fcaa000 0x3fcaa000 0x3fca2000 0x4203eed0
3fcb2810: 0x00000000 0x00000000 0x00000000 0x00000000 0x00000000 0x00000000 0x00000000 0x00000000
3fcb2830: 0x00000000 0x00000000 0x00000000 0xb1094f39 0x00000000 0x00000000 0x00000000 0x00000000
3fcb2850: 0x00000000 0x3fcaa000 0x00000000 0x420961aa 0x00000000 0x00000000 0x00000000 0x4038d822
3fcb2870: 0x00000000 0x00000000 0x00000000 0x00000000 0x00000000 0xa5a5a5a5 0xa5a5a5a5 0xa5a5a5a5
3fcb2890: 0xa5a5a5a5 0xa5a5a5a5 0xa5a5a5a5 0xbaad5678 0x00000160 0xabba1234 0x00000154 0x3fcb2700
3fcb28b0: 0x00000030 0x3fca608c 0x3fca608c 0x3fcb28ac 0x3fca6084 0x00000018 0x00000000 0x00000000
3fcb28d0: 0x3fcb28ac 0x00000000 0x00000001 0x3fcb089c 0x706f6f6c 0x6b736154 0x00000000 0x00000000
3fcb28f0: 0x00000000 0x3fcb2890 0x00000001 0x00000001 0x00000000 0x00000000 0x00000000 0x3fcabe44
3fcb2910: 0x3fcabeac 0x3fcabf14 0x00000000 0x00000000 0x00000001 0x00000000 0x00000000 0x00000000
3fcb2930: 0x42141012 0x00000000 0x00000000 0x00000000 0x00000000 0x00000000 0x00000000 0x00000000
3fcb2950: 0x00000000 0x00000000 0x00000000 0x00000000 0x00000000 0x00000000 0x00000000 0x00000000
3fcb2970: 0x00000000 0x00000000 0x00000000 0x00000000 0x00000000 0x00000000 0x00000000 0x00000000
3fcb2990: 0x00000000 0x00000000 0x00000000 0x00000000 0x00000000 0x00000000 0x00000000 0x00000000
3fcb29b0: 0x00000000 0x00000000 0x00000000 0x00000000 0x00000000 0x00000000 0x00000000 0x00000000
3fcb29d0: 0x00000000 0x00000000 0x00000000 0x00000000 0x00000000 0x00000000 0x00000000 0x00000000
3fcb29f0: 0x00000000 0x00000000 0x00000000 0x00000000 0xbaad5678 0x00029d05 0x3fcab794 0x3fcab794
3fcb2a10: 0x00000000 0x00000000 0x00000000 0x00000000 0x00000000 0x00000000 0x00000000 0x00000000
3fcb2a30: 0x00000000 0x00000000 0x00000000 0x00000000 0x00000000 0x00000000 0x00000000 0x00000000
3fcb2a50: 0x00000000 0x00000000 0x00000000 0x00000000 0x00000000 0x00000000 0x00000000 0x00000000
3fcb2a70: 0x00000000 0x00000000 0x00000000 0x00000000 0x00000000 0x00000000 0x00000000 0x00000000
3fcb2a90: 0x00000000 0x00000000 0x00000000 0x00000000 0x00000000 0x00000000 0x00000000 0x00000000
3fcb2ab0: 0x00000000 0x00000000 0x00000000 0x00000000 0x00000000 0x00000000 0x00000000 0x00000000
3fcb2ad0: 0x00000000 0x00000000 0x00000000 0x00000000 0x00000000 0x00000000 0x00000000 0x00000000
3fcb2af0: 0x00000000 0x00000000 0x00000000 0x00000000 0x00000000 0x00000000 0x00000000 0x00000000
3fcb2b10: 0x00000000 0x00000000 0x00000000 0x00000000 0x00000000 0x00000000 0x00000000 0x00000000
3fcb2b30: 0x00000000 0x00000000 0x00000000 0x00000000 0x00000000 0x00000000 0x00000000 0x00000000



ELF file SHA256: e3a78975f126ad0a

Rebooting...
[INFO  machine] Restarting emulator...
[INFO  machine] ROM ELF: 4468 symbols loaded
[INFO  machine] ROM ELF loaded, 15 functions patched for interception
[INFO  machine] CPU reset at ROM entry: PC=0x40000000, SP=0x3FCDE710
[INFO  machine] Emulator restarted (chip=esp32c3)
ESP-ROM:esp32c3-api1-20210207
Build:Feb  7 2021
rst:0x3 (RTC_SW_SYS_RST),boot:0x8 (SPI_FAST_FLASH_BOOT)
SPIWP:0xee
mode:DIO, clock div:1
load:0x3fcd5810,len:0x38c
load:0x403cc710,len:0x6a0
load:0x403ce710,len:0x2624
entry 0x403cc710
[INFO  gdb_stub] GDB client disconnected; target resumes free-running
Guru Meditation Error: Core  0 panic'ed (Interrupt wdt timeout on CPU0). 

Core  0 register dump:
MEPC    : 0x403894a2  RA      : 0x40382b54  SP      : 0x3fcb2750  GP      : 0x3fc92000  
TP      : 0x3f825fc0  T0      : 0x7ff00100  T1      : 0x80000000  T2      : 0xffffffff  
S0/FP   : 0x3fc920c0  S1      : 0x00000000  A0      : 0x600080c4  A1      : 0x00000100  
A2      : 0x7ff00000  A3      : 0x600c0048  A4      : 0x600c004c  A5      : 0x60008000  
A6      : 0x60008018  A7      : 0x80000000  S2      : 0x00000008  S3      : 0x00000000  
S4      : 0x00000800  S5      : 0x00000001  S6      : 0x00000000  S7      : 0x00000016  
S8      : 0x00000064  S9      : 0x00000000  S10     : 0x00000000  S11     : 0x00000000  
T3      : 0x60008044  T4      : 0x00000003  T5      : 0x00000000  T6      : 0x00000000  
MSTATUS : 0x00001880  MTVEC   : 0x40380001  MCAUSE  : 0x00000018  MTVAL   : 0x00000000  
MHARTID : 0x00000000  

Stack memory:
3fcb2750: 0x00000000 0x3fcaa214 0xdff20570 0x00000001 0x00000001 0x00000140 0x00000003 0x000000a0
3fcb2770: 0x00000000 0x00000000 0x00000019 0x000001ce 0x3c168000 0x3c166000 0x00000001 0x00000001
3fcb2790: 0x00000000 0x00000c02 0x3fc920c0 0x40382c94 0x00000000 0x3fcaa214 0x00000000 0x420088a8
3fcb27b0: 0x00000000 0x00000000 0x00000001 0x00000000 0x00000000 0x00000000 0x3c166000 0x00000001
3fcb27d0: 0x3fcaa000 0x3fcaa214 0x3fc9188e 0x42008c4c 0x00000000 0x00000000 0x00000000 0x00000000
3fcb27f0: 0x00000000 0x00000000 0x00000000 0x00000000 0x3fcaa000 0x3fcaa000 0x3fca2000 0x4203eed0
3fcb2810: 0x00000000 0x00000000 0x00000000 0x00000000 0x00000000 0x00000000 0x00000000 0x00000000
3fcb2830: 0x00000000 0x00000000 0x00000000 0x6741c8a5 0x00000000 0x00000000 0x00000000 0x00000000
3fcb2850: 0x00000000 0x3fcaa000 0x00000000 0x420961aa 0x00000000 0x00000000 0x00000000 0x4038d822
3fcb2870: 0x00000000 0x00000000 0x00000000 0x00000000 0x00000000 0xa5a5a5a5 0xa5a5a5a5 0xa5a5a5a5
3fcb2890: 0xa5a5a5a5 0xa5a5a5a5 0xa5a5a5a5 0xbaad5678 0x00000160 0xabba1234 0x00000154 0x3fcb2700
3fcb28b0: 0x00000030 0x3fca608c 0x3fca608c 0x3fcb28ac 0x3fca6084 0x00000018 0x00000000 0x00000000
3fcb28d0: 0x3fcb28ac 0x00000000 0x00000001 0x3fcb089c 0x706f6f6c 0x6b736154 0x00000000 0x00000000
3fcb28f0: 0x00000000 0x3fcb2890 0x00000001 0x00000001 0x00000000 0x00000000 0x00000000 0x3fcabe44
3fcb2910: 0x3fcabeac 0x3fcabf14 0x00000000 0x00000000 0x00000001 0x00000000 0x00000000 0x00000000
3fcb2930: 0x42141012 0x00000000 0x00000000 0x00000000 0x00000000 0x00000000 0x00000000 0x00000000
3fcb2950: 0x00000000 0x00000000 0x00000000 0x00000000 0x00000000 0x00000000 0x00000000 0x00000000
3fcb2970: 0x00000000 0x00000000 0x00000000 0x00000000 0x00000000 0x00000000 0x00000000 0x00000000
3fcb2990: 0x00000000 0x00000000 0x00000000 0x00000000 0x00000000 0x00000000 0x00000000 0x00000000
3fcb29b0: 0x00000000 0x00000000 0x00000000 0x00000000 0x00000000 0x00000000 0x00000000 0x00000000
3fcb29d0: 0x00000000 0x00000000 0x00000000 0x00000000 0x00000000 0x00000000 0x00000000 0x00000000
3fcb29f0: 0x00000000 0x00000000 0x00000000 0x00000000 0xbaad5678 0x00029d05 0x3fcab794 0x3fcab794
3fcb2a10: 0x00000000 0x00000000 0x00000000 0x00000000 0x00000000 0x00000000 0x00000000 0x00000000
3fcb2a30: 0x00000000 0x00000000 0x00000000 0x00000000 0x00000000 0x00000000 0x00000000 0x00000000
3fcb2a50: 0x00000000 0x00000000 0x00000000 0x00000000 0x00000000 0x00000000 0x00000000 0x00000000
3fcb2a70: 0x00000000 0x00000000 0x00000000 0x00000000 0x00000000 0x00000000 0x00000000 0x00000000
3fcb2a90: 0x00000000 0x00000000 0x00000000 0x00000000 0x00000000 0x00000000 0x00000000 0x00000000
3fcb2ab0: 0x00000000 0x00000000 0x00000000 0x00000000 0x00000000 0x00000000 0x00000000 0x00000000
3fcb2ad0: 0x00000000 0x00000000 0x00000000 0x00000000 0x00000000 0x00000000 0x00000000 0x00000000
3fcb2af0: 0x00000000 0x00000000 0x00000000 0x00000000 0x00000000 0x00000000 0x00000000 0x00000000
3fcb2b10: 0x00000000 0x00000000 0x00000000 0x00000000 0x00000000 0x00000000 0x00000000 0x00000000
3fcb2b30: 0x00000000 0x00000000 0x00000000 0x00000000 0x00000000 0x00000000 0x00000000 0x00000000



ELF file SHA256: e3a78975f126ad0a

Rebooting...
[INFO  machine] Restarting emulator...
[INFO  machine] ROM ELF: 4468 symbols loaded
[INFO  machine] ROM ELF loaded, 15 functions patched for interception
[INFO  machine] CPU reset at ROM entry: PC=0x40000000, SP=0x3FCDE710
[INFO  machine] Emulator restarted (chip=esp32c3)
ESP-ROM:esp32c3-api1-20210207
Build:Feb  7 2021
rst:0x3 (RTC_SW_SYS_RST),boot:0x8 (SPI_FAST_FLASH_BOOT)
SPIWP:0xee
mode:DIO, clock div:1
load:0x3fcd5810,len:0x38c
load:0x403cc710,len:0x6a0
load:0x403ce710,len:0x2624
entry 0x403cc710
[INFO  esp_emu] Interrupted (signal)
