
    ╻ ╻ ╻ ╻
   ┏┻━┻━┻━┻┓    ┏━╸┏━┓┏━┓   ┏━╸┏┳┓╻ ╻
  ━┫       ┣━   ┣╸ ┗━┓┣━┛╺━╸┣╸ ┃┃┃┃ ┃
  ━┫ ESP32 ┣━   ┗━╸┗━┛╹     ┗━╸╹ ╹┗━┛
  ━┫       ┣━
   ┗┳━┳━┳━┳┛    ESP32 series emulator · v0.45.0
    ╹ ╹ ╹ ╹

[INFO  esp_emu] Loaded firmware: 16777216 bytes
[INFO  machine] WiFi SoftAP: WPA2/WPA3 transition enabled (PWE Both) for SSID 'myssid'
[INFO  net_user] user-net: DNS forwarder upstream [192.168.65.7:53], restrict=true
[INFO  net_user] user-net: backend ready (gateway 192.168.4.1, 0 hostfwd rules)
[INFO  esp_emu] Network backend: user-mode (smoltcp NAT, 192.168.4.1 -> host loopback)
[INFO  esp_emu] Loaded ROM ELF: <embedded esp32c3> (556332 bytes)
[INFO  esp_emu] Booting from real ROM reset vector (use --skip-rom to bypass)
[INFO  machine] ROM ELF: 4468 symbols loaded
[INFO  machine] ROM ELF loaded, 15 functions patched for interception
[INFO  machine] CPU reset at ROM entry: PC=0x40000000, SP=0x3FCDE710
[INFO  esp_emu] Starting emulation (chip=esp32c3, batch_size=50000)
[INFO  gdb_stub] GDB stub listening on :1234 (target halted, waiting for debugger)
[INFO  gdb_stub] GDB client connected from 127.0.0.1:36066
[WARN  mem::bus] Bus fault: read8 unmapped 0x3FFFFFFC
ESP-ROM:esp32c3-api1-20210207
Build:Feb  7 2021
rst:0x1 (POWERON),boot:0x8 (SPI_FAST_FLASH_BOOT)
SPIWP:0xee
mode:DIO, clock div:1
load:0x3fcd5820,len:0x1010
load:0x403cbf10,len:0x9f4
load:0x403ce710,len:0x2ea4
entry 0x403cbf10
[WARN  mem::bus] Bus fault: read8 unmapped 0x00000000
[WARN  mem::bus] Bus fault: read8 unmapped 0x00000000
[WARN  mem::bus] Bus fault: read8 unmapped 0x00000000
[   667][E][Preferences.cpp:47] begin(): nvs_open failed: NOT_FOUND
[   667][E][Preferences.cpp:47] begin(): nvs_open failed: NOT_FOUND
[   667][E][esp32-hal-i2c-ng.c:372] i2cWriteReadNonStop(): i2c_master_transmit_receive failed: [259] ESP_ERR_INVALID_STATE
[   667][E][Wire.cpp:532] requestFrom(): i2cWriteReadNonStop returned Error 259
[   667][E][esp32-hal-i2c-ng.c:372] i2cWriteReadNonStop(): i2c_master_transmit_receive failed: [259] ESP_ERR_INVALID_STATE
[   667][E][Wire.cpp:532] requestFrom(): i2cWriteReadNonStop returned Error 259
[   667][E][esp32-hal-i2c-ng.c:372] i2cWriteReadNonStop(): i2c_master_transmit_receive failed: [259] ESP_ERR_INVALID_STATE
[   667][E][Wire.cpp:532] requestFrom(): i2cWriteReadNonStop returned Error 259
[   667][E][esp32-hal-i2c-ng.c:372] i2cWriteReadNonStop(): i2c_master_transmit_receive failed: [259] ESP_ERR_INVALID_STATE
[   667][E][Wire.cpp:532] requestFrom(): i2cWriteReadNonStop returned Error 259
[   670][E][esp32-hal-i2c-ng.c:372] i2cWriteReadNonStop(): i2c_master_transmit_receive failed: [259] ESP_ERR_INVALID_STATE
[   670][E][Wire.cpp:532] requestFrom(): i2cWriteReadNonStop returned Error 259
[   670][E][esp32-hal-i2c-ng.c:372] i2cWriteReadNonStop(): i2c_master_transmit_receive failed: [259] ESP_ERR_INVALID_STATE
[   670][E][Wire.cpp:532] requestFrom(): i2cWriteReadNonStop returned Error 259
[   670][E][esp32-hal-i2c-ng.c:372] i2cWriteReadNonStop(): i2c_master_transmit_receive failed: [259] ESP_ERR_INVALID_STATE
[   670][E][Wire.cpp:532] requestFrom(): i2cWriteReadNonStop returned Error 259
[   670][E][esp32-hal-i2c-ng.c:372] i2cWriteReadNonStop(): i2c_master_transmit_receive failed: [259] ESP_ERR_INVALID_STATE
[   670][E][Wire.cpp:532] requestFrom(): i2cWriteReadNonStop returned Error 259
[WARN  mem::bus] Bus fault: read8 unmapped 0x00000000
[WARN  mem::bus] Bus fault: read8 unmapped 0x00000000
[WARN  mem::bus] Bus fault: read8 unmapped 0x00000000
[WARN  mem::bus] Bus fault: read8 unmapped 0x00000000
[WARN  mem::bus] Bus fault: read8 unmapped 0x00000000
[WARN  mem::bus] Bus fault: read8 unmapped 0x00000000
[WARN  mem::bus] Bus fault: read8 unmapped 0x00000000
[WARN  mem::bus] Bus fault: read8 unmapped 0x00000000
[WARN  mem::bus] Bus fault: read8 unmapped 0x00000000
[WARN  mem::bus] Bus fault: read8 unmapped 0x00000000
[WARN  mem::bus] Bus fault: read8 unmapped 0x00000000
[WARN  mem::bus] Bus fault: read8 unmapped 0x00000000
[WARN  mem::bus] Bus fault: read8 unmapped 0x00000000
[WARN  mem::bus] Bus fault: read8 unmapped 0x00000000
[WARN  mem::bus] Bus fault: read8 unmapped 0x00000000
[WARN  mem::bus] Bus fault: read8 unmapped 0x00000000
[WARN  mem::bus] Bus fault: read8 unmapped 0x00000000
[WARN  mem::bus] Bus fault: read8 unmapped 0x00000000
[WARN  mem::bus] Bus fault: read8 unmapped 0x00000000
[WARN  mem::bus] Bus fault: read8 unmapped 0x00000000
[WARN  mem::bus] Bus fault: read8 unmapped 0x00000000
[WARN  mem::bus] Bus fault: read8 unmapped 0x00000000
[WARN  mem::bus] Bus fault: read8 unmapped 0x00000000
[WARN  mem::bus] Bus fault: read8 unmapped 0x00000000
[WARN  mem::bus] Bus fault: read8 unmapped 0x00000000
[WARN  mem::bus] Bus fault: read8 unmapped 0x00000000
[WARN  mem::bus] Bus fault: read8 unmapped 0x00000000
[WARN  mem::bus] Bus fault: read8 unmapped 0x00000000
[WARN  mem::bus] Bus fault: read8 unmapped 0x00000000
[WARN  mem::bus] Bus fault: read8 unmapped 0x00000000
[WARN  mem::bus] Bus fault: read8 unmapped 0x00000000
[WARN  mem::bus] Bus fault: read8 unmapped 0x00000000
[WARN  mem::bus] Bus fault: read8 unmapped 0x00000000
[WARN  mem::bus] Bus fault: read8 unmapped 0x00000000
[WARN  mem::bus] Bus fault: read8 unmapped 0x00000000
[WARN  mem::bus] Bus fault: read8 unmapped 0x00000000
[WARN  mem::bus] Bus fault: read8 unmapped 0x00000000
[WARN  mem::bus] Bus fault: read8 unmapped 0x00000000
[WARN  mem::bus] Bus fault: read8 unmapped 0x00000000
[WARN  mem::bus] Bus fault: read8 unmapped 0x00000000
[WARN  mem::bus] Bus fault: read8 unmapped 0x00000000
[WARN  mem::bus] Bus fault: read8 unmapped 0x00000000
[WARN  mem::bus] Bus fault: read8 unmapped 0x00000000
[WARN  mem::bus] Bus fault: read8 unmapped 0x00000000
[WARN  mem::bus] Bus fault: read8 unmapped 0x00000000
[WARN  mem::bus] Bus fault: read8 unmapped 0x00000000
[WARN  mem::bus] Bus fault: read8 unmapped 0x00000000
[WARN  mem::bus] Bus fault: read8 unmapped 0x00000000
[WARN  mem::bus] Bus fault: read8 unmapped 0x00000000
[WARN  mem::bus] Bus fault: read8 unmapped 0x00000000
[WARN  mem::bus] Bus fault: read8 unmapped 0x00000000
[WARN  mem::bus] Bus fault: read8 unmapped 0x00000000
[WARN  mem::bus] Bus fault: read8 unmapped 0x00000000
[WARN  mem::bus] Bus fault: read8 unmapped 0x00000000
[WARN  mem::bus] Bus fault: read8 unmapped 0x00000000
[WARN  mem::bus] Bus fault: read8 unmapped 0x00000000
[WARN  mem::bus] Bus fault: read8 unmapped 0x00000000
[WARN  mem::bus] Bus fault: read8 unmapped 0x00000000
[WARN  mem::bus] Bus fault: read8 unmapped 0x00000000
[WARN  mem::bus] Bus fault: read8 unmapped 0x00000000
[WARN  mem::bus] Bus fault: read8 unmapped 0x00000000
[WARN  mem::bus] Bus fault: read8 unmapped 0x00000000
[WARN  mem::bus] Bus fault: read8 unmapped 0x00000000
[WARN  mem::bus] Bus fault: read8 unmapped 0x00000000
[WARN  mem::bus] Bus fault: read8 unmapped 0x00000000
[WARN  mem::bus] Bus fault: read8 unmapped 0x00000000
[WARN  mem::bus] Bus fault: read8 unmapped 0x00000000
[WARN  mem::bus] Bus fault: read8 unmapped 0x00000000
[WARN  mem::bus] Bus fault: read8 unmapped 0x00000000
[WARN  mem::bus] Bus fault: read8 unmapped 0x00000000
[WARN  mem::bus] Bus fault: read8 unmapped 0x00000000
[WARN  mem::bus] Bus fault: read8 unmapped 0x00000000
[WARN  mem::bus] Bus fault: read8 unmapped 0x00000000
[WARN  mem::bus] Bus fault: read8 unmapped 0x00000000
[WARN  mem::bus] Bus fault: read8 unmapped 0x00000000
[WARN  mem::bus] Bus fault: read8 unmapped 0x00000000
[WARN  mem::bus] Bus fault: read8 unmapped 0x00000000
[WARN  mem::bus] Bus fault: read8 unmapped 0x00000000
[WARN  mem::bus] Bus fault: read8 unmapped 0x00000000
[WARN  mem::bus] Bus fault: read8 unmapped 0x00000000
[WARN  mem::bus] Bus fault: read8 unmapped 0x00000000
[WARN  mem::bus] Bus fault: read8 unmapped 0x00000000
[WARN  mem::bus] Bus fault: read8 unmapped 0x00000000
[WARN  mem::bus] Bus fault: read8 unmapped 0x00000000
[WARN  mem::bus] Bus fault: read8 unmapped 0x00000000
[WARN  mem::bus] Bus fault: read8 unmapped 0x00000000
[WARN  mem::bus] Bus fault: read8 unmapped 0x00000000
[WARN  mem::bus] Bus fault: read8 unmapped 0x00000000
[WARN  mem::bus] Bus fault: read8 unmapped 0x00000000
[WARN  mem::bus] Bus fault: read8 unmapped 0x00000000
[WARN  mem::bus] Bus fault: read8 unmapped 0x00000000
[WARN  mem::bus] Bus fault: read8 unmapped 0x00000000
[WARN  mem::bus] Bus fault: read8 unmapped 0x00000000
[WARN  mem::bus] Bus fault: read8 unmapped 0x00000000
[WARN  mem::bus] Bus fault: read8 unmapped 0x00000000
[WARN  mem::bus] Bus fault: read8 unmapped 0x00000000
[WARN  mem::bus] Bus fault: read8 unmapped 0x00000000
[WARN  mem::bus] Bus fault: read8 unmapped 0x00000000
[WARN  mem::bus] Bus fault: read8 unmapped 0x00000000
[WARN  mem::bus] Bus fault: read8 unmapped 0x00000000
[WARN  mem::bus] Bus fault: read8 unmapped 0x00000000
[WARN  mem::bus] Bus fault: read8 unmapped 0x00000000
[WARN  mem::bus] Bus fault: read8 unmapped 0x00000000
[WARN  mem::bus] Bus fault: read8 unmapped 0x00000000
[WARN  mem::bus] Bus fault: read8 unmapped 0x00000000
[WARN  mem::bus] Bus fault: read8 unmapped 0x00000000
[WARN  mem::bus] Bus fault: read8 unmapped 0x00000000
[WARN  mem::bus] Bus fault: read8 unmapped 0x00000000
[WARN  mem::bus] Bus fault: read8 unmapped 0x00000000
[WARN  mem::bus] Bus fault: read8 unmapped 0x00000000
[WARN  mem::bus] Bus fault: read8 unmapped 0x00000000
[WARN  mem::bus] Bus fault: read8 unmapped 0x00000000
[WARN  mem::bus] Bus fault: read8 unmapped 0x00000000
[WARN  mem::bus] Bus fault: read8 unmapped 0x00000000
[WARN  mem::bus] Bus fault: read8 unmapped 0x00000000
[WARN  mem::bus] Bus fault: read8 unmapped 0x00000000
[WARN  mem::bus] Bus fault: read8 unmapped 0x00000000
[WARN  mem::bus] Bus fault: read8 unmapped 0x00000000
[WARN  mem::bus] Bus fault: read8 unmapped 0x00000000
[WARN  mem::bus] Bus fault: read8 unmapped 0x00000000
[WARN  mem::bus] Bus fault: read8 unmapped 0x00000000
[WARN  mem::bus] Bus fault: read8 unmapped 0x00000000
[WARN  mem::bus] Bus fault: read8 unmapped 0x00000000
[WARN  mem::bus] Bus fault: read8 unmapped 0x00000000
[WARN  mem::bus] Bus fault: read8 unmapped 0x00000000
[WARN  mem::bus] Bus fault: read8 unmapped 0x00000000
[WARN  mem::bus] Bus fault: read8 unmapped 0x00000000
[WARN  mem::bus] Bus fault: read8 unmapped 0x00000000
[WARN  mem::bus] Bus fault: read8 unmapped 0x00000000
[WARN  mem::bus] Bus fault: read8 unmapped 0x00000000
[WARN  mem::bus] Bus fault: read8 unmapped 0x00000000
[WARN  mem::bus] Bus fault: read8 unmapped 0x00000000
[WARN  mem::bus] Bus fault: read8 unmapped 0x00000000
[WARN  mem::bus] Bus fault: read8 unmapped 0x00000000
[WARN  mem::bus] Bus fault: read8 unmapped 0x00000000
[WARN  mem::bus] Bus fault: read8 unmapped 0x00000000
[WARN  mem::bus] Bus fault: read8 unmapped 0x00000000
[WARN  mem::bus] Bus fault: read8 unmapped 0x00000000
[WARN  mem::bus] Bus fault: read8 unmapped 0x00000000
[WARN  mem::bus] Bus fault: read8 unmapped 0x00000000
[WARN  mem::bus] Bus fault: read8 unmapped 0x00000000
[WARN  mem::bus] Bus fault: read8 unmapped 0x00000000
[WARN  mem::bus] Bus fault: read8 unmapped 0x00000000
[WARN  mem::bus] Bus fault: read8 unmapped 0x00000000
[WARN  mem::bus] Bus fault: read8 unmapped 0x00000000
[WARN  mem::bus] Bus fault: read8 unmapped 0x00000000
[WARN  mem::bus] Bus fault: read8 unmapped 0x00000000
[WARN  mem::bus] Bus fault: read8 unmapped 0x00000000
[WARN  mem::bus] Bus fault: read8 unmapped 0x00000000
[WARN  mem::bus] Bus fault: read8 unmapped 0x00000000
[WARN  mem::bus] Bus fault: read8 unmapped 0x00000000
[WARN  mem::bus] Bus fault: read8 unmapped 0x00000000
[WARN  mem::bus] Bus fault: read8 unmapped 0x00000000
[WARN  mem::bus] Bus fault: read8 unmapped 0x00000000
[WARN  mem::bus] Bus fault: read8 unmapped 0x00000000
[WARN  mem::bus] Bus fault: read8 unmapped 0x00000000
[WARN  mem::bus] Bus fault: read8 unmapped 0x00000000
[WARN  mem::bus] Bus fault: read8 unmapped 0x00000000
[WARN  mem::bus] Bus fault: read8 unmapped 0x00000000
[WARN  mem::bus] Bus fault: read8 unmapped 0x00000000
[WARN  mem::bus] Bus fault: read8 unmapped 0x00000000
[WARN  mem::bus] Bus fault: read8 unmapped 0x00000000
[WARN  mem::bus] Bus fault: read8 unmapped 0x00000000
[WARN  mem::bus] Bus fault: read8 unmapped 0x00000000
[WARN  mem::bus] Bus fault: read8 unmapped 0x00000000
[WARN  mem::bus] Bus fault: read8 unmapped 0x00000000
[WARN  mem::bus] Bus fault: read8 unmapped 0x00000000
[WARN  mem::bus] Bus fault: read8 unmapped 0x00000000
[WARN  mem::bus] Bus fault: read8 unmapped 0x00000000
[WARN  mem::bus] Bus fault: read8 unmapped 0x00000000
[WARN  mem::bus] Bus fault: read8 unmapped 0x00000000
[WARN  mem::bus] Bus fault: read8 unmapped 0x00000000
[WARN  mem::bus] Bus fault: read8 unmapped 0x00000000
[WARN  mem::bus] Bus fault: read8 unmapped 0x00000000
[WARN  mem::bus] Bus fault: read8 unmapped 0x00000000
[WARN  mem::bus] Bus fault: read8 unmapped 0x00000000
[WARN  mem::bus] Bus fault: read8 unmapped 0x00000000
[WARN  mem::bus] Bus fault: read8 unmapped 0x00000000
[WARN  mem::bus] Bus fault: read8 unmapped 0x00000000
[WARN  mem::bus] Bus fault: read8 unmapped 0x00000000
[WARN  mem::bus] Bus fault: read8 unmapped 0x00000000
[WARN  mem::bus] Bus fault: read8 unmapped 0x00000000
[WARN  mem::bus] Bus fault: read8 unmapped 0x00000000
[WARN  mem::bus] Bus fault: read8 unmapped 0x00000000
[WARN  mem::bus] Bus fault: read8 unmapped 0x00000000
[WARN  mem::bus] Bus fault: read8 unmapped 0x00000000
[WARN  mem::bus] Bus fault: read8 unmapped 0x00000000
[WARN  mem::bus] Bus fault: read8 unmapped 0x00000000
[WARN  mem::bus] Bus fault: read8 unmapped 0x00000000
[WARN  mem::bus] Bus fault: read8 unmapped 0x00000000
[WARN  mem::bus] Bus fault: read8 unmapped 0x00000000
[WARN  mem::bus] Bus fault: read8 unmapped 0x00000000
[WARN  mem::bus] Bus fault: read8 unmapped 0x00000000
[WARN  mem::bus] Bus fault: read8 unmapped 0x00000000
[WARN  mem::bus] Bus fault: read8 unmapped 0x00000000
[WARN  mem::bus] Bus fault: read8 unmapped 0x00000000
[WARN  mem::bus] Bus fault: read8 unmapped 0x00000000
[WARN  mem::bus] Bus fault: read8 unmapped 0x00000000
[WARN  mem::bus] Bus fault: read8 unmapped 0x00000000
[WARN  mem::bus] Bus fault: read8 unmapped 0x00000000
[WARN  mem::bus] Bus fault: read8 unmapped 0x00000000
[WARN  mem::bus] Bus fault: read8 unmapped 0x00000000
[WARN  mem::bus] Bus fault: read8 unmapped 0x00000000
[WARN  mem::bus] Bus fault: read8 unmapped 0x00000000
[WARN  mem::bus] Bus fault: read8 unmapped 0x00000000
[WARN  mem::bus] Bus fault: read8 unmapped 0x00000000
[WARN  mem::bus] Bus fault: read8 unmapped 0x00000000
[WARN  mem::bus] Bus fault: read8 unmapped 0x00000000
[WARN  mem::bus] Bus fault: read8 unmapped 0x00000000
[WARN  mem::bus] Bus fault: read8 unmapped 0x00000000
[WARN  mem::bus] Bus fault: read8 unmapped 0x00000000
[WARN  mem::bus] Bus fault: read8 unmapped 0x00000000
[WARN  mem::bus] Bus fault: read8 unmapped 0x00000000
[WARN  mem::bus] Bus fault: read8 unmapped 0x00000000
[WARN  mem::bus] Bus fault: read8 unmapped 0x00000000
[WARN  mem::bus] Bus fault: read8 unmapped 0x00000000
[WARN  mem::bus] Bus fault: read8 unmapped 0x00000000
[WARN  mem::bus] Bus fault: read8 unmapped 0x00000000
[WARN  mem::bus] Bus fault: read8 unmapped 0x00000000
[WARN  mem::bus] Bus fault: read8 unmapped 0x00000000
[WARN  mem::bus] Bus fault: read8 unmapped 0x00000000
[WARN  mem::bus] Bus fault: read8 unmapped 0x00000000
[WARN  mem::bus] Bus fault: read8 unmapped 0x00000000
[WARN  mem::bus] Bus fault: read8 unmapped 0x00000000
[WARN  mem::bus] Bus fault: read8 unmapped 0x00000000
[WARN  mem::bus] Bus fault: read8 unmapped 0x00000000
[WARN  mem::bus] Bus fault: read8 unmapped 0x00000000
[WARN  mem::bus] Bus fault: read8 unmapped 0x00000000
[WARN  mem::bus] Bus fault: read8 unmapped 0x00000000
[WARN  mem::bus] Bus fault: read8 unmapped 0x00000000
[WARN  mem::bus] Bus fault: read8 unmapped 0x00000000
[WARN  mem::bus] Bus fault: read8 unmapped 0x00000000
[WARN  mem::bus] Bus fault: read8 unmapped 0x00000000
[WARN  mem::bus] Bus fault: read8 unmapped 0x00000000
[WARN  mem::bus] Bus fault: read8 unmapped 0x00000000
[WARN  mem::bus] Bus fault: read8 unmapped 0x00000000
[WARN  mem::bus] Bus fault: read8 unmapped 0x00000000
[WARN  mem::bus] Bus fault: read8 unmapped 0x00000000
[WARN  mem::bus] Bus fault: read8 unmapped 0x00000000
[WARN  mem::bus] Bus fault: read8 unmapped 0x00000000
[WARN  mem::bus] Bus fault: read8 unmapped 0x00000000
[WARN  mem::bus] Bus fault: read8 unmapped 0x00000000
[WARN  mem::bus] Bus fault: read8 unmapped 0x00000000
[WARN  mem::bus] Bus fault: read8 unmapped 0x00000000
[WARN  mem::bus] Bus fault: read8 unmapped 0x00000000
[WARN  mem::bus] Bus fault: read8 unmapped 0x00000000
[WARN  mem::bus] Bus fault: read8 unmapped 0x00000000
[WARN  mem::bus] Bus fault: read8 unmapped 0x00000000
[WARN  mem::bus] Bus fault: read8 unmapped 0x00000000
[WARN  mem::bus] Bus fault: read8 unmapped 0x00000000
[WARN  mem::bus] Bus fault: read8 unmapped 0x00000000
[WARN  mem::bus] Bus fault: read8 unmapped 0x00000000
[WARN  mem::bus] Bus fault: read8 unmapped 0x00000000
[WARN  mem::bus] Bus fault: read8 unmapped 0x00000000
[WARN  mem::bus] Bus fault: read8 unmapped 0x00000000
[WARN  mem::bus] Bus fault: read8 unmapped 0x00000000
[WARN  mem::bus] Bus fault: read8 unmapped 0x00000000
[WARN  mem::bus] Bus fault: read8 unmapped 0x00000000
[WARN  mem::bus] Bus fault: read8 unmapped 0x00000000
[WARN  mem::bus] Bus fault: read8 unmapped 0x00000000
[WARN  mem::bus] Bus fault: read8 unmapped 0x00000000
[WARN  mem::bus] Bus fault: read8 unmapped 0x00000000
[WARN  mem::bus] Bus fault: read8 unmapped 0x00000000
[WARN  mem::bus] Bus fault: read8 unmapped 0x00000000
[WARN  mem::bus] Bus fault: read8 unmapped 0x00000000
[WARN  mem::bus] Bus fault: read8 unmapped 0x00000000
[WARN  mem::bus] Bus fault: read8 unmapped 0x00000000
[WARN  mem::bus] Bus fault: read8 unmapped 0x00000000
[WARN  mem::bus] Bus fault: read8 unmapped 0x00000000
[WARN  mem::bus] Bus fault: read8 unmapped 0x00000000
[WARN  mem::bus] Bus fault: read8 unmapped 0x00000000
[WARN  mem::bus] Bus fault: read8 unmapped 0x00000000
[WARN  mem::bus] Bus fault: read8 unmapped 0x00000000
[WARN  mem::bus] Bus fault: read8 unmapped 0x00000000
[WARN  mem::bus] Bus fault: read8 unmapped 0x00000000
[WARN  mem::bus] Bus fault: read8 unmapped 0x00000000
[WARN  mem::bus] Bus fault: read8 unmapped 0x00000000
[WARN  mem::bus] Bus fault: read8 unmapped 0x00000000
[WARN  mem::bus] Bus fault: read8 unmapped 0x00000000
[WARN  mem::bus] Bus fault: read8 unmapped 0x00000000
[WARN  mem::bus] Bus fault: read8 unmapped 0x00000000
[WARN  mem::bus] Bus fault: read8 unmapped 0x00000000
[WARN  mem::bus] Bus fault: read8 unmapped 0x00000000
[WARN  mem::bus] Bus fault: read8 unmapped 0x00000000
[WARN  mem::bus] Bus fault: read8 unmapped 0x00000000
[WARN  mem::bus] Bus fault: read8 unmapped 0x00000000
[WARN  mem::bus] Bus fault: read8 unmapped 0x00000000
[WARN  mem::bus] Bus fault: read8 unmapped 0x00000000
[WARN  mem::bus] Bus fault: read8 unmapped 0x00000000
[WARN  mem::bus] Bus fault: read8 unmapped 0x00000000
[WARN  mem::bus] Bus fault: read8 unmapped 0x00000000
[WARN  mem::bus] Bus fault: read8 unmapped 0x00000000
[WARN  mem::bus] Bus fault: read8 unmapped 0x00000000
[WARN  mem::bus] Bus fault: read8 unmapped 0x00000000
[WARN  mem::bus] Bus fault: read8 unmapped 0x00000000
[WARN  mem::bus] Bus fault: read8 unmapped 0x00000000
[WARN  mem::bus] Bus fault: read8 unmapped 0x00000000
[WARN  mem::bus] Bus fault: read8 unmapped 0x00000000
[WARN  mem::bus] Bus fault: read8 unmapped 0x00000000
[WARN  mem::bus] Bus fault: read8 unmapped 0x00000000
[WARN  mem::bus] Bus fault: read8 unmapped 0x00000000
[WARN  mem::bus] Bus fault: read8 unmapped 0x00000000
[WARN  mem::bus] Bus fault: read8 unmapped 0x00000000
[WARN  mem::bus] Bus fault: read8 unmapped 0x00000000
[WARN  mem::bus] Bus fault: read8 unmapped 0x00000000
[WARN  mem::bus] Bus fault: read8 unmapped 0x00000000
[WARN  mem::bus] Bus fault: read8 unmapped 0x00000000
[WARN  mem::bus] Bus fault: read8 unmapped 0x00000000
[WARN  mem::bus] Bus fault: read8 unmapped 0x00000000
[WARN  mem::bus] Bus fault: read8 unmapped 0x00000000
[WARN  mem::bus] Bus fault: read8 unmapped 0x00000000
[WARN  mem::bus] Bus fault: read8 unmapped 0x00000000
[WARN  mem::bus] Bus fault: read8 unmapped 0x00000000
[WARN  mem::bus] Bus fault: read8 unmapped 0x00000000
[WARN  mem::bus] Bus fault: read8 unmapped 0x00000000
[WARN  mem::bus] Bus fault: read8 unmapped 0x00000000
[WARN  mem::bus] Bus fault: read8 unmapped 0x00000000
[WARN  mem::bus] Bus fault: read8 unmapped 0x00000000
[WARN  mem::bus] Bus fault: read8 unmapped 0x00000000
[WARN  mem::bus] Bus fault: read8 unmapped 0x00000000
[WARN  mem::bus] Bus fault: read8 unmapped 0x00000000
[WARN  mem::bus] Bus fault: read8 unmapped 0x00000000
[WARN  mem::bus] Bus fault: read8 unmapped 0x00000000
[WARN  mem::bus] Bus fault: read8 unmapped 0x00000000
[WARN  mem::bus] Bus fault: read8 unmapped 0x00000000
[WARN  mem::bus] Bus fault: read8 unmapped 0x00000000
[WARN  mem::bus] Bus fault: read8 unmapped 0x00000000
[WARN  mem::bus] Bus fault: read8 unmapped 0x00000000
[WARN  mem::bus] Bus fault: read8 unmapped 0x00000000
[WARN  mem::bus] Bus fault: read8 unmapped 0x00000000
[WARN  mem::bus] Bus fault: read8 unmapped 0x00000000
[WARN  mem::bus] Bus fault: read8 unmapped 0x00000000
[WARN  mem::bus] Bus fault: read8 unmapped 0x00000000
[WARN  mem::bus] Bus fault: read8 unmapped 0x00000000
[WARN  mem::bus] Bus fault: read8 unmapped 0x00000000
[WARN  mem::bus] Bus fault: read8 unmapped 0x00000000
[WARN  mem::bus] Bus fault: read8 unmapped 0x00000000
[WARN  mem::bus] Bus fault: read8 unmapped 0x00000000
[WARN  mem::bus] Bus fault: read8 unmapped 0x00000000
[WARN  mem::bus] Bus fault: read8 unmapped 0x00000000
[WARN  mem::bus] Bus fault: read8 unmapped 0x00000000
[WARN  mem::bus] Bus fault: read8 unmapped 0x00000000
[WARN  mem::bus] Bus fault: read8 unmapped 0x00000000
[WARN  mem::bus] Bus fault: read8 unmapped 0x00000000
[WARN  mem::bus] Bus fault: read8 unmapped 0x00000000
[WARN  mem::bus] Bus fault: read8 unmapped 0x00000000
[WARN  mem::bus] Bus fault: read8 unmapped 0x00000000
[WARN  mem::bus] Bus fault: read8 unmapped 0x00000000
[WARN  mem::bus] Bus fault: read8 unmapped 0x00000000
[WARN  mem::bus] Bus fault: read8 unmapped 0x00000000
[WARN  mem::bus] Bus fault: read8 unmapped 0x00000000
[WARN  mem::bus] Bus fault: read8 unmapped 0x00000000
[WARN  mem::bus] Bus fault: read8 unmapped 0x00000000
[WARN  mem::bus] Bus fault: read8 unmapped 0x00000000
[WARN  mem::bus] Bus fault: read8 unmapped 0x00000000
[WARN  mem::bus] Bus fault: read8 unmapped 0x00000000
[WARN  mem::bus] Bus fault: read8 unmapped 0x00000000
[WARN  mem::bus] Bus fault: read8 unmapped 0x00000000
[WARN  mem::bus] Bus fault: read8 unmapped 0x00000000
[WARN  mem::bus] Bus fault: read8 unmapped 0x00000000
[WARN  mem::bus] Bus fault: read8 unmapped 0x00000000
[WARN  mem::bus] Bus fault: read8 unmapped 0x00000000
[WARN  mem::bus] Bus fault: read8 unmapped 0x00000000
[WARN  mem::bus] Bus fault: read8 unmapped 0x00000000
[WARN  mem::bus] Bus fault: read8 unmapped 0x00000000
[WARN  mem::bus] Bus fault: read8 unmapped 0x00000000
[WARN  mem::bus] Bus fault: read8 unmapped 0x00000000
[WARN  mem::bus] Bus fault: read8 unmapped 0x00000000
[WARN  mem::bus] Bus fault: read8 unmapped 0x00000000
[WARN  mem::bus] Bus fault: read8 unmapped 0x00000000
[WARN  mem::bus] Bus fault: read8 unmapped 0x00000000
[WARN  mem::bus] Bus fault: read8 unmapped 0x00000000
[WARN  mem::bus] Bus fault: read8 unmapped 0x00000000
[WARN  mem::bus] Bus fault: read8 unmapped 0x00000000
[WARN  mem::bus] Bus fault: read8 unmapped 0x00000000
[WARN  mem::bus] Bus fault: read8 unmapped 0x00000000
[WARN  mem::bus] Bus fault: read8 unmapped 0x00000000
[WARN  mem::bus] Bus fault: read8 unmapped 0x00000000
[WARN  mem::bus] Bus fault: read8 unmapped 0x00000000
[WARN  mem::bus] Bus fault: read8 unmapped 0x00000000
[WARN  mem::bus] Bus fault: read8 unmapped 0x00000000
[WARN  mem::bus] Bus fault: read8 unmapped 0x00000000
[WARN  mem::bus] Bus fault: read8 unmapped 0x00000000
[WARN  mem::bus] Bus fault: read8 unmapped 0x00000000
[WARN  mem::bus] Bus fault: read8 unmapped 0x00000000
[WARN  mem::bus] Bus fault: read8 unmapped 0x00000000
[WARN  mem::bus] Bus fault: read8 unmapped 0x00000000
[WARN  mem::bus] Bus fault: read8 unmapped 0x00000000
[WARN  mem::bus] Bus fault: read8 unmapped 0x00000000
[WARN  mem::bus] Bus fault: read8 unmapped 0x00000000
[WARN  mem::bus] Bus fault: read8 unmapped 0x00000000
[WARN  mem::bus] Bus fault: read8 unmapped 0x00000000
[WARN  mem::bus] Bus fault: read8 unmapped 0x00000000
[WARN  mem::bus] Bus fault: read8 unmapped 0x00000000
[WARN  mem::bus] Bus fault: read8 unmapped 0x00000000
[WARN  mem::bus] Bus fault: read8 unmapped 0x00000000
[WARN  mem::bus] Bus fault: read8 unmapped 0x00000000
[WARN  mem::bus] Bus fault: read8 unmapped 0x00000000
[WARN  mem::bus] Bus fault: read8 unmapped 0x00000000
[WARN  mem::bus] Bus fault: read8 unmapped 0x00000000
[WARN  mem::bus] Bus fault: read8 unmapped 0x00000000
[WARN  mem::bus] Bus fault: read8 unmapped 0x00000000
[WARN  mem::bus] Bus fault: read8 unmapped 0x00000000
[WARN  mem::bus] Bus fault: read8 unmapped 0x00000000
[WARN  mem::bus] Bus fault: read8 unmapped 0x00000000
[WARN  mem::bus] Bus fault: read8 unmapped 0x00000000
[WARN  mem::bus] Bus fault: read8 unmapped 0x00000000
[WARN  mem::bus] Bus fault: read8 unmapped 0x00000000
[WARN  mem::bus] Bus fault: read8 unmapped 0x00000000
[WARN  mem::bus] Bus fault: read8 unmapped 0x00000000
[WARN  mem::bus] Bus fault: read8 unmapped 0x00000000
[WARN  mem::bus] Bus fault: read8 unmapped 0x00000000
[WARN  mem::bus] Bus fault: read8 unmapped 0x00000000
[WARN  mem::bus] Bus fault: read8 unmapped 0x00000000
[WARN  mem::bus] Bus fault: read8 unmapped 0x00000000
[WARN  mem::bus] Bus fault: read8 unmapped 0x00000000
[WARN  mem::bus] Bus fault: read8 unmapped 0x00000000
[WARN  mem::bus] Bus fault: read8 unmapped 0x00000000
[WARN  mem::bus] Bus fault: read8 unmapped 0x00000000
[WARN  mem::bus] Bus fault: read8 unmapped 0x00000000
[WARN  mem::bus] Bus fault: read8 unmapped 0x00000000
[WARN  mem::bus] Bus fault: read8 unmapped 0x00000000
[WARN  mem::bus] Bus fault: read8 unmapped 0x00000000
[WARN  mem::bus] Bus fault: read8 unmapped 0x00000000
[WARN  mem::bus] Bus fault: read8 unmapped 0x00000000
[WARN  mem::bus] Bus fault: read8 unmapped 0x00000000
[WARN  mem::bus] Bus fault: read8 unmapped 0x00000000
[WARN  mem::bus] Bus fault: read8 unmapped 0x00000000
[WARN  mem::bus] Bus fault: read8 unmapped 0x00000000
[WARN  mem::bus] Bus fault: read8 unmapped 0x00000000
[WARN  mem::bus] Bus fault: read8 unmapped 0x00000000
[WARN  mem::bus] Bus fault: read8 unmapped 0x00000000
[WARN  mem::bus] Bus fault: read8 unmapped 0x00000000
[WARN  mem::bus] Bus fault: read8 unmapped 0x00000000
[WARN  mem::bus] Bus fault: read8 unmapped 0x00000000
[WARN  mem::bus] Bus fault: read8 unmapped 0x00000000
[WARN  mem::bus] Bus fault: read8 unmapped 0x00000000
[WARN  mem::bus] Bus fault: read8 unmapped 0x00000000
[WARN  mem::bus] Bus fault: read8 unmapped 0x00000000
[WARN  mem::bus] Bus fault: read8 unmapped 0x00000000
[WARN  mem::bus] Bus fault: read8 unmapped 0x00000000
[WARN  mem::bus] Bus fault: read8 unmapped 0x00000000
[WARN  mem::bus] Bus fault: read8 unmapped 0x00000000
[WARN  mem::bus] Bus fault: read8 unmapped 0x00000000
[WARN  mem::bus] Bus fault: read8 unmapped 0x00000000
[WARN  mem::bus] Bus fault: read8 unmapped 0x00000000
[WARN  mem::bus] Bus fault: read8 unmapped 0x00000000
[WARN  mem::bus] Bus fault: read8 unmapped 0x00000000
[WARN  mem::bus] Bus fault: read8 unmapped 0x00000000
[WARN  mem::bus] Bus fault: read8 unmapped 0x00000000
[WARN  mem::bus] Bus fault: read8 unmapped 0x00000000
[WARN  mem::bus] Bus fault: read8 unmapped 0x00000000
[WARN  mem::bus] Bus fault: read8 unmapped 0x00000000
[WARN  mem::bus] Bus fault: read8 unmapped 0x00000000
[WARN  mem::bus] Bus fault: read8 unmapped 0x00000000
[WARN  mem::bus] Bus fault: read8 unmapped 0x00000000
[WARN  mem::bus] Bus fault: read8 unmapped 0x00000000
[WARN  mem::bus] Bus fault: read8 unmapped 0x00000000
[WARN  mem::bus] Bus fault: read8 unmapped 0x00000000
[WARN  mem::bus] Bus fault: read8 unmapped 0x00000000
[WARN  mem::bus] Bus fault: read8 unmapped 0x00000000
[WARN  mem::bus] Bus fault: read8 unmapped 0x00000000
[WARN  mem::bus] Bus fault: read8 unmapped 0x00000000
[WARN  mem::bus] Bus fault: read8 unmapped 0x00000000
[WARN  mem::bus] Bus fault: read8 unmapped 0x00000000
[WARN  mem::bus] Bus fault: read8 unmapped 0x00000000
[WARN  mem::bus] Bus fault: read8 unmapped 0x00000000
[WARN  mem::bus] Bus fault: read8 unmapped 0x00000000
[WARN  mem::bus] Bus fault: read8 unmapped 0x00000000
[WARN  mem::bus] Bus fault: read8 unmapped 0x00000000
[WARN  mem::bus] Bus fault: read8 unmapped 0x00000000
[WARN  mem::bus] Bus fault: read8 unmapped 0x00000000
[WARN  mem::bus] Bus fault: read8 unmapped 0x00000000
[WARN  mem::bus] Bus fault: read8 unmapped 0x00000000
[WARN  mem::bus] Bus fault: read8 unmapped 0x00000000
[WARN  mem::bus] Bus fault: read8 unmapped 0x00000000
[WARN  mem::bus] Bus fault: read8 unmapped 0x00000000
[WARN  mem::bus] Bus fault: read8 unmapped 0x00000000
[WARN  mem::bus] Bus fault: read8 unmapped 0x00000000
[WARN  mem::bus] Bus fault: read8 unmapped 0x00000000
[WARN  mem::bus] Bus fault: read8 unmapped 0x00000000
[WARN  mem::bus] Bus fault: read8 unmapped 0x00000000
[WARN  mem::bus] Bus fault: read8 unmapped 0x00000000
[WARN  mem::bus] Bus fault: read8 unmapped 0x00000000
[WARN  mem::bus] Bus fault: read8 unmapped 0x00000000
[WARN  mem::bus] Bus fault: read8 unmapped 0x00000000
[WARN  mem::bus] Bus fault: read8 unmapped 0x00000000
[WARN  mem::bus] Bus fault: read8 unmapped 0x00000000
[WARN  mem::bus] Bus fault: read8 unmapped 0x00000000
[WARN  mem::bus] Bus fault: read8 unmapped 0x00000000
[WARN  mem::bus] Bus fault: read8 unmapped 0x00000000
[WARN  mem::bus] Bus fault: read8 unmapped 0x00000000
[WARN  mem::bus] Bus fault: read8 unmapped 0x00000000
[WARN  mem::bus] Bus fault: read8 unmapped 0x00000000
[WARN  mem::bus] Bus fault: read8 unmapped 0x00000000
[WARN  mem::bus] Bus fault: read8 unmapped 0x00000000
[WARN  mem::bus] Bus fault: read8 unmapped 0x00000000
[WARN  mem::bus] Bus fault: read8 unmapped 0x00000000
[WARN  mem::bus] Bus fault: read8 unmapped 0x00000000
[WARN  mem::bus] Bus fault: read8 unmapped 0x00000000
[WARN  mem::bus] Bus fault: read8 unmapped 0x00000000
[WARN  mem::bus] Bus fault: read8 unmapped 0x00000000
[WARN  mem::bus] Bus fault: read8 unmapped 0x00000000
[WARN  mem::bus] Bus fault: read8 unmapped 0x00000000
[WARN  mem::bus] Bus fault: read8 unmapped 0x00000000
[WARN  mem::bus] Bus fault: read8 unmapped 0x00000000
[WARN  mem::bus] Bus fault: read8 unmapped 0x00000000
[WARN  mem::bus] Bus fault: read8 unmapped 0x00000000
[WARN  mem::bus] Bus fault: read8 unmapped 0x00000000
[WARN  mem::bus] Bus fault: read8 unmapped 0x00000000
[WARN  mem::bus] Bus fault: read8 unmapped 0x00000000
[WARN  mem::bus] Bus fault: read8 unmapped 0x00000000
[WARN  mem::bus] Bus fault: read8 unmapped 0x00000000
[WARN  mem::bus] Bus fault: read8 unmapped 0x00000000
[WARN  mem::bus] Bus fault: read8 unmapped 0x00000000
[WARN  mem::bus] Bus fault: read8 unmapped 0x00000000
[WARN  mem::bus] Bus fault: read8 unmapped 0x00000000
[WARN  mem::bus] Bus fault: read8 unmapped 0x00000000
[WARN  mem::bus] Bus fault: read8 unmapped 0x00000000
[WARN  mem::bus] Bus fault: read8 unmapped 0x00000000
[WARN  mem::bus] Bus fault: read8 unmapped 0x00000000
[WARN  mem::bus] Bus fault: read8 unmapped 0x00000000
[WARN  mem::bus] Bus fault: read8 unmapped 0x00000000
[WARN  mem::bus] Bus fault: read8 unmapped 0x00000000
[WARN  mem::bus] Bus fault: read8 unmapped 0x00000000
[WARN  mem::bus] Bus fault: read8 unmapped 0x00000000
[WARN  mem::bus] Bus fault: read8 unmapped 0x00000000
[WARN  mem::bus] Bus fault: read8 unmapped 0x00000000
[WARN  mem::bus] Bus fault: read8 unmapped 0x00000000
[WARN  mem::bus] Bus fault: read8 unmapped 0x00000000
[WARN  mem::bus] Bus fault: read8 unmapped 0x00000000
[WARN  mem::bus] Bus fault: read8 unmapped 0x00000000
[WARN  mem::bus] Bus fault: read8 unmapped 0x00000000
[WARN  mem::bus] Bus fault: read8 unmapped 0x00000000
[WARN  mem::bus] Bus fault: read8 unmapped 0x00000000
[WARN  mem::bus] Bus fault: read8 unmapped 0x00000000
[WARN  mem::bus] Bus fault: read8 unmapped 0x00000000
[WARN  mem::bus] Bus fault: read8 unmapped 0x00000000
[WARN  mem::bus] Bus fault: read8 unmapped 0x00000000
[WARN  mem::bus] Bus fault: read8 unmapped 0x00000000
[WARN  mem::bus] Bus fault: read8 unmapped 0x00000000
[WARN  mem::bus] Bus fault: read8 unmapped 0x00000000
[WARN  mem::bus] Bus fault: read8 unmapped 0x00000000
[   740][E][Preferences.cpp:47] begin(): nvs_open failed: NOT_FOUND
[WARN  mem::bus] Bus fault: read8 unmapped 0x00000000
[WARN  mem::bus] Bus fault: read8 unmapped 0x00000000
[WARN  mem::bus] Bus fault: read8 unmapped 0x00000000
[WARN  mem::bus] Bus fault: read8 unmapped 0x00000000
[WARN  mem::bus] Bus fault: read8 unmapped 0x00000000
[WARN  mem::bus] Bus fault: read8 unmapped 0x00000000
[WARN  mem::bus] Bus fault: read8 unmapped 0x00000000
[WARN  mem::bus] Bus fault: read8 unmapped 0x00000000
[WARN  mem::bus] Bus fault: read8 unmapped 0x00000000
[WARN  mem::bus] Bus fault: read8 unmapped 0x00000000
[WARN  mem::bus] Bus fault: read8 unmapped 0x00000000
[WARN  mem::bus] Bus fault: read8 unmapped 0x00000000
[WARN  mem::bus] Bus fault: read8 unmapped 0x00000000
[WARN  mem::bus] Bus fault: read8 unmapped 0x00000000
[WARN  mem::bus] Bus fault: read8 unmapped 0x00000000
[WARN  mem::bus] Bus fault: read8 unmapped 0x00000000
[WARN  mem::bus] Bus fault: read8 unmapped 0x00000000
[WARN  mem::bus] Bus fault: read8 unmapped 0x00000000
[WARN  mem::bus] Bus fault: read8 unmapped 0x00000000
[WARN  mem::bus] Bus fault: read8 unmapped 0x00000000
[WARN  mem::bus] Bus fault: read8 unmapped 0x00000000
[WARN  mem::bus] Bus fault: read8 unmapped 0x00000000
[WARN  mem::bus] Bus fault: read8 unmapped 0x00000000
[WARN  mem::bus] Bus fault: read8 unmapped 0x00000000
[WARN  mem::bus] Bus fault: read8 unmapped 0x00000000
[WARN  mem::bus] Bus fault: read8 unmapped 0x00000000
[WARN  mem::bus] Bus fault: read8 unmapped 0x00000000
[WARN  mem::bus] Bus fault: read8 unmapped 0x00000000
[WARN  mem::bus] Bus fault: read8 unmapped 0x00000000
[WARN  mem::bus] Bus fault: read8 unmapped 0x00000000
[WARN  mem::bus] Bus fault: read8 unmapped 0x00000000
[WARN  mem::bus] Bus fault: read8 unmapped 0x00000000
[WARN  mem::bus] Bus fault: read8 unmapped 0x00000000
[WARN  mem::bus] Bus fault: read8 unmapped 0x00000000
[WARN  mem::bus] Bus fault: read8 unmapped 0x00000000
[WARN  mem::bus] Bus fault: read8 unmapped 0x00000000
[WARN  mem::bus] Bus fault: read8 unmapped 0x00000000
[WARN  mem::bus] Bus fault: read8 unmapped 0x00000000
[WARN  mem::bus] Bus fault: read8 unmapped 0x00000000
[WARN  mem::bus] Bus fault: read8 unmapped 0x00000000
[WARN  mem::bus] Bus fault: read8 unmapped 0x00000000
[WARN  mem::bus] Bus fault: read8 unmapped 0x00000000
[WARN  mem::bus] Bus fault: read8 unmapped 0x00000000
[WARN  mem::bus] Bus fault: read8 unmapped 0x00000000
[WARN  mem::bus] Bus fault: read8 unmapped 0x00000000
[WARN  mem::bus] Bus fault: read8 unmapped 0x00000000
[WARN  mem::bus] Bus fault: read8 unmapped 0x00000000
[WARN  mem::bus] Bus fault: read8 unmapped 0x00000000
[WARN  mem::bus] Bus fault: read8 unmapped 0x00000000
[WARN  mem::bus] Bus fault: read8 unmapped 0x00000000
[WARN  mem::bus] Bus fault: read8 unmapped 0x00000000
[WARN  mem::bus] Bus fault: read8 unmapped 0x00000000
[WARN  mem::bus] Bus fault: read8 unmapped 0x00000000
[WARN  mem::bus] Bus fault: read8 unmapped 0x00000000
[WARN  mem::bus] Bus fault: read8 unmapped 0x00000000
[WARN  mem::bus] Bus fault: read8 unmapped 0x00000000
[WARN  mem::bus] Bus fault: read8 unmapped 0x00000000
[WARN  mem::bus] Bus fault: read8 unmapped 0x00000000
[WARN  mem::bus] Bus fault: read8 unmapped 0x00000000
[WARN  mem::bus] Bus fault: read8 unmapped 0x00000000
[WARN  mem::bus] Bus fault: read8 unmapped 0x00000000
[WARN  mem::bus] Bus fault: read8 unmapped 0x00000000
[WARN  mem::bus] Bus fault: read8 unmapped 0x00000000
[WARN  mem::bus] Bus fault: read8 unmapped 0x00000000
[WARN  mem::bus] Bus fault: read8 unmapped 0x00000000
[WARN  mem::bus] Bus fault: read8 unmapped 0x00000000
[WARN  mem::bus] Bus fault: read8 unmapped 0x00000000
[WARN  mem::bus] Bus fault: read8 unmapped 0x00000000
[WARN  mem::bus] Bus fault: read8 unmapped 0x00000000
[WARN  mem::bus] Bus fault: read8 unmapped 0x00000000
[WARN  mem::bus] Bus fault: read8 unmapped 0x00000000
[WARN  mem::bus] Bus fault: read8 unmapped 0x00000000
[WARN  mem::bus] Bus fault: read8 unmapped 0x00000000
[WARN  mem::bus] Bus fault: read8 unmapped 0x00000000
[WARN  mem::bus] Bus fault: read8 unmapped 0x00000000
[WARN  mem::bus] Bus fault: read8 unmapped 0x00000000
[WARN  mem::bus] Bus fault: read8 unmapped 0x00000000
[WARN  mem::bus] Bus fault: read8 unmapped 0x00000000
[WARN  mem::bus] Bus fault: read8 unmapped 0x00000000
[WARN  mem::bus] Bus fault: read8 unmapped 0x00000000
[WARN  mem::bus] Bus fault: read8 unmapped 0x00000000
[WARN  mem::bus] Bus fault: read8 unmapped 0x00000000
[WARN  mem::bus] Bus fault: read8 unmapped 0x00000000
[WARN  mem::bus] Bus fault: read8 unmapped 0x00000000
[WARN  mem::bus] Bus fault: read8 unmapped 0x00000000
[WARN  mem::bus] Bus fault: read8 unmapped 0x00000000
[WARN  mem::bus] Bus fault: read8 unmapped 0x00000000
[WARN  mem::bus] Bus fault: read8 unmapped 0x00000000
[WARN  mem::bus] Bus fault: read8 unmapped 0x00000000
[WARN  mem::bus] Bus fault: read8 unmapped 0x00000000
[WARN  mem::bus] Bus fault: read8 unmapped 0x00000000
[WARN  mem::bus] Bus fault: read8 unmapped 0x00000000
[WARN  mem::bus] Bus fault: read8 unmapped 0x00000000
[WARN  mem::bus] Bus fault: read8 unmapped 0x00000000
[WARN  mem::bus] Bus fault: read8 unmapped 0x00000000
[WARN  mem::bus] Bus fault: read8 unmapped 0x00000000
[WARN  mem::bus] Bus fault: read8 unmapped 0x00000000
[WARN  mem::bus] Bus fault: read8 unmapped 0x00000000
[WARN  mem::bus] Bus fault: read8 unmapped 0x00000000
[WARN  mem::bus] Bus fault: read8 unmapped 0x00000000
[WARN  mem::bus] Bus fault: read8 unmapped 0x00000000
[WARN  mem::bus] Bus fault: read8 unmapped 0x00000000
[WARN  mem::bus] Bus fault: read8 unmapped 0x00000000
[WARN  mem::bus] Bus fault: read8 unmapped 0x00000000
[WARN  mem::bus] Bus fault: read8 unmapped 0x00000000
[WARN  mem::bus] Bus fault: read8 unmapped 0x00000000
[WARN  mem::bus] Bus fault: read8 unmapped 0x00000000
[WARN  mem::bus] Bus fault: read8 unmapped 0x00000000
[WARN  mem::bus] Bus fault: read8 unmapped 0x00000000
[WARN  mem::bus] Bus fault: read8 unmapped 0x00000000
[WARN  mem::bus] Bus fault: read8 unmapped 0x00000000
[WARN  mem::bus] Bus fault: read8 unmapped 0x00000000
[WARN  mem::bus] Bus fault: read8 unmapped 0x00000000
[WARN  mem::bus] Bus fault: read8 unmapped 0x00000000
[WARN  mem::bus] Bus fault: read8 unmapped 0x00000000
[WARN  mem::bus] Bus fault: read8 unmapped 0x00000000
[WARN  mem::bus] Bus fault: read8 unmapped 0x00000000
[WARN  mem::bus] Bus fault: read8 unmapped 0x00000000
[WARN  mem::bus] Bus fault: read8 unmapped 0x00000000
[WARN  mem::bus] Bus fault: read8 unmapped 0x00000000
[WARN  mem::bus] Bus fault: read8 unmapped 0x00000000
[WARN  mem::bus] Bus fault: read8 unmapped 0x00000000
[WARN  mem::bus] Bus fault: read8 unmapped 0x00000000
[WARN  mem::bus] Bus fault: read8 unmapped 0x00000000
[WARN  mem::bus] Bus fault: read8 unmapped 0x00000000
[WARN  mem::bus] Bus fault: read8 unmapped 0x00000000
[WARN  mem::bus] Bus fault: read8 unmapped 0x00000000
[WARN  mem::bus] Bus fault: read8 unmapped 0x00000000
[WARN  mem::bus] Bus fault: read8 unmapped 0x00000000
[WARN  mem::bus] Bus fault: read8 unmapped 0x00000000
[WARN  mem::bus] Bus fault: read8 unmapped 0x00000000
[WARN  mem::bus] Bus fault: read8 unmapped 0x00000000
[WARN  mem::bus] Bus fault: read8 unmapped 0x00000000
[WARN  mem::bus] Bus fault: read8 unmapped 0x00000000
[WARN  mem::bus] Bus fault: read8 unmapped 0x00000000
[WARN  mem::bus] Bus fault: read8 unmapped 0x00000000
[WARN  mem::bus] Bus fault: read8 unmapped 0x00000000
[WARN  mem::bus] Bus fault: read8 unmapped 0x00000000
[WARN  mem::bus] Bus fault: read8 unmapped 0x00000000
[WARN  mem::bus] Bus fault: read8 unmapped 0x00000000
[WARN  mem::bus] Bus fault: read8 unmapped 0x00000000
[WARN  mem::bus] Bus fault: read8 unmapped 0x00000000
[WARN  mem::bus] Bus fault: read8 unmapped 0x00000000
[WARN  mem::bus] Bus fault: read8 unmapped 0x00000000
[WARN  mem::bus] Bus fault: read8 unmapped 0x00000000
[WARN  mem::bus] Bus fault: read8 unmapped 0x00000000
[WARN  mem::bus] Bus fault: read8 unmapped 0x00000000
[WARN  mem::bus] Bus fault: read8 unmapped 0x00000000
[WARN  mem::bus] Bus fault: read8 unmapped 0x00000000
[WARN  mem::bus] Bus fault: read8 unmapped 0x00000000
[WARN  mem::bus] Bus fault: read8 unmapped 0x00000000
[WARN  mem::bus] Bus fault: read8 unmapped 0x00000000
[WARN  mem::bus] Bus fault: read8 unmapped 0x00000000
[WARN  mem::bus] Bus fault: read8 unmapped 0x00000000
[WARN  mem::bus] Bus fault: read8 unmapped 0x00000000
[WARN  mem::bus] Bus fault: read8 unmapped 0x00000000
[WARN  mem::bus] Bus fault: read8 unmapped 0x00000000
[WARN  mem::bus] Bus fault: read8 unmapped 0x00000000
[WARN  mem::bus] Bus fault: read8 unmapped 0x00000000
[WARN  mem::bus] Bus fault: read8 unmapped 0x00000000
[WARN  mem::bus] Bus fault: read8 unmapped 0x00000000
[WARN  mem::bus] Bus fault: read8 unmapped 0x00000000
[WARN  mem::bus] Bus fault: read8 unmapped 0x00000000
[WARN  mem::bus] Bus fault: read8 unmapped 0x00000000
[WARN  mem::bus] Bus fault: read8 unmapped 0x00000000
[WARN  mem::bus] Bus fault: read8 unmapped 0x00000000
[WARN  mem::bus] Bus fault: read8 unmapped 0x00000000
[WARN  mem::bus] Bus fault: read8 unmapped 0x00000000
[WARN  mem::bus] Bus fault: read8 unmapped 0x00000000
[WARN  mem::bus] Bus fault: read8 unmapped 0x00000000
[WARN  mem::bus] Bus fault: read8 unmapped 0x00000000
[WARN  mem::bus] Bus fault: read8 unmapped 0x00000000
[WARN  mem::bus] Bus fault: read8 unmapped 0x00000000
[WARN  mem::bus] Bus fault: read8 unmapped 0x00000000
[WARN  mem::bus] Bus fault: read8 unmapped 0x00000000
[WARN  mem::bus] Bus fault: read8 unmapped 0x00000000
[WARN  mem::bus] Bus fault: read8 unmapped 0x00000000
[WARN  mem::bus] Bus fault: read8 unmapped 0x00000000
[WARN  mem::bus] Bus fault: read8 unmapped 0x00000000
[WARN  mem::bus] Bus fault: read8 unmapped 0x00000000
[WARN  mem::bus] Bus fault: read8 unmapped 0x00000000
[WARN  mem::bus] Bus fault: read8 unmapped 0x00000000
[WARN  mem::bus] Bus fault: read8 unmapped 0x00000000
[WARN  mem::bus] Bus fault: read8 unmapped 0x00000000
[WARN  mem::bus] Bus fault: read8 unmapped 0x00000000
[WARN  mem::bus] Bus fault: read8 unmapped 0x00000000
[WARN  mem::bus] Bus fault: read8 unmapped 0x00000000
[WARN  mem::bus] Bus fault: read8 unmapped 0x00000000
[WARN  mem::bus] Bus fault: read8 unmapped 0x00000000
[WARN  mem::bus] Bus fault: read8 unmapped 0x00000000
[WARN  mem::bus] Bus fault: read8 unmapped 0x00000000
[WARN  mem::bus] Bus fault: read8 unmapped 0x00000000
[WARN  mem::bus] Bus fault: read8 unmapped 0x00000000
[WARN  mem::bus] Bus fault: read8 unmapped 0x00000000
[WARN  mem::bus] Bus fault: read8 unmapped 0x00000000
[WARN  mem::bus] Bus fault: read8 unmapped 0x00000000
[WARN  mem::bus] Bus fault: read8 unmapped 0x00000000
[WARN  mem::bus] Bus fault: read8 unmapped 0x00000000
[WARN  mem::bus] Bus fault: read8 unmapped 0x00000000
[WARN  mem::bus] Bus fault: read8 unmapped 0x00000000
[WARN  mem::bus] Bus fault: read8 unmapped 0x00000000
[WARN  mem::bus] Bus fault: read8 unmapped 0x00000000
[WARN  mem::bus] Bus fault: read8 unmapped 0x00000000
[WARN  mem::bus] Bus fault: read8 unmapped 0x00000000
[WARN  mem::bus] Bus fault: read8 unmapped 0x00000000
[WARN  mem::bus] Bus fault: read8 unmapped 0x00000000
[WARN  mem::bus] Bus fault: read8 unmapped 0x00000000
[WARN  mem::bus] Bus fault: read8 unmapped 0x00000000
[WARN  mem::bus] Bus fault: read8 unmapped 0x00000000
[WARN  mem::bus] Bus fault: read8 unmapped 0x00000000
[WARN  mem::bus] Bus fault: read8 unmapped 0x00000000
[WARN  mem::bus] Bus fault: read8 unmapped 0x00000000
[WARN  mem::bus] Bus fault: read8 unmapped 0x00000000
[WARN  mem::bus] Bus fault: read8 unmapped 0x00000000
[WARN  mem::bus] Bus fault: read8 unmapped 0x00000000
[WARN  mem::bus] Bus fault: read8 unmapped 0x00000000
[WARN  mem::bus] Bus fault: read8 unmapped 0x00000000
[WARN  mem::bus] Bus fault: read8 unmapped 0x00000000
[WARN  mem::bus] Bus fault: read8 unmapped 0x00000000
[WARN  mem::bus] Bus fault: read8 unmapped 0x00000000
[WARN  mem::bus] Bus fault: read8 unmapped 0x00000000
[WARN  mem::bus] Bus fault: read8 unmapped 0x00000000
[WARN  mem::bus] Bus fault: read8 unmapped 0x00000000
[WARN  mem::bus] Bus fault: read8 unmapped 0x00000000
[WARN  mem::bus] Bus fault: read8 unmapped 0x00000000
[WARN  mem::bus] Bus fault: read8 unmapped 0x00000000
[WARN  mem::bus] Bus fault: read8 unmapped 0x00000000
[WARN  mem::bus] Bus fault: read8 unmapped 0x00000000
[WARN  mem::bus] Bus fault: read8 unmapped 0x00000000
[WARN  mem::bus] Bus fault: read8 unmapped 0x00000000
[WARN  mem::bus] Bus fault: read8 unmapped 0x00000000
[WARN  mem::bus] Bus fault: read8 unmapped 0x00000000
[WARN  mem::bus] Bus fault: read8 unmapped 0x00000000
[WARN  mem::bus] Bus fault: read8 unmapped 0x00000000
[WARN  mem::bus] Bus fault: read8 unmapped 0x00000000
[WARN  mem::bus] Bus fault: read8 unmapped 0x00000000
[WARN  mem::bus] Bus fault: read8 unmapped 0x00000000
[WARN  mem::bus] Bus fault: read8 unmapped 0x00000000
[WARN  mem::bus] Bus fault: read8 unmapped 0x00000000
[WARN  mem::bus] Bus fault: read8 unmapped 0x00000000
[WARN  mem::bus] Bus fault: read8 unmapped 0x00000000
[WARN  mem::bus] Bus fault: read8 unmapped 0x00000000
[WARN  mem::bus] Bus fault: read8 unmapped 0x00000000
[WARN  mem::bus] Bus fault: read8 unmapped 0x00000000
[WARN  mem::bus] Bus fault: read8 unmapped 0x00000000
[WARN  mem::bus] Bus fault: read8 unmapped 0x00000000
[WARN  mem::bus] Bus fault: read8 unmapped 0x00000000
[WARN  mem::bus] Bus fault: read8 unmapped 0x00000000
[WARN  mem::bus] Bus fault: read8 unmapped 0x00000000
[WARN  mem::bus] Bus fault: read8 unmapped 0x00000000
[WARN  mem::bus] Bus fault: read8 unmapped 0x00000000
[WARN  mem::bus] Bus fault: read8 unmapped 0x00000000
[WARN  mem::bus] Bus fault: read8 unmapped 0x00000000
[WARN  mem::bus] Bus fault: read8 unmapped 0x00000000
[WARN  mem::bus] Bus fault: read8 unmapped 0x00000000
[WARN  mem::bus] Bus fault: read8 unmapped 0x00000000
[WARN  mem::bus] Bus fault: read8 unmapped 0x00000000
[WARN  mem::bus] Bus fault: read8 unmapped 0x00000000
[WARN  mem::bus] Bus fault: read8 unmapped 0x00000000
[WARN  mem::bus] Bus fault: read8 unmapped 0x00000000
[WARN  mem::bus] Bus fault: read8 unmapped 0x00000000
[WARN  mem::bus] Bus fault: read8 unmapped 0x00000000
[WARN  mem::bus] Bus fault: read8 unmapped 0x00000000
[WARN  mem::bus] Bus fault: read8 unmapped 0x00000000
[WARN  mem::bus] Bus fault: read8 unmapped 0x00000000
[WARN  mem::bus] Bus fault: read8 unmapped 0x00000000
[WARN  mem::bus] Bus fault: read8 unmapped 0x00000000
[WARN  mem::bus] Bus fault: read8 unmapped 0x00000000
[WARN  mem::bus] Bus fault: read8 unmapped 0x00000000
[WARN  mem::bus] Bus fault: read8 unmapped 0x00000000
[WARN  mem::bus] Bus fault: read8 unmapped 0x00000000
[WARN  mem::bus] Bus fault: read8 unmapped 0x00000000
[WARN  mem::bus] Bus fault: read8 unmapped 0x00000000
[WARN  mem::bus] Bus fault: read8 unmapped 0x00000000
[WARN  mem::bus] Bus fault: read8 unmapped 0x00000000
[WARN  mem::bus] Bus fault: read8 unmapped 0x00000000
[WARN  mem::bus] Bus fault: read8 unmapped 0x00000000
[WARN  mem::bus] Bus fault: read8 unmapped 0x00000000
[WARN  mem::bus] Bus fault: read8 unmapped 0x00000000
[WARN  mem::bus] Bus fault: read8 unmapped 0x00000000
[WARN  mem::bus] Bus fault: read8 unmapped 0x00000000
[WARN  mem::bus] Bus fault: read8 unmapped 0x00000000
[WARN  mem::bus] Bus fault: read8 unmapped 0x00000000
[WARN  mem::bus] Bus fault: read8 unmapped 0x00000000
[WARN  mem::bus] Bus fault: read8 unmapped 0x00000000
[WARN  mem::bus] Bus fault: read8 unmapped 0x00000000
[WARN  mem::bus] Bus fault: read8 unmapped 0x00000000
[WARN  mem::bus] Bus fault: read8 unmapped 0x00000000
[WARN  mem::bus] Bus fault: read8 unmapped 0x00000000
[WARN  mem::bus] Bus fault: read8 unmapped 0x00000000
[WARN  mem::bus] Bus fault: read8 unmapped 0x00000000
[WARN  mem::bus] Bus fault: read8 unmapped 0x00000000
[WARN  mem::bus] Bus fault: read8 unmapped 0x00000000
[WARN  mem::bus] Bus fault: read8 unmapped 0x00000000
[WARN  mem::bus] Bus fault: read8 unmapped 0x00000000
[WARN  mem::bus] Bus fault: read8 unmapped 0x00000000
[WARN  mem::bus] Bus fault: read8 unmapped 0x00000000
[WARN  mem::bus] Bus fault: read8 unmapped 0x00000000
[WARN  mem::bus] Bus fault: read8 unmapped 0x00000000
[WARN  mem::bus] Bus fault: read8 unmapped 0x00000000
[WARN  mem::bus] Bus fault: read8 unmapped 0x00000000
[WARN  mem::bus] Bus fault: read8 unmapped 0x00000000
[WARN  mem::bus] Bus fault: read8 unmapped 0x00000000
[WARN  mem::bus] Bus fault: read8 unmapped 0x00000000
[WARN  mem::bus] Bus fault: read8 unmapped 0x00000000
[WARN  mem::bus] Bus fault: read8 unmapped 0x00000000
[WARN  mem::bus] Bus fault: read8 unmapped 0x00000000
[WARN  mem::bus] Bus fault: read8 unmapped 0x00000000
[WARN  mem::bus] Bus fault: read8 unmapped 0x00000000
[WARN  mem::bus] Bus fault: read8 unmapped 0x00000000
[WARN  mem::bus] Bus fault: read8 unmapped 0x00000000
[WARN  mem::bus] Bus fault: read8 unmapped 0x00000000
[WARN  mem::bus] Bus fault: read8 unmapped 0x00000000
[WARN  mem::bus] Bus fault: read8 unmapped 0x00000000
[WARN  mem::bus] Bus fault: read8 unmapped 0x00000000
[WARN  mem::bus] Bus fault: read8 unmapped 0x00000000
[WARN  mem::bus] Bus fault: read8 unmapped 0x00000000
[WARN  mem::bus] Bus fault: read8 unmapped 0x00000000
[WARN  mem::bus] Bus fault: read8 unmapped 0x00000000
[WARN  mem::bus] Bus fault: read8 unmapped 0x00000000
[WARN  mem::bus] Bus fault: read8 unmapped 0x00000000
[WARN  mem::bus] Bus fault: read8 unmapped 0x00000000
[WARN  mem::bus] Bus fault: read8 unmapped 0x00000000
[WARN  mem::bus] Bus fault: read8 unmapped 0x00000000
[WARN  mem::bus] Bus fault: read8 unmapped 0x00000000
[WARN  mem::bus] Bus fault: read8 unmapped 0x00000000
[WARN  mem::bus] Bus fault: read8 unmapped 0x00000000
[WARN  mem::bus] Bus fault: read8 unmapped 0x00000000
[WARN  mem::bus] Bus fault: read8 unmapped 0x00000000
[WARN  mem::bus] Bus fault: read8 unmapped 0x00000000
[WARN  mem::bus] Bus fault: read8 unmapped 0x00000000
[WARN  mem::bus] Bus fault: read8 unmapped 0x00000000
[WARN  mem::bus] Bus fault: read8 unmapped 0x00000000
[WARN  mem::bus] Bus fault: read8 unmapped 0x00000000
[WARN  mem::bus] Bus fault: read8 unmapped 0x00000000
[WARN  mem::bus] Bus fault: read8 unmapped 0x00000000
[WARN  mem::bus] Bus fault: read8 unmapped 0x00000000
[WARN  mem::bus] Bus fault: read8 unmapped 0x00000000
[WARN  mem::bus] Bus fault: read8 unmapped 0x00000000
[WARN  mem::bus] Bus fault: read8 unmapped 0x00000000
[WARN  mem::bus] Bus fault: read8 unmapped 0x00000000
[WARN  mem::bus] Bus fault: read8 unmapped 0x00000000
[WARN  mem::bus] Bus fault: read8 unmapped 0x00000000
[WARN  mem::bus] Bus fault: read8 unmapped 0x00000000
[WARN  mem::bus] Bus fault: read8 unmapped 0x00000000
[WARN  mem::bus] Bus fault: read8 unmapped 0x00000000
[WARN  mem::bus] Bus fault: read8 unmapped 0x00000000
[WARN  mem::bus] Bus fault: read8 unmapped 0x00000000
[WARN  mem::bus] Bus fault: read8 unmapped 0x00000000
[WARN  mem::bus] Bus fault: read8 unmapped 0x00000000
[WARN  mem::bus] Bus fault: read8 unmapped 0x00000000
[WARN  mem::bus] Bus fault: read8 unmapped 0x00000000
[WARN  mem::bus] Bus fault: read8 unmapped 0x00000000
[WARN  mem::bus] Bus fault: read8 unmapped 0x00000000
[WARN  mem::bus] Bus fault: read8 unmapped 0x00000000
[WARN  mem::bus] Bus fault: read8 unmapped 0x00000000
[WARN  mem::bus] Bus fault: read8 unmapped 0x00000000
[WARN  mem::bus] Bus fault: read8 unmapped 0x00000000
[WARN  mem::bus] Bus fault: read8 unmapped 0x00000000
[WARN  mem::bus] Bus fault: read8 unmapped 0x00000000
[WARN  mem::bus] Bus fault: read8 unmapped 0x00000000
[WARN  mem::bus] Bus fault: read8 unmapped 0x00000000
[WARN  mem::bus] Bus fault: read8 unmapped 0x00000000
[WARN  mem::bus] Bus fault: read8 unmapped 0x00000000
[WARN  mem::bus] Bus fault: read8 unmapped 0x00000000
[WARN  mem::bus] Bus fault: read8 unmapped 0x00000000
[WARN  mem::bus] Bus fault: read8 unmapped 0x00000000
[WARN  mem::bus] Bus fault: read8 unmapped 0x00000000
[WARN  mem::bus] Bus fault: read8 unmapped 0x00000000
[WARN  mem::bus] Bus fault: read8 unmapped 0x00000000
[WARN  mem::bus] Bus fault: read8 unmapped 0x00000000
[WARN  mem::bus] Bus fault: read8 unmapped 0x00000000
[WARN  mem::bus] Bus fault: read8 unmapped 0x00000000
[WARN  mem::bus] Bus fault: read8 unmapped 0x00000000
[WARN  mem::bus] Bus fault: read8 unmapped 0x00000000
[WARN  mem::bus] Bus fault: read8 unmapped 0x00000000
[WARN  mem::bus] Bus fault: read8 unmapped 0x00000000
[WARN  mem::bus] Bus fault: read8 unmapped 0x00000000
[WARN  mem::bus] Bus fault: read8 unmapped 0x00000000
[WARN  mem::bus] Bus fault: read8 unmapped 0x00000000
[WARN  mem::bus] Bus fault: read8 unmapped 0x00000000
[WARN  mem::bus] Bus fault: read8 unmapped 0x00000000
[WARN  mem::bus] Bus fault: read8 unmapped 0x00000000
[WARN  mem::bus] Bus fault: read8 unmapped 0x00000000
[WARN  mem::bus] Bus fault: read8 unmapped 0x00000000
[WARN  mem::bus] Bus fault: read8 unmapped 0x00000000
[WARN  mem::bus] Bus fault: read8 unmapped 0x00000000
[WARN  mem::bus] Bus fault: read8 unmapped 0x00000000
[WARN  mem::bus] Bus fault: read8 unmapped 0x00000000
[WARN  mem::bus] Bus fault: read8 unmapped 0x00000000
[WARN  mem::bus] Bus fault: read8 unmapped 0x00000000
[WARN  mem::bus] Bus fault: read8 unmapped 0x00000000
[WARN  mem::bus] Bus fault: read8 unmapped 0x00000000
[WARN  mem::bus] Bus fault: read8 unmapped 0x00000000
[WARN  mem::bus] Bus fault: read8 unmapped 0x00000000
[WARN  mem::bus] Bus fault: read8 unmapped 0x00000000
[WARN  mem::bus] Bus fault: read8 unmapped 0x00000000
[WARN  mem::bus] Bus fault: read8 unmapped 0x00000000
[WARN  mem::bus] Bus fault: read8 unmapped 0x00000000
[WARN  mem::bus] Bus fault: read8 unmapped 0x00000000
[WARN  mem::bus] Bus fault: read8 unmapped 0x00000000
[WARN  mem::bus] Bus fault: read8 unmapped 0x00000000
[WARN  mem::bus] Bus fault: read8 unmapped 0x00000000
[WARN  mem::bus] Bus fault: read8 unmapped 0x00000000
[WARN  mem::bus] Bus fault: read8 unmapped 0x00000000
[WARN  mem::bus] Bus fault: read8 unmapped 0x00000000
[WARN  mem::bus] Bus fault: read8 unmapped 0x00000000
[WARN  mem::bus] Bus fault: read8 unmapped 0x00000000
[WARN  mem::bus] Bus fault: read8 unmapped 0x00000000
[WARN  mem::bus] Bus fault: read8 unmapped 0x00000000
[WARN  mem::bus] Bus fault: read8 unmapped 0x00000000
[WARN  mem::bus] Bus fault: read8 unmapped 0x00000000
[WARN  mem::bus] Bus fault: read8 unmapped 0x00000000
[WARN  mem::bus] Bus fault: read8 unmapped 0x00000000
[WARN  mem::bus] Bus fault: read8 unmapped 0x00000000
[WARN  mem::bus] Bus fault: read8 unmapped 0x00000000
[WARN  mem::bus] Bus fault: read8 unmapped 0x00000000
[WARN  mem::bus] Bus fault: read8 unmapped 0x00000000
[WARN  mem::bus] Bus fault: read8 unmapped 0x00000000
[WARN  mem::bus] Bus fault: read8 unmapped 0x00000000
[WARN  mem::bus] Bus fault: read8 unmapped 0x00000000
[WARN  mem::bus] Bus fault: read8 unmapped 0x00000000
[WARN  mem::bus] Bus fault: read8 unmapped 0x00000000
[WARN  mem::bus] Bus fault: read8 unmapped 0x00000000
[WARN  mem::bus] Bus fault: read8 unmapped 0x00000000
[WARN  mem::bus] Bus fault: read8 unmapped 0x00000000
[WARN  mem::bus] Bus fault: read8 unmapped 0x00000000
[WARN  mem::bus] Bus fault: read8 unmapped 0x00000000
[WARN  mem::bus] Bus fault: read8 unmapped 0x00000000
[WARN  mem::bus] Bus fault: read8 unmapped 0x00000000
[WARN  mem::bus] Bus fault: read8 unmapped 0x00000000
[WARN  mem::bus] Bus fault: read8 unmapped 0x00000000
[WARN  mem::bus] Bus fault: read8 unmapped 0x00000000
[WARN  mem::bus] Bus fault: read8 unmapped 0x00000000
[WARN  mem::bus] Bus fault: read8 unmapped 0x00000000
[WARN  mem::bus] Bus fault: read8 unmapped 0x00000000
[WARN  mem::bus] Bus fault: read8 unmapped 0x00000000
[WARN  mem::bus] Bus fault: read8 unmapped 0x00000000
[WARN  mem::bus] Bus fault: read8 unmapped 0x00000000
[WARN  mem::bus] Bus fault: read8 unmapped 0x00000000
[WARN  mem::bus] Bus fault: read8 unmapped 0x00000000
[WARN  mem::bus] Bus fault: read8 unmapped 0x00000000
[WARN  mem::bus] Bus fault: read8 unmapped 0x00000000
[WARN  mem::bus] Bus fault: read8 unmapped 0x00000000
[WARN  mem::bus] Bus fault: read8 unmapped 0x00000000
[WARN  mem::bus] Bus fault: read8 unmapped 0x00000000
[WARN  mem::bus] Bus fault: read8 unmapped 0x00000000
[WARN  mem::bus] Bus fault: read8 unmapped 0x00000000
[WARN  mem::bus] Bus fault: read8 unmapped 0x00000000
[WARN  mem::bus] Bus fault: read8 unmapped 0x00000000
[WARN  mem::bus] Bus fault: read8 unmapped 0x00000000
[WARN  mem::bus] Bus fault: read8 unmapped 0x00000000
[WARN  mem::bus] Bus fault: read8 unmapped 0x00000000
[WARN  mem::bus] Bus fault: read8 unmapped 0x00000000
[WARN  mem::bus] Bus fault: read8 unmapped 0x00000000
[WARN  mem::bus] Bus fault: read8 unmapped 0x00000000
[WARN  mem::bus] Bus fault: read8 unmapped 0x00000000
[WARN  mem::bus] Bus fault: read8 unmapped 0x00000000
[WARN  mem::bus] Bus fault: read8 unmapped 0x00000000
[WARN  mem::bus] Bus fault: read8 unmapped 0x00000000
[WARN  mem::bus] Bus fault: read8 unmapped 0x00000000
[WARN  mem::bus] Bus fault: read8 unmapped 0x00000000
[WARN  mem::bus] Bus fault: read8 unmapped 0x00000000
[WARN  mem::bus] Bus fault: read8 unmapped 0x00000000
[WARN  mem::bus] Bus fault: read8 unmapped 0x00000000
[WARN  mem::bus] Bus fault: read8 unmapped 0x00000000
[WARN  mem::bus] Bus fault: read8 unmapped 0x00000000
[WARN  mem::bus] Bus fault: read8 unmapped 0x00000000
[WARN  mem::bus] Bus fault: read8 unmapped 0x00000000
[WARN  mem::bus] Bus fault: read8 unmapped 0x00000000
[WARN  mem::bus] Bus fault: read8 unmapped 0x00000000
[WARN  mem::bus] Bus fault: read8 unmapped 0x00000000
[WARN  mem::bus] Bus fault: read8 unmapped 0x00000000
[WARN  mem::bus] Bus fault: read8 unmapped 0x00000000
[WARN  mem::bus] Bus fault: read8 unmapped 0x00000000
[WARN  mem::bus] Bus fault: read8 unmapped 0x00000000
[WARN  mem::bus] Bus fault: read8 unmapped 0x00000000
[WARN  mem::bus] Bus fault: read8 unmapped 0x00000000
[WARN  mem::bus] Bus fault: read8 unmapped 0x00000000
[WARN  mem::bus] Bus fault: read8 unmapped 0x00000000
[WARN  mem::bus] Bus fault: read8 unmapped 0x00000000
[WARN  mem::bus] Bus fault: read8 unmapped 0x00000000
[WARN  mem::bus] Bus fault: read8 unmapped 0x00000000
[WARN  mem::bus] Bus fault: read8 unmapped 0x00000000
[WARN  mem::bus] Bus fault: read8 unmapped 0x00000000
[WARN  mem::bus] Bus fault: read8 unmapped 0x00000000
[WARN  mem::bus] Bus fault: read8 unmapped 0x00000000
[WARN  mem::bus] Bus fault: read8 unmapped 0x00000000
[WARN  mem::bus] Bus fault: read8 unmapped 0x00000000
[WARN  mem::bus] Bus fault: read8 unmapped 0x00000000
[WARN  mem::bus] Bus fault: read8 unmapped 0x00000000
[WARN  mem::bus] Bus fault: read8 unmapped 0x00000000
[WARN  mem::bus] Bus fault: read8 unmapped 0x00000000
[WARN  mem::bus] Bus fault: read8 unmapped 0x00000000
[WARN  mem::bus] Bus fault: read8 unmapped 0x00000000
[WARN  mem::bus] Bus fault: read8 unmapped 0x00000000
[WARN  mem::bus] Bus fault: read8 unmapped 0x00000000
[WARN  mem::bus] Bus fault: read8 unmapped 0x00000000
[WARN  mem::bus] Bus fault: read8 unmapped 0x00000000
[WARN  mem::bus] Bus fault: read8 unmapped 0x00000000
[WARN  mem::bus] Bus fault: read8 unmapped 0x00000000
[WARN  mem::bus] Bus fault: read8 unmapped 0x00000000
[WARN  mem::bus] Bus fault: read8 unmapped 0x00000000
[WARN  mem::bus] Bus fault: read8 unmapped 0x00000000
[WARN  mem::bus] Bus fault: read8 unmapped 0x00000000
[WARN  mem::bus] Bus fault: read8 unmapped 0x00000000
[WARN  mem::bus] Bus fault: read8 unmapped 0x00000000
[WARN  mem::bus] Bus fault: read8 unmapped 0x00000000
[WARN  mem::bus] Bus fault: read8 unmapped 0x00000000
[WARN  mem::bus] Bus fault: read8 unmapped 0x00000000
[WARN  mem::bus] Bus fault: read8 unmapped 0x00000000
[WARN  mem::bus] Bus fault: read8 unmapped 0x00000000
[WARN  mem::bus] Bus fault: read8 unmapped 0x00000000
[WARN  mem::bus] Bus fault: read8 unmapped 0x00000000
[WARN  mem::bus] Bus fault: read8 unmapped 0x00000000
[WARN  mem::bus] Bus fault: read8 unmapped 0x00000000
[WARN  mem::bus] Bus fault: read8 unmapped 0x00000000
[WARN  mem::bus] Bus fault: read8 unmapped 0x00000000
[WARN  mem::bus] Bus fault: read8 unmapped 0x00000000
[WARN  mem::bus] Bus fault: read8 unmapped 0x00000000
[WARN  mem::bus] Bus fault: read8 unmapped 0x00000000
[WARN  mem::bus] Bus fault: read8 unmapped 0x00000000
[WARN  mem::bus] Bus fault: read8 unmapped 0x00000000
[WARN  mem::bus] Bus fault: read8 unmapped 0x00000000
[WARN  mem::bus] Bus fault: read8 unmapped 0x00000000
[WARN  mem::bus] Bus fault: read8 unmapped 0x00000000
[WARN  mem::bus] Bus fault: read8 unmapped 0x00000000
[WARN  mem::bus] Bus fault: read8 unmapped 0x00000000
[WARN  mem::bus] Bus fault: read8 unmapped 0x00000000
[WARN  mem::bus] Bus fault: read8 unmapped 0x00000000
[WARN  mem::bus] Bus fault: read8 unmapped 0x00000000
[WARN  mem::bus] Bus fault: read8 unmapped 0x00000000
[WARN  mem::bus] Bus fault: read8 unmapped 0x00000000
[WARN  mem::bus] Bus fault: read8 unmapped 0x00000000
[WARN  mem::bus] Bus fault: read8 unmapped 0x00000000
[WARN  mem::bus] Bus fault: read8 unmapped 0x00000000
[WARN  mem::bus] Bus fault: read8 unmapped 0x00000000
[WARN  mem::bus] Bus fault: read8 unmapped 0x00000000
[WARN  mem::bus] Bus fault: read8 unmapped 0x00000000
[WARN  mem::bus] Bus fault: read8 unmapped 0x00000000
[WARN  mem::bus] Bus fault: read8 unmapped 0x00000000
[WARN  mem::bus] Bus fault: read8 unmapped 0x00000000
[WARN  mem::bus] Bus fault: read8 unmapped 0x00000000
[WARN  mem::bus] Bus fault: read8 unmapped 0x00000000
[WARN  mem::bus] Bus fault: read8 unmapped 0x00000000
[WARN  mem::bus] Bus fault: read8 unmapped 0x00000000
[WARN  mem::bus] Bus fault: read8 unmapped 0x00000000
[WARN  mem::bus] Bus fault: read8 unmapped 0x00000000
[WARN  mem::bus] Bus fault: read8 unmapped 0x00000000
[WARN  mem::bus] Bus fault: read8 unmapped 0x00000000
[WARN  mem::bus] Bus fault: read8 unmapped 0x00000000
[WARN  mem::bus] Bus fault: read8 unmapped 0x00000000
[WARN  mem::bus] Bus fault: read8 unmapped 0x00000000
[WARN  mem::bus] Bus fault: read8 unmapped 0x00000000
[WARN  mem::bus] Bus fault: read8 unmapped 0x00000000
[WARN  mem::bus] Bus fault: read8 unmapped 0x00000000
[WARN  mem::bus] Bus fault: read8 unmapped 0x00000000
[WARN  mem::bus] Bus fault: read8 unmapped 0x00000000
[WARN  mem::bus] Bus fault: read8 unmapped 0x00000000
[WARN  mem::bus] Bus fault: read8 unmapped 0x00000000
[WARN  mem::bus] Bus fault: read8 unmapped 0x00000000
[WARN  mem::bus] Bus fault: read8 unmapped 0x00000000
[WARN  mem::bus] Bus fault: read8 unmapped 0x00000000
[WARN  mem::bus] Bus fault: read8 unmapped 0x00000000
[WARN  mem::bus] Bus fault: read8 unmapped 0x00000000
[WARN  mem::bus] Bus fault: read8 unmapped 0x00000000
[WARN  mem::bus] Bus fault: read8 unmapped 0x00000000
[WARN  mem::bus] Bus fault: read8 unmapped 0x00000000
[WARN  mem::bus] Bus fault: read8 unmapped 0x00000000
[WARN  mem::bus] Bus fault: read8 unmapped 0x00000000
[WARN  mem::bus] Bus fault: read8 unmapped 0x00000000
[WARN  mem::bus] Bus fault: read8 unmapped 0x00000000
[WARN  mem::bus] Bus fault: read8 unmapped 0x00000000
[WARN  mem::bus] Bus fault: read8 unmapped 0x00000000
[WARN  mem::bus] Bus fault: read8 unmapped 0x00000000
[WARN  mem::bus] Bus fault: read8 unmapped 0x00000000
[WARN  mem::bus] Bus fault: read8 unmapped 0x00000000
[WARN  mem::bus] Bus fault: read8 unmapped 0x00000000
[WARN  mem::bus] Bus fault: read8 unmapped 0x00000000
[WARN  mem::bus] Bus fault: read8 unmapped 0x00000000
[WARN  mem::bus] Bus fault: read8 unmapped 0x00000000
[WARN  mem::bus] Bus fault: read8 unmapped 0x00000000
[WARN  mem::bus] Bus fault: read8 unmapped 0x00000000
[WARN  mem::bus] Bus fault: read8 unmapped 0x00000000
[WARN  mem::bus] Bus fault: read8 unmapped 0x00000000
[WARN  mem::bus] Bus fault: read8 unmapped 0x00000000
[WARN  mem::bus] Bus fault: read8 unmapped 0x00000000
[WARN  mem::bus] Bus fault: read8 unmapped 0x00000000
[WARN  mem::bus] Bus fault: read8 unmapped 0x00000000
[WARN  mem::bus] Bus fault: read8 unmapped 0x00000000
[WARN  mem::bus] Bus fault: read8 unmapped 0x00000000
[WARN  mem::bus] Bus fault: read8 unmapped 0x00000000
[WARN  mem::bus] Bus fault: read8 unmapped 0x00000000
[WARN  mem::bus] Bus fault: read8 unmapped 0x00000000
[WARN  mem::bus] Bus fault: read8 unmapped 0x00000000
[WARN  mem::bus] Bus fault: read8 unmapped 0x00000000
[WARN  mem::bus] Bus fault: read8 unmapped 0x00000000
[WARN  mem::bus] Bus fault: read8 unmapped 0x00000000
[WARN  mem::bus] Bus fault: read8 unmapped 0x00000000
[WARN  mem::bus] Bus fault: read8 unmapped 0x00000000
[WARN  mem::bus] Bus fault: read8 unmapped 0x00000000
[WARN  mem::bus] Bus fault: read8 unmapped 0x00000000
[WARN  mem::bus] Bus fault: read8 unmapped 0x00000000
[WARN  mem::bus] Bus fault: read8 unmapped 0x00000000
[WARN  mem::bus] Bus fault: read8 unmapped 0x00000000
[WARN  mem::bus] Bus fault: read8 unmapped 0x00000000
[WARN  mem::bus] Bus fault: read8 unmapped 0x00000000
[WARN  mem::bus] Bus fault: read8 unmapped 0x00000000
[WARN  mem::bus] Bus fault: read8 unmapped 0x00000000
[WARN  mem::bus] Bus fault: read8 unmapped 0x00000000
[WARN  mem::bus] Bus fault: read8 unmapped 0x00000000
[WARN  mem::bus] Bus fault: read8 unmapped 0x00000000
[WARN  mem::bus] Bus fault: read8 unmapped 0x00000000
[WARN  mem::bus] Bus fault: read8 unmapped 0x00000000
[WARN  mem::bus] Bus fault: read8 unmapped 0x00000000
[WARN  mem::bus] Bus fault: read8 unmapped 0x00000000
[WARN  mem::bus] Bus fault: read8 unmapped 0x00000000
[WARN  mem::bus] Bus fault: read8 unmapped 0x00000000
[WARN  mem::bus] Bus fault: read8 unmapped 0x00000000
[WARN  mem::bus] Bus fault: read8 unmapped 0x00000000
[WARN  mem::bus] Bus fault: read8 unmapped 0x00000000
[WARN  mem::bus] Bus fault: read8 unmapped 0x00000000
[WARN  mem::bus] Bus fault: read8 unmapped 0x00000000
[WARN  mem::bus] Bus fault: read8 unmapped 0x00000000
[WARN  mem::bus] Bus fault: read8 unmapped 0x00000000
[WARN  mem::bus] Bus fault: read8 unmapped 0x00000000
[WARN  mem::bus] Bus fault: read8 unmapped 0x00000000
[WARN  mem::bus] Bus fault: read8 unmapped 0x00000000
[WARN  mem::bus] Bus fault: read8 unmapped 0x00000000
[WARN  mem::bus] Bus fault: read8 unmapped 0x00000000
[WARN  mem::bus] Bus fault: read8 unmapped 0x00000000
[WARN  mem::bus] Bus fault: read8 unmapped 0x00000000
[WARN  mem::bus] Bus fault: read8 unmapped 0x00000000
[WARN  mem::bus] Bus fault: read8 unmapped 0x00000000
[WARN  mem::bus] Bus fault: read8 unmapped 0x00000000
[WARN  mem::bus] Bus fault: read8 unmapped 0x00000000
[WARN  mem::bus] Bus fault: read8 unmapped 0x00000000
[WARN  mem::bus] Bus fault: read8 unmapped 0x00000000
[WARN  mem::bus] Bus fault: read8 unmapped 0x00000000
[WARN  mem::bus] Bus fault: read8 unmapped 0x00000000
[WARN  mem::bus] Bus fault: read8 unmapped 0x00000000
[WARN  mem::bus] Bus fault: read8 unmapped 0x00000000
[WARN  mem::bus] Bus fault: read8 unmapped 0x00000000
[WARN  mem::bus] Bus fault: read8 unmapped 0x00000000
[WARN  mem::bus] Bus fault: read8 unmapped 0x00000000
[WARN  mem::bus] Bus fault: read8 unmapped 0x00000000
[WARN  mem::bus] Bus fault: read8 unmapped 0x00000000
[WARN  mem::bus] Bus fault: read8 unmapped 0x00000000
[WARN  mem::bus] Bus fault: read8 unmapped 0x00000000
[WARN  mem::bus] Bus fault: read8 unmapped 0x00000000
[WARN  mem::bus] Bus fault: read8 unmapped 0x00000000
[WARN  mem::bus] Bus fault: read8 unmapped 0x00000000
[WARN  mem::bus] Bus fault: read8 unmapped 0x00000000
[WARN  mem::bus] Bus fault: read8 unmapped 0x00000000
[WARN  mem::bus] Bus fault: read8 unmapped 0x00000000
[WARN  mem::bus] Bus fault: read8 unmapped 0x00000000
[WARN  mem::bus] Bus fault: read8 unmapped 0x00000000
[WARN  mem::bus] Bus fault: read8 unmapped 0x00000000
[WARN  mem::bus] Bus fault: read8 unmapped 0x00000000
[WARN  mem::bus] Bus fault: read8 unmapped 0x00000000
[WARN  mem::bus] Bus fault: read8 unmapped 0x00000000
[WARN  mem::bus] Bus fault: read8 unmapped 0x00000000
[WARN  mem::bus] Bus fault: read8 unmapped 0x00000000
[WARN  mem::bus] Bus fault: read8 unmapped 0x00000000
[WARN  mem::bus] Bus fault: read8 unmapped 0x00000000
[WARN  mem::bus] Bus fault: read8 unmapped 0x00000000
[WARN  mem::bus] Bus fault: read8 unmapped 0x00000000
[WARN  mem::bus] Bus fault: read8 unmapped 0x00000000
[WARN  mem::bus] Bus fault: read8 unmapped 0x00000000
[WARN  mem::bus] Bus fault: read8 unmapped 0x00000000
[WARN  mem::bus] Bus fault: read8 unmapped 0x00000000
[WARN  mem::bus] Bus fault: read8 unmapped 0x00000000
[WARN  mem::bus] Bus fault: read8 unmapped 0x00000000
[WARN  mem::bus] Bus fault: read8 unmapped 0x00000000
[WARN  mem::bus] Bus fault: read8 unmapped 0x00000000
[WARN  mem::bus] Bus fault: read8 unmapped 0x00000000
[WARN  mem::bus] Bus fault: read8 unmapped 0x00000000
[WARN  mem::bus] Bus fault: read8 unmapped 0x00000000
[WARN  mem::bus] Bus fault: read8 unmapped 0x00000000
[WARN  mem::bus] Bus fault: read8 unmapped 0x00000000
[WARN  mem::bus] Bus fault: read8 unmapped 0x00000000
[WARN  mem::bus] Bus fault: read8 unmapped 0x00000000
[WARN  mem::bus] Bus fault: read8 unmapped 0x00000000
[WARN  mem::bus] Bus fault: read8 unmapped 0x00000000
[WARN  mem::bus] Bus fault: read8 unmapped 0x00000000
[WARN  mem::bus] Bus fault: read8 unmapped 0x00000000
[WARN  mem::bus] Bus fault: read8 unmapped 0x00000000
[WARN  mem::bus] Bus fault: read8 unmapped 0x00000000
[WARN  mem::bus] Bus fault: read8 unmapped 0x00000000
[WARN  mem::bus] Bus fault: read8 unmapped 0x00000000
[WARN  mem::bus] Bus fault: read8 unmapped 0x00000000
[WARN  mem::bus] Bus fault: read8 unmapped 0x00000000
[WARN  mem::bus] Bus fault: read8 unmapped 0x00000000
[WARN  mem::bus] Bus fault: read8 unmapped 0x00000000
[WARN  mem::bus] Bus fault: read8 unmapped 0x00000000
[WARN  mem::bus] Bus fault: read8 unmapped 0x00000000
[WARN  mem::bus] Bus fault: read8 unmapped 0x00000000
[WARN  mem::bus] Bus fault: read8 unmapped 0x00000000
[WARN  mem::bus] Bus fault: read8 unmapped 0x00000000
[WARN  mem::bus] Bus fault: read8 unmapped 0x00000000
[WARN  mem::bus] Bus fault: read8 unmapped 0x00000000
[WARN  mem::bus] Bus fault: read8 unmapped 0x00000000
[WARN  mem::bus] Bus fault: read8 unmapped 0x00000000
[WARN  mem::bus] Bus fault: read8 unmapped 0x00000000
[WARN  mem::bus] Bus fault: read8 unmapped 0x00000000
[WARN  mem::bus] Bus fault: read8 unmapped 0x00000000
[WARN  mem::bus] Bus fault: read8 unmapped 0x00000000
[WARN  mem::bus] Bus fault: read8 unmapped 0x00000000
[WARN  mem::bus] Bus fault: read8 unmapped 0x00000000
[WARN  mem::bus] Bus fault: read8 unmapped 0x00000000
[WARN  mem::bus] Bus fault: read8 unmapped 0x00000000
[WARN  mem::bus] Bus fault: read8 unmapped 0x00000000
[WARN  mem::bus] Bus fault: read8 unmapped 0x00000000
[WARN  mem::bus] Bus fault: read8 unmapped 0x00000000
[WARN  mem::bus] Bus fault: read8 unmapped 0x00000000
[WARN  mem::bus] Bus fault: read8 unmapped 0x00000000
[WARN  mem::bus] Bus fault: read8 unmapped 0x00000000
[WARN  mem::bus] Bus fault: read8 unmapped 0x00000000
[WARN  mem::bus] Bus fault: read8 unmapped 0x00000000
[WARN  mem::bus] Bus fault: read8 unmapped 0x00000000
[WARN  mem::bus] Bus fault: read8 unmapped 0x00000000
[WARN  mem::bus] Bus fault: read8 unmapped 0x00000000
[WARN  mem::bus] Bus fault: read8 unmapped 0x00000000
[WARN  mem::bus] Bus fault: read8 unmapped 0x00000000
[WARN  mem::bus] Bus fault: read8 unmapped 0x00000000
[WARN  mem::bus] Bus fault: read8 unmapped 0x00000000
[WARN  mem::bus] Bus fault: read8 unmapped 0x00000000
[WARN  mem::bus] Bus fault: read8 unmapped 0x00000000
[WARN  mem::bus] Bus fault: read8 unmapped 0x00000000
[WARN  mem::bus] Bus fault: read8 unmapped 0x00000000
[WARN  mem::bus] Bus fault: read8 unmapped 0x00000000
[WARN  mem::bus] Bus fault: read8 unmapped 0x00000000
[WARN  mem::bus] Bus fault: read8 unmapped 0x00000000
[WARN  mem::bus] Bus fault: read8 unmapped 0x00000000
[WARN  mem::bus] Bus fault: read8 unmapped 0x00000000
[WARN  mem::bus] Bus fault: read8 unmapped 0x00000000
[WARN  mem::bus] Bus fault: read8 unmapped 0x00000000
[WARN  mem::bus] Bus fault: read8 unmapped 0x00000000
[WARN  mem::bus] Bus fault: read8 unmapped 0x00000000
[WARN  mem::bus] Bus fault: read8 unmapped 0x00000000
[WARN  mem::bus] Bus fault: read8 unmapped 0x00000000
[WARN  mem::bus] Bus fault: read8 unmapped 0x00000000
[WARN  mem::bus] Bus fault: read8 unmapped 0x00000000
[WARN  mem::bus] Bus fault: read8 unmapped 0x00000000
[WARN  mem::bus] Bus fault: read8 unmapped 0x00000000
[WARN  mem::bus] Bus fault: read8 unmapped 0x00000000
[WARN  mem::bus] Bus fault: read8 unmapped 0x00000000
[WARN  mem::bus] Bus fault: read8 unmapped 0x00000000
[WARN  mem::bus] Bus fault: read8 unmapped 0x00000000
[WARN  mem::bus] Bus fault: read8 unmapped 0x00000000
[WARN  mem::bus] Bus fault: read8 unmapped 0x00000000
[WARN  mem::bus] Bus fault: read8 unmapped 0x00000000
[WARN  mem::bus] Bus fault: read8 unmapped 0x00000000
[WARN  mem::bus] Bus fault: read8 unmapped 0x00000000
[WARN  mem::bus] Bus fault: read8 unmapped 0x00000000
[WARN  mem::bus] Bus fault: read8 unmapped 0x00000000
[WARN  mem::bus] Bus fault: read8 unmapped 0x00000000
[WARN  mem::bus] Bus fault: read8 unmapped 0x00000000
[WARN  mem::bus] Bus fault: read8 unmapped 0x00000000
[WARN  mem::bus] Bus fault: read8 unmapped 0x00000000
[WARN  mem::bus] Bus fault: read8 unmapped 0x00000000
[WARN  mem::bus] Bus fault: read8 unmapped 0x00000000
[WARN  mem::bus] Bus fault: read8 unmapped 0x00000000
[WARN  mem::bus] Bus fault: read8 unmapped 0x00000000
[WARN  mem::bus] Bus fault: read8 unmapped 0x00000000
[WARN  mem::bus] Bus fault: read8 unmapped 0x00000000
[WARN  mem::bus] Bus fault: read8 unmapped 0x00000000
[WARN  mem::bus] Bus fault: read8 unmapped 0x00000000
[WARN  mem::bus] Bus fault: read8 unmapped 0x00000000
[WARN  mem::bus] Bus fault: read8 unmapped 0x00000000
[WARN  mem::bus] Bus fault: read8 unmapped 0x00000000
[WARN  mem::bus] Bus fault: read8 unmapped 0x00000000
[WARN  mem::bus] Bus fault: read8 unmapped 0x00000000
[WARN  mem::bus] Bus fault: read8 unmapped 0x00000000
[WARN  mem::bus] Bus fault: read8 unmapped 0x00000000
[WARN  mem::bus] Bus fault: read8 unmapped 0x00000000
[WARN  mem::bus] Bus fault: read8 unmapped 0x00000000
[WARN  mem::bus] Bus fault: read8 unmapped 0x00000000
[WARN  mem::bus] Bus fault: read8 unmapped 0x00000000
[WARN  mem::bus] Bus fault: read8 unmapped 0x00000000
[WARN  mem::bus] Bus fault: read8 unmapped 0x00000000
[WARN  mem::bus] Bus fault: read8 unmapped 0x00000000
[WARN  mem::bus] Bus fault: read8 unmapped 0x00000000
[WARN  mem::bus] Bus fault: read8 unmapped 0x00000000
[WARN  mem::bus] Bus fault: read8 unmapped 0x00000000
[WARN  mem::bus] Bus fault: read8 unmapped 0x00000000
[WARN  mem::bus] Bus fault: read8 unmapped 0x00000000
[WARN  mem::bus] Bus fault: read8 unmapped 0x00000000
[WARN  mem::bus] Bus fault: read8 unmapped 0x00000000
[WARN  mem::bus] Bus fault: read8 unmapped 0x00000000
[WARN  mem::bus] Bus fault: read8 unmapped 0x00000000
[WARN  mem::bus] Bus fault: read8 unmapped 0x00000000
[WARN  mem::bus] Bus fault: read8 unmapped 0x00000000
[WARN  mem::bus] Bus fault: read8 unmapped 0x00000000
[WARN  mem::bus] Bus fault: read8 unmapped 0x00000000
[WARN  mem::bus] Bus fault: read8 unmapped 0x00000000
[WARN  mem::bus] Bus fault: read8 unmapped 0x00000000
[WARN  mem::bus] Bus fault: read8 unmapped 0x00000000
[WARN  mem::bus] Bus fault: read8 unmapped 0x00000000
[WARN  mem::bus] Bus fault: read8 unmapped 0x00000000
[WARN  mem::bus] Bus fault: read8 unmapped 0x00000000
[WARN  mem::bus] Bus fault: read8 unmapped 0x00000000
[WARN  mem::bus] Bus fault: read8 unmapped 0x00000000
[WARN  mem::bus] Bus fault: read8 unmapped 0x00000000
[WARN  mem::bus] Bus fault: read8 unmapped 0x00000000
[WARN  mem::bus] Bus fault: read8 unmapped 0x00000000
[WARN  mem::bus] Bus fault: read8 unmapped 0x00000000
[WARN  mem::bus] Bus fault: read8 unmapped 0x00000000
[WARN  mem::bus] Bus fault: read8 unmapped 0x00000000
[WARN  mem::bus] Bus fault: read8 unmapped 0x00000000
[WARN  mem::bus] Bus fault: read8 unmapped 0x00000000
[WARN  mem::bus] Bus fault: read8 unmapped 0x00000000
[WARN  mem::bus] Bus fault: read8 unmapped 0x00000000
[WARN  mem::bus] Bus fault: read8 unmapped 0x00000000
[WARN  mem::bus] Bus fault: read8 unmapped 0x00000000
[WARN  mem::bus] Bus fault: read8 unmapped 0x00000000
[WARN  mem::bus] Bus fault: read8 unmapped 0x00000000
[WARN  mem::bus] Bus fault: read8 unmapped 0x00000000
[WARN  mem::bus] Bus fault: read8 unmapped 0x00000000
[WARN  mem::bus] Bus fault: read8 unmapped 0x00000000
[WARN  mem::bus] Bus fault: read8 unmapped 0x00000000
[WARN  mem::bus] Bus fault: read8 unmapped 0x00000000
[WARN  mem::bus] Bus fault: read8 unmapped 0x00000000
[WARN  mem::bus] Bus fault: read8 unmapped 0x00000000
[WARN  mem::bus] Bus fault: read8 unmapped 0x00000000
[WARN  mem::bus] Bus fault: read8 unmapped 0x00000000
[WARN  mem::bus] Bus fault: read8 unmapped 0x00000000
[WARN  mem::bus] Bus fault: read8 unmapped 0x00000000
[WARN  mem::bus] Bus fault: read8 unmapped 0x00000000
[WARN  mem::bus] Bus fault: read8 unmapped 0x00000000
[WARN  mem::bus] Bus fault: read8 unmapped 0x00000000
[WARN  mem::bus] Bus fault: read8 unmapped 0x00000000
[WARN  mem::bus] Bus fault: read8 unmapped 0x00000000
[WARN  mem::bus] Bus fault: read8 unmapped 0x00000000
[WARN  mem::bus] Bus fault: read8 unmapped 0x00000000
[WARN  mem::bus] Bus fault: read8 unmapped 0x00000000
[WARN  mem::bus] Bus fault: read8 unmapped 0x00000000
[WARN  mem::bus] Bus fault: read8 unmapped 0x00000000
[WARN  mem::bus] Bus fault: read8 unmapped 0x00000000
[WARN  mem::bus] Bus fault: read8 unmapped 0x00000000
[WARN  mem::bus] Bus fault: read8 unmapped 0x00000000
[WARN  mem::bus] Bus fault: read8 unmapped 0x00000000
[WARN  mem::bus] Bus fault: read8 unmapped 0x00000000
[WARN  mem::bus] Bus fault: read8 unmapped 0x00000000
[WARN  mem::bus] Bus fault: read8 unmapped 0x00000000
[WARN  mem::bus] Bus fault: read8 unmapped 0x00000000
[WARN  mem::bus] Bus fault: read8 unmapped 0x00000000
[WARN  mem::bus] Bus fault: read8 unmapped 0x00000000
[WARN  mem::bus] Bus fault: read8 unmapped 0x00000000
[WARN  mem::bus] Bus fault: read8 unmapped 0x00000000
[WARN  mem::bus] Bus fault: read8 unmapped 0x00000000
[WARN  mem::bus] Bus fault: read8 unmapped 0x00000000
[WARN  mem::bus] Bus fault: read8 unmapped 0x00000000
[WARN  mem::bus] Bus fault: read8 unmapped 0x00000000
[WARN  mem::bus] Bus fault: read8 unmapped 0x00000000
[WARN  mem::bus] Bus fault: read8 unmapped 0x00000000
[WARN  mem::bus] Bus fault: read8 unmapped 0x00000000
[WARN  mem::bus] Bus fault: read8 unmapped 0x00000000
[WARN  mem::bus] Bus fault: read8 unmapped 0x00000000
[WARN  mem::bus] Bus fault: read8 unmapped 0x00000000
[WARN  mem::bus] Bus fault: read8 unmapped 0x00000000
[WARN  mem::bus] Bus fault: read8 unmapped 0x00000000
[WARN  mem::bus] Bus fault: read8 unmapped 0x00000000
[WARN  mem::bus] Bus fault: read8 unmapped 0x00000000
[WARN  mem::bus] Bus fault: read8 unmapped 0x00000000
[WARN  mem::bus] Bus fault: read8 unmapped 0x00000000
[WARN  mem::bus] Bus fault: read8 unmapped 0x00000000
[WARN  mem::bus] Bus fault: read8 unmapped 0x00000000
[WARN  mem::bus] Bus fault: read8 unmapped 0x00000000
[WARN  mem::bus] Bus fault: read8 unmapped 0x00000000
[WARN  mem::bus] Bus fault: read8 unmapped 0x00000000
[WARN  mem::bus] Bus fault: read8 unmapped 0x00000000
[WARN  mem::bus] Bus fault: read8 unmapped 0x00000000
[WARN  mem::bus] Bus fault: read8 unmapped 0x00000000
[WARN  mem::bus] Bus fault: read8 unmapped 0x00000000
[WARN  mem::bus] Bus fault: read8 unmapped 0x00000000
[WARN  mem::bus] Bus fault: read8 unmapped 0x00000000
[WARN  mem::bus] Bus fault: read8 unmapped 0x00000000
[WARN  mem::bus] Bus fault: read8 unmapped 0x00000000
[WARN  mem::bus] Bus fault: read8 unmapped 0x00000000
[WARN  mem::bus] Bus fault: read8 unmapped 0x00000000
[WARN  mem::bus] Bus fault: read8 unmapped 0x00000000
[WARN  mem::bus] Bus fault: read8 unmapped 0x00000000
[WARN  mem::bus] Bus fault: read8 unmapped 0x00000000
[WARN  mem::bus] Bus fault: read8 unmapped 0x00000000
[WARN  mem::bus] Bus fault: read8 unmapped 0x00000000
[WARN  mem::bus] Bus fault: read8 unmapped 0x00000000
[WARN  mem::bus] Bus fault: read8 unmapped 0x00000000
[WARN  mem::bus] Bus fault: read8 unmapped 0x00000000
[WARN  mem::bus] Bus fault: read8 unmapped 0x00000000
[WARN  mem::bus] Bus fault: read8 unmapped 0x00000000
[WARN  mem::bus] Bus fault: read8 unmapped 0x00000000
[WARN  mem::bus] Bus fault: read8 unmapped 0x00000000
[WARN  mem::bus] Bus fault: read8 unmapped 0x00000000
[WARN  mem::bus] Bus fault: read8 unmapped 0x00000000
[WARN  mem::bus] Bus fault: read8 unmapped 0x00000000
[WARN  mem::bus] Bus fault: read8 unmapped 0x00000000
[WARN  mem::bus] Bus fault: read8 unmapped 0x00000000
[WARN  mem::bus] Bus fault: read8 unmapped 0x00000000
[WARN  mem::bus] Bus fault: read8 unmapped 0x00000000
[WARN  mem::bus] Bus fault: read8 unmapped 0x00000000
[WARN  mem::bus] Bus fault: read8 unmapped 0x00000000
[WARN  mem::bus] Bus fault: read8 unmapped 0x00000000
[WARN  mem::bus] Bus fault: read8 unmapped 0x00000000
[WARN  mem::bus] Bus fault: read8 unmapped 0x00000000
[WARN  mem::bus] Bus fault: read8 unmapped 0x00000000
[WARN  mem::bus] Bus fault: read8 unmapped 0x00000000
[WARN  mem::bus] Bus fault: read8 unmapped 0x00000000
[WARN  mem::bus] Bus fault: read8 unmapped 0x00000000
[WARN  mem::bus] Bus fault: read8 unmapped 0x00000000
[WARN  mem::bus] Bus fault: read8 unmapped 0x00000000
[WARN  mem::bus] Bus fault: read8 unmapped 0x00000000
[WARN  mem::bus] Bus fault: read8 unmapped 0x00000000
[WARN  mem::bus] Bus fault: read8 unmapped 0x00000000
[WARN  mem::bus] Bus fault: read8 unmapped 0x00000000
[WARN  mem::bus] Bus fault: read8 unmapped 0x00000000
[WARN  mem::bus] Bus fault: read8 unmapped 0x00000000
[WARN  mem::bus] Bus fault: read8 unmapped 0x00000000
[WARN  mem::bus] Bus fault: read8 unmapped 0x00000000
[WARN  mem::bus] Bus fault: read8 unmapped 0x00000000
[WARN  mem::bus] Bus fault: read8 unmapped 0x00000000
[WARN  mem::bus] Bus fault: read8 unmapped 0x00000000
[WARN  mem::bus] Bus fault: read8 unmapped 0x00000000
[WARN  mem::bus] Bus fault: read8 unmapped 0x00000000
[WARN  mem::bus] Bus fault: read8 unmapped 0x00000000
[WARN  mem::bus] Bus fault: read8 unmapped 0x00000000
[WARN  mem::bus] Bus fault: read8 unmapped 0x00000000
[WARN  mem::bus] Bus fault: read8 unmapped 0x00000000
[WARN  mem::bus] Bus fault: read8 unmapped 0x00000000
[WARN  mem::bus] Bus fault: read8 unmapped 0x00000000
[WARN  mem::bus] Bus fault: read8 unmapped 0x00000000
[WARN  mem::bus] Bus fault: read8 unmapped 0x00000000
[WARN  mem::bus] Bus fault: read8 unmapped 0x00000000
[WARN  mem::bus] Bus fault: read8 unmapped 0x00000000
[WARN  mem::bus] Bus fault: read8 unmapped 0x00000000
[WARN  mem::bus] Bus fault: read8 unmapped 0x00000000
[WARN  mem::bus] Bus fault: read8 unmapped 0x00000000
[WARN  mem::bus] Bus fault: read8 unmapped 0x00000000
[WARN  mem::bus] Bus fault: read8 unmapped 0x00000000
[WARN  mem::bus] Bus fault: read8 unmapped 0x00000000
[WARN  mem::bus] Bus fault: read8 unmapped 0x00000000
[WARN  mem::bus] Bus fault: read8 unmapped 0x00000000
[WARN  mem::bus] Bus fault: read8 unmapped 0x00000000
[WARN  mem::bus] Bus fault: read8 unmapped 0x00000000
[WARN  mem::bus] Bus fault: read8 unmapped 0x00000000
[WARN  mem::bus] Bus fault: read8 unmapped 0x00000000
[WARN  mem::bus] Bus fault: read8 unmapped 0x00000000
[WARN  mem::bus] Bus fault: read8 unmapped 0x00000000
[WARN  mem::bus] Bus fault: read8 unmapped 0x00000000
[WARN  mem::bus] Bus fault: read8 unmapped 0x00000000
[WARN  mem::bus] Bus fault: read8 unmapped 0x00000000
[WARN  mem::bus] Bus fault: read8 unmapped 0x00000000
[WARN  mem::bus] Bus fault: read8 unmapped 0x00000000
[WARN  mem::bus] Bus fault: read8 unmapped 0x00000000
[WARN  mem::bus] Bus fault: read8 unmapped 0x00000000
[WARN  mem::bus] Bus fault: read8 unmapped 0x00000000
[WARN  mem::bus] Bus fault: read8 unmapped 0x00000000
[WARN  mem::bus] Bus fault: read8 unmapped 0x00000000
[WARN  mem::bus] Bus fault: read8 unmapped 0x00000000
[WARN  mem::bus] Bus fault: read8 unmapped 0x00000000
[WARN  mem::bus] Bus fault: read8 unmapped 0x00000000
[WARN  mem::bus] Bus fault: read8 unmapped 0x00000000
[WARN  mem::bus] Bus fault: read8 unmapped 0x00000000
[WARN  mem::bus] Bus fault: read8 unmapped 0x00000000
[WARN  mem::bus] Bus fault: read8 unmapped 0x00000000
[WARN  mem::bus] Bus fault: read8 unmapped 0x00000000
[WARN  mem::bus] Bus fault: read8 unmapped 0x00000000
[WARN  mem::bus] Bus fault: read8 unmapped 0x00000000
[WARN  mem::bus] Bus fault: read8 unmapped 0x00000000
[WARN  mem::bus] Bus fault: read8 unmapped 0x00000000
[WARN  mem::bus] Bus fault: read8 unmapped 0x00000000
[WARN  mem::bus] Bus fault: read8 unmapped 0x00000000
[WARN  mem::bus] Bus fault: read8 unmapped 0x00000000
[WARN  mem::bus] Bus fault: read8 unmapped 0x00000000
[WARN  mem::bus] Bus fault: read8 unmapped 0x00000000
[WARN  mem::bus] Bus fault: read8 unmapped 0x00000000
[WARN  mem::bus] Bus fault: read8 unmapped 0x00000000
[WARN  mem::bus] Bus fault: read8 unmapped 0x00000000
[WARN  mem::bus] Bus fault: read8 unmapped 0x00000000
[WARN  mem::bus] Bus fault: read8 unmapped 0x00000000
[WARN  mem::bus] Bus fault: read8 unmapped 0x00000000
[WARN  mem::bus] Bus fault: read8 unmapped 0x00000000
[WARN  mem::bus] Bus fault: read8 unmapped 0x00000000
[WARN  mem::bus] Bus fault: read8 unmapped 0x00000000
[WARN  mem::bus] Bus fault: read8 unmapped 0x00000000
[WARN  mem::bus] Bus fault: read8 unmapped 0x00000000
[WARN  mem::bus] Bus fault: read8 unmapped 0x00000000
[WARN  mem::bus] Bus fault: read8 unmapped 0x00000000
[WARN  mem::bus] Bus fault: read8 unmapped 0x00000000
[WARN  mem::bus] Bus fault: read8 unmapped 0x00000000
[WARN  mem::bus] Bus fault: read8 unmapped 0x00000000
[WARN  mem::bus] Bus fault: read8 unmapped 0x00000000
[WARN  mem::bus] Bus fault: read8 unmapped 0x00000000
[WARN  mem::bus] Bus fault: read8 unmapped 0x00000000
[WARN  mem::bus] Bus fault: read8 unmapped 0x00000000
[WARN  mem::bus] Bus fault: read8 unmapped 0x00000000
[WARN  mem::bus] Bus fault: read8 unmapped 0x00000000
[WARN  mem::bus] Bus fault: read8 unmapped 0x00000000
[WARN  mem::bus] Bus fault: read8 unmapped 0x00000000
[WARN  mem::bus] Bus fault: read8 unmapped 0x00000000
[WARN  mem::bus] Bus fault: read8 unmapped 0x00000000
[WARN  mem::bus] Bus fault: read8 unmapped 0x00000000
[WARN  mem::bus] Bus fault: read8 unmapped 0x00000000
[WARN  mem::bus] Bus fault: read8 unmapped 0x00000000
[WARN  mem::bus] Bus fault: read8 unmapped 0x00000000
[WARN  mem::bus] Bus fault: read8 unmapped 0x00000000
[WARN  mem::bus] Bus fault: read8 unmapped 0x00000000
[WARN  mem::bus] Bus fault: read8 unmapped 0x00000000
[WARN  mem::bus] Bus fault: read8 unmapped 0x00000000
[WARN  mem::bus] Bus fault: read8 unmapped 0x00000000
[WARN  mem::bus] Bus fault: read8 unmapped 0x00000000
[WARN  mem::bus] Bus fault: read8 unmapped 0x00000000
[WARN  mem::bus] Bus fault: read8 unmapped 0x00000000
[WARN  mem::bus] Bus fault: read8 unmapped 0x00000000
[WARN  mem::bus] Bus fault: read8 unmapped 0x00000000
[WARN  mem::bus] Bus fault: read8 unmapped 0x00000000
[WARN  mem::bus] Bus fault: read8 unmapped 0x00000000
[WARN  mem::bus] Bus fault: read8 unmapped 0x00000000
[WARN  mem::bus] Bus fault: read8 unmapped 0x00000000
[WARN  mem::bus] Bus fault: read8 unmapped 0x00000000
[WARN  mem::bus] Bus fault: read8 unmapped 0x00000000
[WARN  mem::bus] Bus fault: read8 unmapped 0x00000000
[WARN  mem::bus] Bus fault: read8 unmapped 0x00000000
[WARN  mem::bus] Bus fault: read8 unmapped 0x00000000
[WARN  mem::bus] Bus fault: read8 unmapped 0x00000000
[WARN  mem::bus] Bus fault: read8 unmapped 0x00000000
[WARN  mem::bus] Bus fault: read8 unmapped 0x00000000
[WARN  mem::bus] Bus fault: read8 unmapped 0x00000000
[WARN  mem::bus] Bus fault: read8 unmapped 0x00000000
[WARN  mem::bus] Bus fault: read8 unmapped 0x00000000
[WARN  mem::bus] Bus fault: read8 unmapped 0x00000000
[WARN  mem::bus] Bus fault: read8 unmapped 0x00000000
[WARN  mem::bus] Bus fault: read8 unmapped 0x00000000
[WARN  mem::bus] Bus fault: read8 unmapped 0x00000000
[WARN  mem::bus] Bus fault: read8 unmapped 0x00000000
[WARN  mem::bus] Bus fault: read8 unmapped 0x00000000
[WARN  mem::bus] Bus fault: read8 unmapped 0x00000000
[WARN  mem::bus] Bus fault: read8 unmapped 0x00000000
[WARN  mem::bus] Bus fault: read8 unmapped 0x00000000
[WARN  mem::bus] Bus fault: read8 unmapped 0x00000000
[WARN  mem::bus] Bus fault: read8 unmapped 0x00000000
[WARN  mem::bus] Bus fault: read8 unmapped 0x00000000
[WARN  mem::bus] Bus fault: read8 unmapped 0x00000000
[WARN  mem::bus] Bus fault: read8 unmapped 0x00000000
[WARN  mem::bus] Bus fault: read8 unmapped 0x00000000
[WARN  mem::bus] Bus fault: read8 unmapped 0x00000000
[WARN  mem::bus] Bus fault: read8 unmapped 0x00000000
[WARN  mem::bus] Bus fault: read8 unmapped 0x00000000
[WARN  mem::bus] Bus fault: read8 unmapped 0x00000000
[WARN  mem::bus] Bus fault: read8 unmapped 0x00000000
[WARN  mem::bus] Bus fault: read8 unmapped 0x00000000
[WARN  mem::bus] Bus fault: read8 unmapped 0x00000000
[WARN  mem::bus] Bus fault: read8 unmapped 0x00000000
[WARN  mem::bus] Bus fault: read8 unmapped 0x00000000
[WARN  mem::bus] Bus fault: read8 unmapped 0x00000000
[WARN  mem::bus] Bus fault: read8 unmapped 0x00000000
[WARN  mem::bus] Bus fault: read8 unmapped 0x00000000
[WARN  mem::bus] Bus fault: read8 unmapped 0x00000000
[WARN  mem::bus] Bus fault: read8 unmapped 0x00000000
[WARN  mem::bus] Bus fault: read8 unmapped 0x00000000
[WARN  mem::bus] Bus fault: read8 unmapped 0x00000000
[WARN  mem::bus] Bus fault: read8 unmapped 0x00000000
[WARN  mem::bus] Bus fault: read8 unmapped 0x00000000
[WARN  mem::bus] Bus fault: read8 unmapped 0x00000000
[WARN  mem::bus] Bus fault: read8 unmapped 0x00000000
[WARN  mem::bus] Bus fault: read8 unmapped 0x00000000
[WARN  mem::bus] Bus fault: read8 unmapped 0x00000000
[WARN  mem::bus] Bus fault: read8 unmapped 0x00000000
[WARN  mem::bus] Bus fault: read8 unmapped 0x00000000
[WARN  mem::bus] Bus fault: read8 unmapped 0x00000000
[WARN  mem::bus] Bus fault: read8 unmapped 0x00000000
[WARN  mem::bus] Bus fault: read8 unmapped 0x00000000
[WARN  mem::bus] Bus fault: read8 unmapped 0x00000000
[WARN  mem::bus] Bus fault: read8 unmapped 0x00000000
[WARN  mem::bus] Bus fault: read8 unmapped 0x00000000
[WARN  mem::bus] Bus fault: read8 unmapped 0x00000000
[WARN  mem::bus] Bus fault: read8 unmapped 0x00000000
[WARN  mem::bus] Bus fault: read8 unmapped 0x00000000
[WARN  mem::bus] Bus fault: read8 unmapped 0x00000000
[WARN  mem::bus] Bus fault: read8 unmapped 0x00000000
[WARN  mem::bus] Bus fault: read8 unmapped 0x00000000
[WARN  mem::bus] Bus fault: read8 unmapped 0x00000000
[WARN  mem::bus] Bus fault: read8 unmapped 0x00000000
[WARN  mem::bus] Bus fault: read8 unmapped 0x00000000
[WARN  mem::bus] Bus fault: read8 unmapped 0x00000000
[WARN  mem::bus] Bus fault: read8 unmapped 0x00000000
[WARN  mem::bus] Bus fault: read8 unmapped 0x00000000
[WARN  mem::bus] Bus fault: read8 unmapped 0x00000000
[WARN  mem::bus] Bus fault: read8 unmapped 0x00000000
[WARN  mem::bus] Bus fault: read8 unmapped 0x00000000
[WARN  mem::bus] Bus fault: read8 unmapped 0x00000000
[WARN  mem::bus] Bus fault: read8 unmapped 0x00000000
[WARN  mem::bus] Bus fault: read8 unmapped 0x00000000
[WARN  mem::bus] Bus fault: read8 unmapped 0x00000000
[WARN  mem::bus] Bus fault: read8 unmapped 0x00000000
[WARN  mem::bus] Bus fault: read8 unmapped 0x00000000
[WARN  mem::bus] Bus fault: read8 unmapped 0x00000000
[WARN  mem::bus] Bus fault: read8 unmapped 0x00000000
[WARN  mem::bus] Bus fault: read8 unmapped 0x00000000
[WARN  mem::bus] Bus fault: read8 unmapped 0x00000000
[WARN  mem::bus] Bus fault: read8 unmapped 0x00000000
[WARN  mem::bus] Bus fault: read8 unmapped 0x00000000
[WARN  mem::bus] Bus fault: read8 unmapped 0x00000000
[WARN  mem::bus] Bus fault: read8 unmapped 0x00000000
[WARN  mem::bus] Bus fault: read8 unmapped 0x00000000
[WARN  mem::bus] Bus fault: read8 unmapped 0x00000000
[WARN  mem::bus] Bus fault: read8 unmapped 0x00000000
[WARN  mem::bus] Bus fault: read8 unmapped 0x00000000
[WARN  mem::bus] Bus fault: read8 unmapped 0x00000000
[WARN  mem::bus] Bus fault: read8 unmapped 0x00000000
[WARN  mem::bus] Bus fault: read8 unmapped 0x00000000
[WARN  mem::bus] Bus fault: read8 unmapped 0x00000000
[WARN  mem::bus] Bus fault: read8 unmapped 0x00000000
[WARN  mem::bus] Bus fault: read8 unmapped 0x00000000
[WARN  mem::bus] Bus fault: read8 unmapped 0x00000000
[WARN  mem::bus] Bus fault: read8 unmapped 0x00000000
[WARN  mem::bus] Bus fault: read8 unmapped 0x00000000
[WARN  mem::bus] Bus fault: read8 unmapped 0x00000000
[WARN  mem::bus] Bus fault: read8 unmapped 0x00000000
[WARN  mem::bus] Bus fault: read8 unmapped 0x00000000
[WARN  mem::bus] Bus fault: read8 unmapped 0x00000000
[WARN  mem::bus] Bus fault: read8 unmapped 0x00000000
[WARN  mem::bus] Bus fault: read8 unmapped 0x00000000
[WARN  mem::bus] Bus fault: read8 unmapped 0x00000000
[WARN  mem::bus] Bus fault: read8 unmapped 0x00000000
[WARN  mem::bus] Bus fault: read8 unmapped 0x00000000
[WARN  mem::bus] Bus fault: read8 unmapped 0x00000000
[WARN  mem::bus] Bus fault: read8 unmapped 0x00000000
[WARN  mem::bus] Bus fault: read8 unmapped 0x00000000
[WARN  mem::bus] Bus fault: read8 unmapped 0x00000000
[WARN  mem::bus] Bus fault: read8 unmapped 0x00000000
[WARN  mem::bus] Bus fault: read8 unmapped 0x00000000
[WARN  mem::bus] Bus fault: read8 unmapped 0x00000000
[WARN  mem::bus] Bus fault: read8 unmapped 0x00000000
[WARN  mem::bus] Bus fault: read8 unmapped 0x00000000
[WARN  mem::bus] Bus fault: read8 unmapped 0x00000000
[WARN  mem::bus] Bus fault: read8 unmapped 0x00000000
[WARN  mem::bus] Bus fault: read8 unmapped 0x00000000
[WARN  mem::bus] Bus fault: read8 unmapped 0x00000000
[WARN  mem::bus] Bus fault: read8 unmapped 0x00000000
[WARN  mem::bus] Bus fault: read8 unmapped 0x00000000
[WARN  mem::bus] Bus fault: read8 unmapped 0x00000000
[WARN  mem::bus] Bus fault: read8 unmapped 0x00000000
[WARN  mem::bus] Bus fault: read8 unmapped 0x00000000
[WARN  mem::bus] Bus fault: read8 unmapped 0x00000000
[WARN  mem::bus] Bus fault: read8 unmapped 0x00000000
[WARN  mem::bus] Bus fault: read8 unmapped 0x00000000
[WARN  mem::bus] Bus fault: read8 unmapped 0x00000000
[WARN  mem::bus] Bus fault: read8 unmapped 0x00000000
[WARN  mem::bus] Bus fault: read8 unmapped 0x00000000
[WARN  mem::bus] Bus fault: read8 unmapped 0x00000000
[WARN  mem::bus] Bus fault: read8 unmapped 0x00000000
[WARN  mem::bus] Bus fault: read8 unmapped 0x00000000
[WARN  mem::bus] Bus fault: read8 unmapped 0x00000000
[WARN  mem::bus] Bus fault: read8 unmapped 0x00000000
[WARN  mem::bus] Bus fault: read8 unmapped 0x00000000
[WARN  mem::bus] Bus fault: read8 unmapped 0x00000000
[WARN  mem::bus] Bus fault: read8 unmapped 0x00000000
[WARN  mem::bus] Bus fault: read8 unmapped 0x00000000
[WARN  mem::bus] Bus fault: read8 unmapped 0x00000000
[WARN  mem::bus] Bus fault: read8 unmapped 0x00000000
[WARN  mem::bus] Bus fault: read8 unmapped 0x00000000
[WARN  mem::bus] Bus fault: read8 unmapped 0x00000000
[WARN  mem::bus] Bus fault: read8 unmapped 0x00000000
[WARN  mem::bus] Bus fault: read8 unmapped 0x00000000
[WARN  mem::bus] Bus fault: read8 unmapped 0x00000000
[WARN  mem::bus] Bus fault: read8 unmapped 0x00000000
[WARN  mem::bus] Bus fault: read8 unmapped 0x00000000
[WARN  mem::bus] Bus fault: read8 unmapped 0x00000000
[WARN  mem::bus] Bus fault: read8 unmapped 0x00000000
[WARN  mem::bus] Bus fault: read8 unmapped 0x00000000
[WARN  mem::bus] Bus fault: read8 unmapped 0x00000000
[WARN  mem::bus] Bus fault: read8 unmapped 0x00000000
[WARN  mem::bus] Bus fault: read8 unmapped 0x00000000
[WARN  mem::bus] Bus fault: read8 unmapped 0x00000000
[WARN  mem::bus] Bus fault: read8 unmapped 0x00000000
[WARN  mem::bus] Bus fault: read8 unmapped 0x00000000
[WARN  mem::bus] Bus fault: read8 unmapped 0x00000000
[WARN  mem::bus] Bus fault: read8 unmapped 0x00000000
[WARN  mem::bus] Bus fault: read8 unmapped 0x00000000
[WARN  mem::bus] Bus fault: read8 unmapped 0x00000000
[WARN  mem::bus] Bus fault: read8 unmapped 0x00000000
[WARN  mem::bus] Bus fault: read8 unmapped 0x00000000
[WARN  mem::bus] Bus fault: read8 unmapped 0x00000000
[WARN  mem::bus] Bus fault: read8 unmapped 0x00000000
[WARN  mem::bus] Bus fault: read8 unmapped 0x00000000
[WARN  mem::bus] Bus fault: read8 unmapped 0x00000000
[WARN  mem::bus] Bus fault: read8 unmapped 0x00000000
[WARN  mem::bus] Bus fault: read8 unmapped 0x00000000
[WARN  mem::bus] Bus fault: read8 unmapped 0x00000000
[WARN  mem::bus] Bus fault: read8 unmapped 0x00000000
[WARN  mem::bus] Bus fault: read8 unmapped 0x00000000
[WARN  mem::bus] Bus fault: read8 unmapped 0x00000000
[WARN  mem::bus] Bus fault: read8 unmapped 0x00000000
[WARN  mem::bus] Bus fault: read8 unmapped 0x00000000
[WARN  mem::bus] Bus fault: read8 unmapped 0x00000000
[WARN  mem::bus] Bus fault: read8 unmapped 0x00000000
[WARN  mem::bus] Bus fault: read8 unmapped 0x00000000
[WARN  mem::bus] Bus fault: read8 unmapped 0x00000000
[WARN  mem::bus] Bus fault: read8 unmapped 0x00000000
[WARN  mem::bus] Bus fault: read8 unmapped 0x00000000
[WARN  mem::bus] Bus fault: read8 unmapped 0x00000000
[WARN  mem::bus] Bus fault: read8 unmapped 0x00000000
[WARN  mem::bus] Bus fault: read8 unmapped 0x00000000
[WARN  mem::bus] Bus fault: read8 unmapped 0x00000000
[WARN  mem::bus] Bus fault: read8 unmapped 0x00000000
[WARN  mem::bus] Bus fault: read8 unmapped 0x00000000
[WARN  mem::bus] Bus fault: read8 unmapped 0x00000000
[WARN  mem::bus] Bus fault: read8 unmapped 0x00000000
[WARN  mem::bus] Bus fault: read8 unmapped 0x00000000
[WARN  mem::bus] Bus fault: read8 unmapped 0x00000000
[WARN  mem::bus] Bus fault: read8 unmapped 0x00000000
[WARN  mem::bus] Bus fault: read8 unmapped 0x00000000
[WARN  mem::bus] Bus fault: read8 unmapped 0x00000000
[WARN  mem::bus] Bus fault: read8 unmapped 0x00000000
[WARN  mem::bus] Bus fault: read8 unmapped 0x00000000
[WARN  mem::bus] Bus fault: read8 unmapped 0x00000000
[WARN  mem::bus] Bus fault: read8 unmapped 0x00000000
[WARN  mem::bus] Bus fault: read8 unmapped 0x00000000
[WARN  mem::bus] Bus fault: read8 unmapped 0x00000000
[WARN  mem::bus] Bus fault: read8 unmapped 0x00000000
[WARN  mem::bus] Bus fault: read8 unmapped 0x00000000
[WARN  mem::bus] Bus fault: read8 unmapped 0x00000000
[WARN  mem::bus] Bus fault: read8 unmapped 0x00000000
[WARN  mem::bus] Bus fault: read8 unmapped 0x00000000
[WARN  mem::bus] Bus fault: read8 unmapped 0x00000000
[WARN  mem::bus] Bus fault: read8 unmapped 0x00000000
[WARN  mem::bus] Bus fault: read8 unmapped 0x00000000
[WARN  mem::bus] Bus fault: read8 unmapped 0x00000000
[WARN  mem::bus] Bus fault: read8 unmapped 0x00000000
[WARN  mem::bus] Bus fault: read8 unmapped 0x00000000
[WARN  mem::bus] Bus fault: read8 unmapped 0x00000000
[WARN  mem::bus] Bus fault: read8 unmapped 0x00000000
[WARN  mem::bus] Bus fault: read8 unmapped 0x00000000
[WARN  mem::bus] Bus fault: read8 unmapped 0x00000000
[WARN  mem::bus] Bus fault: read8 unmapped 0x00000000
[WARN  mem::bus] Bus fault: read8 unmapped 0x00000000
[WARN  mem::bus] Bus fault: read8 unmapped 0x00000000
[WARN  mem::bus] Bus fault: read8 unmapped 0x00000000
[WARN  mem::bus] Bus fault: read8 unmapped 0x00000000
[WARN  mem::bus] Bus fault: read8 unmapped 0x00000000
[WARN  mem::bus] Bus fault: read8 unmapped 0x00000000
[WARN  mem::bus] Bus fault: read8 unmapped 0x00000000
[WARN  mem::bus] Bus fault: read8 unmapped 0x00000000
[WARN  mem::bus] Bus fault: read8 unmapped 0x00000000
[WARN  mem::bus] Bus fault: read8 unmapped 0x00000000
[WARN  mem::bus] Bus fault: read8 unmapped 0x00000000
[WARN  mem::bus] Bus fault: read8 unmapped 0x00000000
[WARN  mem::bus] Bus fault: read8 unmapped 0x00000000
[WARN  mem::bus] Bus fault: read8 unmapped 0x00000000
[WARN  mem::bus] Bus fault: read8 unmapped 0x00000000
[WARN  mem::bus] Bus fault: read8 unmapped 0x00000000
[WARN  mem::bus] Bus fault: read8 unmapped 0x00000000
[WARN  mem::bus] Bus fault: read8 unmapped 0x00000000
[WARN  mem::bus] Bus fault: read8 unmapped 0x00000000
[WARN  mem::bus] Bus fault: read8 unmapped 0x00000000
[WARN  mem::bus] Bus fault: read8 unmapped 0x00000000
[WARN  mem::bus] Bus fault: read8 unmapped 0x00000000
[WARN  mem::bus] Bus fault: read8 unmapped 0x00000000
[WARN  mem::bus] Bus fault: read8 unmapped 0x00000000
[WARN  mem::bus] Bus fault: read8 unmapped 0x00000000
[WARN  mem::bus] Bus fault: read8 unmapped 0x00000000
[WARN  mem::bus] Bus fault: read8 unmapped 0x00000000
[WARN  mem::bus] Bus fault: read8 unmapped 0x00000000
[WARN  mem::bus] Bus fault: read8 unmapped 0x00000000
[WARN  mem::bus] Bus fault: read8 unmapped 0x00000000
[WARN  mem::bus] Bus fault: read8 unmapped 0x00000000
[WARN  mem::bus] Bus fault: read8 unmapped 0x00000000
[WARN  mem::bus] Bus fault: read8 unmapped 0x00000000
[WARN  mem::bus] Bus fault: read8 unmapped 0x00000000
[WARN  mem::bus] Bus fault: read8 unmapped 0x00000000
[WARN  mem::bus] Bus fault: read8 unmapped 0x00000000
[WARN  mem::bus] Bus fault: read8 unmapped 0x00000000
[WARN  mem::bus] Bus fault: read8 unmapped 0x00000000
[WARN  mem::bus] Bus fault: read8 unmapped 0x00000000
[WARN  mem::bus] Bus fault: read8 unmapped 0x00000000
[WARN  mem::bus] Bus fault: read8 unmapped 0x00000000
[WARN  mem::bus] Bus fault: read8 unmapped 0x00000000
[WARN  mem::bus] Bus fault: read8 unmapped 0x00000000
[WARN  mem::bus] Bus fault: read8 unmapped 0x00000000
[WARN  mem::bus] Bus fault: read8 unmapped 0x00000000
[WARN  mem::bus] Bus fault: read8 unmapped 0x00000000
[WARN  mem::bus] Bus fault: read8 unmapped 0x00000000
[WARN  mem::bus] Bus fault: read8 unmapped 0x00000000
[WARN  mem::bus] Bus fault: read8 unmapped 0x00000000
[WARN  mem::bus] Bus fault: read8 unmapped 0x00000000
[WARN  mem::bus] Bus fault: read8 unmapped 0x00000000
[WARN  mem::bus] Bus fault: read8 unmapped 0x00000000
[WARN  mem::bus] Bus fault: read8 unmapped 0x00000000
[WARN  mem::bus] Bus fault: read8 unmapped 0x00000000
[WARN  mem::bus] Bus fault: read8 unmapped 0x00000000
[WARN  mem::bus] Bus fault: read8 unmapped 0x00000000
[WARN  mem::bus] Bus fault: read8 unmapped 0x00000000
[WARN  mem::bus] Bus fault: read8 unmapped 0x00000000
[WARN  mem::bus] Bus fault: read8 unmapped 0x00000000
[WARN  mem::bus] Bus fault: read8 unmapped 0x00000000
[WARN  mem::bus] Bus fault: read8 unmapped 0x00000000
[WARN  mem::bus] Bus fault: read8 unmapped 0x00000000
[WARN  mem::bus] Bus fault: read8 unmapped 0x00000000
[WARN  mem::bus] Bus fault: read8 unmapped 0x00000000
[WARN  mem::bus] Bus fault: read8 unmapped 0x00000000
[WARN  mem::bus] Bus fault: read8 unmapped 0x00000000
[WARN  mem::bus] Bus fault: read8 unmapped 0x00000000
[WARN  mem::bus] Bus fault: read8 unmapped 0x00000000
[WARN  mem::bus] Bus fault: read8 unmapped 0x00000000
[WARN  mem::bus] Bus fault: read8 unmapped 0x00000000
[WARN  mem::bus] Bus fault: read8 unmapped 0x00000000
[WARN  mem::bus] Bus fault: read8 unmapped 0x00000000
[WARN  mem::bus] Bus fault: read8 unmapped 0x00000000
[WARN  mem::bus] Bus fault: read8 unmapped 0x00000000
[WARN  mem::bus] Bus fault: read8 unmapped 0x00000000
[WARN  mem::bus] Bus fault: read8 unmapped 0x00000000
[WARN  mem::bus] Bus fault: read8 unmapped 0x00000000
[WARN  mem::bus] Bus fault: read8 unmapped 0x00000000
[WARN  mem::bus] Bus fault: read8 unmapped 0x00000000
[WARN  mem::bus] Bus fault: read8 unmapped 0x00000000
[WARN  mem::bus] Bus fault: read8 unmapped 0x00000000
[WARN  mem::bus] Bus fault: read8 unmapped 0x00000000
[WARN  mem::bus] Bus fault: read8 unmapped 0x00000000
[WARN  mem::bus] Bus fault: read8 unmapped 0x00000000
[WARN  mem::bus] Bus fault: read8 unmapped 0x00000000
[WARN  mem::bus] Bus fault: read8 unmapped 0x00000000
[WARN  mem::bus] Bus fault: read8 unmapped 0x00000000
[WARN  mem::bus] Bus fault: read8 unmapped 0x00000000
[WARN  mem::bus] Bus fault: read8 unmapped 0x00000000
[WARN  mem::bus] Bus fault: read8 unmapped 0x00000000
[WARN  mem::bus] Bus fault: read8 unmapped 0x00000000
[WARN  mem::bus] Bus fault: read8 unmapped 0x00000000
[WARN  mem::bus] Bus fault: read8 unmapped 0x00000000
[WARN  mem::bus] Bus fault: read8 unmapped 0x00000000
[WARN  mem::bus] Bus fault: read8 unmapped 0x00000000
[WARN  mem::bus] Bus fault: read8 unmapped 0x00000000
[WARN  mem::bus] Bus fault: read8 unmapped 0x00000000
[WARN  mem::bus] Bus fault: read8 unmapped 0x00000000
[WARN  mem::bus] Bus fault: read8 unmapped 0x00000000
[WARN  mem::bus] Bus fault: read8 unmapped 0x00000000
[WARN  mem::bus] Bus fault: read8 unmapped 0x00000000
[WARN  mem::bus] Bus fault: read8 unmapped 0x00000000
[WARN  mem::bus] Bus fault: read8 unmapped 0x00000000
[WARN  mem::bus] Bus fault: read8 unmapped 0x00000000
[WARN  mem::bus] Bus fault: read8 unmapped 0x00000000
[WARN  mem::bus] Bus fault: read8 unmapped 0x00000000
[WARN  mem::bus] Bus fault: read8 unmapped 0x00000000
[WARN  mem::bus] Bus fault: read8 unmapped 0x00000000
[WARN  mem::bus] Bus fault: read8 unmapped 0x00000000
[WARN  mem::bus] Bus fault: read8 unmapped 0x00000000
[WARN  mem::bus] Bus fault: read8 unmapped 0x00000000
[WARN  mem::bus] Bus fault: read8 unmapped 0x00000000
[WARN  mem::bus] Bus fault: read8 unmapped 0x00000000
[WARN  mem::bus] Bus fault: read8 unmapped 0x00000000
[WARN  mem::bus] Bus fault: read8 unmapped 0x00000000
[WARN  mem::bus] Bus fault: read8 unmapped 0x00000000
[WARN  mem::bus] Bus fault: read8 unmapped 0x00000000
[WARN  mem::bus] Bus fault: read8 unmapped 0x00000000
[WARN  mem::bus] Bus fault: read8 unmapped 0x00000000
[WARN  mem::bus] Bus fault: read8 unmapped 0x00000000
[WARN  mem::bus] Bus fault: read8 unmapped 0x00000000
[WARN  mem::bus] Bus fault: read8 unmapped 0x00000000
[WARN  mem::bus] Bus fault: read8 unmapped 0x00000000
[WARN  mem::bus] Bus fault: read8 unmapped 0x00000000
[WARN  mem::bus] Bus fault: read8 unmapped 0x00000000
[WARN  mem::bus] Bus fault: read8 unmapped 0x00000000
[WARN  mem::bus] Bus fault: read8 unmapped 0x00000000
[WARN  mem::bus] Bus fault: read8 unmapped 0x00000000
[WARN  mem::bus] Bus fault: read8 unmapped 0x00000000
[WARN  mem::bus] Bus fault: read8 unmapped 0x00000000
[WARN  mem::bus] Bus fault: read8 unmapped 0x00000000
[WARN  mem::bus] Bus fault: read8 unmapped 0x00000000
[WARN  mem::bus] Bus fault: read8 unmapped 0x00000000
[WARN  mem::bus] Bus fault: read8 unmapped 0x00000000
[WARN  mem::bus] Bus fault: read8 unmapped 0x00000000
[WARN  mem::bus] Bus fault: read8 unmapped 0x00000000
[WARN  mem::bus] Bus fault: read8 unmapped 0x00000000
[WARN  mem::bus] Bus fault: read8 unmapped 0x00000000
[WARN  mem::bus] Bus fault: read8 unmapped 0x00000000
[WARN  mem::bus] Bus fault: read8 unmapped 0x00000000
[WARN  mem::bus] Bus fault: read8 unmapped 0x00000000
[WARN  mem::bus] Bus fault: read8 unmapped 0x00000000
[WARN  mem::bus] Bus fault: read8 unmapped 0x00000000
[WARN  mem::bus] Bus fault: read8 unmapped 0x00000000
[WARN  mem::bus] Bus fault: read8 unmapped 0x00000000
[WARN  mem::bus] Bus fault: read8 unmapped 0x00000000
[WARN  mem::bus] Bus fault: read8 unmapped 0x00000000
[WARN  mem::bus] Bus fault: read8 unmapped 0x00000000
[WARN  mem::bus] Bus fault: read8 unmapped 0x00000000
[WARN  mem::bus] Bus fault: read8 unmapped 0x00000000
[WARN  mem::bus] Bus fault: read8 unmapped 0x00000000
[WARN  mem::bus] Bus fault: read8 unmapped 0x00000000
[WARN  mem::bus] Bus fault: read8 unmapped 0x00000000
[WARN  mem::bus] Bus fault: read8 unmapped 0x00000000
[WARN  mem::bus] Bus fault: read8 unmapped 0x00000000
[WARN  mem::bus] Bus fault: read8 unmapped 0x00000000
[WARN  mem::bus] Bus fault: read8 unmapped 0x00000000
[WARN  mem::bus] Bus fault: read8 unmapped 0x00000000
[WARN  mem::bus] Bus fault: read8 unmapped 0x00000000
[WARN  mem::bus] Bus fault: read8 unmapped 0x00000000
[WARN  mem::bus] Bus fault: read8 unmapped 0x00000000
[WARN  mem::bus] Bus fault: read8 unmapped 0x00000000
[WARN  mem::bus] Bus fault: read8 unmapped 0x00000000
[WARN  mem::bus] Bus fault: read8 unmapped 0x00000000
[WARN  mem::bus] Bus fault: read8 unmapped 0x00000000
[WARN  mem::bus] Bus fault: read8 unmapped 0x00000000
[WARN  mem::bus] Bus fault: read8 unmapped 0x00000000
[WARN  mem::bus] Bus fault: read8 unmapped 0x00000000
[WARN  mem::bus] Bus fault: read8 unmapped 0x00000000
[WARN  mem::bus] Bus fault: read8 unmapped 0x00000000
[WARN  mem::bus] Bus fault: read8 unmapped 0x00000000
[WARN  mem::bus] Bus fault: read8 unmapped 0x00000000
[WARN  mem::bus] Bus fault: read8 unmapped 0x00000000
[WARN  mem::bus] Bus fault: read8 unmapped 0x00000000
[WARN  mem::bus] Bus fault: read8 unmapped 0x00000000
[WARN  mem::bus] Bus fault: read8 unmapped 0x00000000
[WARN  mem::bus] Bus fault: read8 unmapped 0x00000000
[WARN  mem::bus] Bus fault: read8 unmapped 0x00000000
[WARN  mem::bus] Bus fault: read8 unmapped 0x00000000
[WARN  mem::bus] Bus fault: read8 unmapped 0x00000000
[WARN  mem::bus] Bus fault: read8 unmapped 0x00000000
[WARN  mem::bus] Bus fault: read8 unmapped 0x00000000
[WARN  mem::bus] Bus fault: read8 unmapped 0x00000000
[WARN  mem::bus] Bus fault: read8 unmapped 0x00000000
[WARN  mem::bus] Bus fault: read8 unmapped 0x00000000
[WARN  mem::bus] Bus fault: read8 unmapped 0x00000000
[WARN  mem::bus] Bus fault: read8 unmapped 0x00000000
[WARN  mem::bus] Bus fault: read8 unmapped 0x00000000
[WARN  mem::bus] Bus fault: read8 unmapped 0x00000000
[WARN  mem::bus] Bus fault: read8 unmapped 0x00000000
[WARN  mem::bus] Bus fault: read8 unmapped 0x00000000
[WARN  mem::bus] Bus fault: read8 unmapped 0x00000000
[WARN  mem::bus] Bus fault: read8 unmapped 0x00000000
[WARN  mem::bus] Bus fault: read8 unmapped 0x00000000
[WARN  mem::bus] Bus fault: read8 unmapped 0x00000000
[WARN  mem::bus] Bus fault: read8 unmapped 0x00000000
[WARN  mem::bus] Bus fault: read8 unmapped 0x00000000
[WARN  mem::bus] Bus fault: read8 unmapped 0x00000000
[WARN  mem::bus] Bus fault: read8 unmapped 0x00000000
[WARN  mem::bus] Bus fault: read8 unmapped 0x00000000
[WARN  mem::bus] Bus fault: read8 unmapped 0x00000000
[WARN  mem::bus] Bus fault: read8 unmapped 0x00000000
[WARN  mem::bus] Bus fault: read8 unmapped 0x00000000
[WARN  mem::bus] Bus fault: read8 unmapped 0x00000000
[WARN  mem::bus] Bus fault: read8 unmapped 0x00000000
[WARN  mem::bus] Bus fault: read8 unmapped 0x00000000
[WARN  mem::bus] Bus fault: read8 unmapped 0x00000000
[WARN  mem::bus] Bus fault: read8 unmapped 0x00000000
[WARN  mem::bus] Bus fault: read8 unmapped 0x00000000
[WARN  mem::bus] Bus fault: read8 unmapped 0x00000000
[WARN  mem::bus] Bus fault: read8 unmapped 0x00000000
[WARN  mem::bus] Bus fault: read8 unmapped 0x00000000
[WARN  mem::bus] Bus fault: read8 unmapped 0x00000000
[WARN  mem::bus] Bus fault: read8 unmapped 0x00000000
[WARN  mem::bus] Bus fault: read8 unmapped 0x00000000
[WARN  mem::bus] Bus fault: read8 unmapped 0x00000000
[WARN  mem::bus] Bus fault: read8 unmapped 0x00000000
[WARN  mem::bus] Bus fault: read8 unmapped 0x00000000
[WARN  mem::bus] Bus fault: read8 unmapped 0x00000000
[WARN  mem::bus] Bus fault: read8 unmapped 0x00000000
[WARN  mem::bus] Bus fault: read8 unmapped 0x00000000
[WARN  mem::bus] Bus fault: read8 unmapped 0x00000000
[WARN  mem::bus] Bus fault: read8 unmapped 0x00000000
[WARN  mem::bus] Bus fault: read8 unmapped 0x00000000
[WARN  mem::bus] Bus fault: read8 unmapped 0x00000000
[WARN  mem::bus] Bus fault: read8 unmapped 0x00000000
[WARN  mem::bus] Bus fault: read8 unmapped 0x00000000
[WARN  mem::bus] Bus fault: read8 unmapped 0x00000000
[WARN  mem::bus] Bus fault: read8 unmapped 0x00000000
[WARN  mem::bus] Bus fault: read8 unmapped 0x00000000
[WARN  mem::bus] Bus fault: read8 unmapped 0x00000000
[WARN  mem::bus] Bus fault: read8 unmapped 0x00000000
[WARN  mem::bus] Bus fault: read8 unmapped 0x00000000
[WARN  mem::bus] Bus fault: read8 unmapped 0x00000000
[WARN  mem::bus] Bus fault: read8 unmapped 0x00000000
[WARN  mem::bus] Bus fault: read8 unmapped 0x00000000
[WARN  mem::bus] Bus fault: read8 unmapped 0x00000000
[WARN  mem::bus] Bus fault: read8 unmapped 0x00000000
[WARN  mem::bus] Bus fault: read8 unmapped 0x00000000
[WARN  mem::bus] Bus fault: read8 unmapped 0x00000000
[WARN  mem::bus] Bus fault: read8 unmapped 0x00000000
[WARN  mem::bus] Bus fault: read8 unmapped 0x00000000
[WARN  mem::bus] Bus fault: read8 unmapped 0x00000000
[WARN  mem::bus] Bus fault: read8 unmapped 0x00000000
[WARN  mem::bus] Bus fault: read8 unmapped 0x00000000
[WARN  mem::bus] Bus fault: read8 unmapped 0x00000000
[WARN  mem::bus] Bus fault: read8 unmapped 0x00000000
[WARN  mem::bus] Bus fault: read8 unmapped 0x00000000
[WARN  mem::bus] Bus fault: read8 unmapped 0x00000000
[WARN  mem::bus] Bus fault: read8 unmapped 0x00000000
[WARN  mem::bus] Bus fault: read8 unmapped 0x00000000
[WARN  mem::bus] Bus fault: read8 unmapped 0x00000000
[WARN  mem::bus] Bus fault: read8 unmapped 0x00000000
[WARN  mem::bus] Bus fault: read8 unmapped 0x00000000
[WARN  mem::bus] Bus fault: read8 unmapped 0x00000000
[WARN  mem::bus] Bus fault: read8 unmapped 0x00000000
[WARN  mem::bus] Bus fault: read8 unmapped 0x00000000
[WARN  mem::bus] Bus fault: read8 unmapped 0x00000000
[WARN  mem::bus] Bus fault: read8 unmapped 0x00000000
[WARN  mem::bus] Bus fault: read8 unmapped 0x00000000
[WARN  mem::bus] Bus fault: read8 unmapped 0x00000000
[WARN  mem::bus] Bus fault: read8 unmapped 0x00000000
[WARN  mem::bus] Bus fault: read8 unmapped 0x00000000
[WARN  mem::bus] Bus fault: read8 unmapped 0x00000000
[WARN  mem::bus] Bus fault: read8 unmapped 0x00000000
[WARN  mem::bus] Bus fault: read8 unmapped 0x00000000
[WARN  mem::bus] Bus fault: read8 unmapped 0x00000000
[WARN  mem::bus] Bus fault: read8 unmapped 0x00000000
[WARN  mem::bus] Bus fault: read8 unmapped 0x00000000
[WARN  mem::bus] Bus fault: read8 unmapped 0x00000000
[WARN  mem::bus] Bus fault: read8 unmapped 0x00000000
[WARN  mem::bus] Bus fault: read8 unmapped 0x00000000
[WARN  mem::bus] Bus fault: read8 unmapped 0x00000000
[WARN  mem::bus] Bus fault: read8 unmapped 0x00000000
[WARN  mem::bus] Bus fault: read8 unmapped 0x00000000
[WARN  mem::bus] Bus fault: read8 unmapped 0x00000000
[WARN  mem::bus] Bus fault: read8 unmapped 0x00000000
[WARN  mem::bus] Bus fault: read8 unmapped 0x00000000
[WARN  mem::bus] Bus fault: read8 unmapped 0x00000000
[WARN  mem::bus] Bus fault: read8 unmapped 0x00000000
[WARN  mem::bus] Bus fault: read8 unmapped 0x00000000
[WARN  mem::bus] Bus fault: read8 unmapped 0x00000000
[WARN  mem::bus] Bus fault: read8 unmapped 0x00000000
[WARN  mem::bus] Bus fault: read8 unmapped 0x00000000
[WARN  mem::bus] Bus fault: read8 unmapped 0x00000000
[WARN  mem::bus] Bus fault: read8 unmapped 0x00000000
[WARN  mem::bus] Bus fault: read8 unmapped 0x00000000
[WARN  mem::bus] Bus fault: read8 unmapped 0x00000000
[WARN  mem::bus] Bus fault: read8 unmapped 0x00000000
[WARN  mem::bus] Bus fault: read8 unmapped 0x00000000
[WARN  mem::bus] Bus fault: read8 unmapped 0x00000000
[WARN  mem::bus] Bus fault: read8 unmapped 0x00000000
[WARN  mem::bus] Bus fault: read8 unmapped 0x00000000
[WARN  mem::bus] Bus fault: read8 unmapped 0x00000000
[WARN  mem::bus] Bus fault: read8 unmapped 0x00000000
[WARN  mem::bus] Bus fault: read8 unmapped 0x00000000
[WARN  mem::bus] Bus fault: read8 unmapped 0x00000000
[WARN  mem::bus] Bus fault: read8 unmapped 0x00000000
[WARN  mem::bus] Bus fault: read8 unmapped 0x00000000
[WARN  mem::bus] Bus fault: read8 unmapped 0x00000000
[WARN  mem::bus] Bus fault: read8 unmapped 0x00000000
[WARN  mem::bus] Bus fault: read8 unmapped 0x00000000
[WARN  mem::bus] Bus fault: read8 unmapped 0x00000000
[WARN  mem::bus] Bus fault: read8 unmapped 0x00000000
[WARN  mem::bus] Bus fault: read8 unmapped 0x00000000
[WARN  mem::bus] Bus fault: read8 unmapped 0x00000000
[WARN  mem::bus] Bus fault: read8 unmapped 0x00000000
[WARN  mem::bus] Bus fault: read8 unmapped 0x00000000
[WARN  mem::bus] Bus fault: read8 unmapped 0x00000000
[WARN  mem::bus] Bus fault: read8 unmapped 0x00000000
[WARN  mem::bus] Bus fault: read8 unmapped 0x00000000
[WARN  mem::bus] Bus fault: read8 unmapped 0x00000000
[WARN  mem::bus] Bus fault: read8 unmapped 0x00000000
[WARN  mem::bus] Bus fault: read8 unmapped 0x00000000
[WARN  mem::bus] Bus fault: read8 unmapped 0x00000000
[WARN  mem::bus] Bus fault: read8 unmapped 0x00000000
[WARN  mem::bus] Bus fault: read8 unmapped 0x00000000
[WARN  mem::bus] Bus fault: read8 unmapped 0x00000000
[WARN  mem::bus] Bus fault: read8 unmapped 0x00000000
[WARN  mem::bus] Bus fault: read8 unmapped 0x00000000
[WARN  mem::bus] Bus fault: read8 unmapped 0x00000000
[WARN  mem::bus] Bus fault: read8 unmapped 0x00000000
[WARN  mem::bus] Bus fault: read8 unmapped 0x00000000
[WARN  mem::bus] Bus fault: read8 unmapped 0x00000000
[WARN  mem::bus] Bus fault: read8 unmapped 0x00000000
[WARN  mem::bus] Bus fault: read8 unmapped 0x00000000
[WARN  mem::bus] Bus fault: read8 unmapped 0x00000000
[WARN  mem::bus] Bus fault: read8 unmapped 0x00000000
[WARN  mem::bus] Bus fault: read8 unmapped 0x00000000
[WARN  mem::bus] Bus fault: read8 unmapped 0x00000000
[WARN  mem::bus] Bus fault: read8 unmapped 0x00000000
[WARN  mem::bus] Bus fault: read8 unmapped 0x00000000
[WARN  mem::bus] Bus fault: read8 unmapped 0x00000000
[WARN  mem::bus] Bus fault: read8 unmapped 0x00000000
[WARN  mem::bus] Bus fault: read8 unmapped 0x00000000
[WARN  mem::bus] Bus fault: read8 unmapped 0x00000000
[WARN  mem::bus] Bus fault: read8 unmapped 0x00000000
[WARN  mem::bus] Bus fault: read8 unmapped 0x00000000
[WARN  mem::bus] Bus fault: read8 unmapped 0x00000000
[WARN  mem::bus] Bus fault: read8 unmapped 0x00000000
[WARN  mem::bus] Bus fault: read8 unmapped 0x00000000
[WARN  mem::bus] Bus fault: read8 unmapped 0x00000000
[WARN  mem::bus] Bus fault: read8 unmapped 0x00000000
[WARN  mem::bus] Bus fault: read8 unmapped 0x00000000
[WARN  mem::bus] Bus fault: read8 unmapped 0x00000000
[WARN  mem::bus] Bus fault: read8 unmapped 0x00000000
[WARN  mem::bus] Bus fault: read8 unmapped 0x00000000
[WARN  mem::bus] Bus fault: read8 unmapped 0x00000000
[WARN  mem::bus] Bus fault: read8 unmapped 0x00000000
[WARN  mem::bus] Bus fault: read8 unmapped 0x00000000
[WARN  mem::bus] Bus fault: read8 unmapped 0x00000000
[WARN  mem::bus] Bus fault: read8 unmapped 0x00000000
[WARN  mem::bus] Bus fault: read8 unmapped 0x00000000
[WARN  mem::bus] Bus fault: read8 unmapped 0x00000000
[WARN  mem::bus] Bus fault: read8 unmapped 0x00000000
[WARN  mem::bus] Bus fault: read8 unmapped 0x00000000
[WARN  mem::bus] Bus fault: read8 unmapped 0x00000000
[WARN  mem::bus] Bus fault: read8 unmapped 0x00000000
[WARN  mem::bus] Bus fault: read8 unmapped 0x00000000
[WARN  mem::bus] Bus fault: read8 unmapped 0x00000000
[WARN  mem::bus] Bus fault: read8 unmapped 0x00000000
[WARN  mem::bus] Bus fault: read8 unmapped 0x00000000
[WARN  mem::bus] Bus fault: read8 unmapped 0x00000000
[WARN  mem::bus] Bus fault: read8 unmapped 0x00000000
[WARN  mem::bus] Bus fault: read8 unmapped 0x00000000
[WARN  mem::bus] Bus fault: read8 unmapped 0x00000000
[WARN  mem::bus] Bus fault: read8 unmapped 0x00000000
[WARN  mem::bus] Bus fault: read8 unmapped 0x00000000
[WARN  mem::bus] Bus fault: read8 unmapped 0x00000000
[WARN  mem::bus] Bus fault: read8 unmapped 0x00000000
[WARN  mem::bus] Bus fault: read8 unmapped 0x00000000
[WARN  mem::bus] Bus fault: read8 unmapped 0x00000000
[WARN  mem::bus] Bus fault: read8 unmapped 0x00000000
[WARN  mem::bus] Bus fault: read8 unmapped 0x00000000
[WARN  mem::bus] Bus fault: read8 unmapped 0x00000000
[WARN  mem::bus] Bus fault: read8 unmapped 0x00000000
[WARN  mem::bus] Bus fault: read8 unmapped 0x00000000
[WARN  mem::bus] Bus fault: read8 unmapped 0x00000000
[WARN  mem::bus] Bus fault: read8 unmapped 0x00000000
[WARN  mem::bus] Bus fault: read8 unmapped 0x00000000
[WARN  mem::bus] Bus fault: read8 unmapped 0x00000000
[WARN  mem::bus] Bus fault: read8 unmapped 0x00000000
[WARN  mem::bus] Bus fault: read8 unmapped 0x00000000
[WARN  mem::bus] Bus fault: read8 unmapped 0x00000000
[WARN  mem::bus] Bus fault: read8 unmapped 0x00000000
[WARN  mem::bus] Bus fault: read8 unmapped 0x00000000
[WARN  mem::bus] Bus fault: read8 unmapped 0x00000000
[WARN  mem::bus] Bus fault: read8 unmapped 0x00000000
[WARN  mem::bus] Bus fault: read8 unmapped 0x00000000
[WARN  mem::bus] Bus fault: read8 unmapped 0x00000000
[WARN  mem::bus] Bus fault: read8 unmapped 0x00000000
[WARN  mem::bus] Bus fault: read8 unmapped 0x00000000
[WARN  mem::bus] Bus fault: read8 unmapped 0x00000000
[WARN  mem::bus] Bus fault: read8 unmapped 0x00000000
[WARN  mem::bus] Bus fault: read8 unmapped 0x00000000
[WARN  mem::bus] Bus fault: read8 unmapped 0x00000000
[WARN  mem::bus] Bus fault: read8 unmapped 0x00000000
[WARN  mem::bus] Bus fault: read8 unmapped 0x00000000
[WARN  mem::bus] Bus fault: read8 unmapped 0x00000000
[WARN  mem::bus] Bus fault: read8 unmapped 0x00000000
[WARN  mem::bus] Bus fault: read8 unmapped 0x00000000
[WARN  mem::bus] Bus fault: read8 unmapped 0x00000000
[WARN  mem::bus] Bus fault: read8 unmapped 0x00000000
[WARN  mem::bus] Bus fault: read8 unmapped 0x00000000
[WARN  mem::bus] Bus fault: read8 unmapped 0x00000000
[WARN  mem::bus] Bus fault: read8 unmapped 0x00000000
[WARN  mem::bus] Bus fault: read8 unmapped 0x00000000
[WARN  mem::bus] Bus fault: read8 unmapped 0x00000000
[WARN  mem::bus] Bus fault: read8 unmapped 0x00000000
[WARN  mem::bus] Bus fault: read8 unmapped 0x00000000
[WARN  mem::bus] Bus fault: read8 unmapped 0x00000000
[WARN  mem::bus] Bus fault: read8 unmapped 0x00000000
[WARN  mem::bus] Bus fault: read8 unmapped 0x00000000
[WARN  mem::bus] Bus fault: read8 unmapped 0x00000000
[WARN  mem::bus] Bus fault: read8 unmapped 0x00000000
[WARN  mem::bus] Bus fault: read8 unmapped 0x00000000
[WARN  mem::bus] Bus fault: read8 unmapped 0x00000000
[WARN  mem::bus] Bus fault: read8 unmapped 0x00000000
[WARN  mem::bus] Bus fault: read8 unmapped 0x00000000
[WARN  mem::bus] Bus fault: read8 unmapped 0x00000000
[WARN  mem::bus] Bus fault: read8 unmapped 0x00000000
[WARN  mem::bus] Bus fault: read8 unmapped 0x00000000
[WARN  mem::bus] Bus fault: read8 unmapped 0x00000000
[WARN  mem::bus] Bus fault: read8 unmapped 0x00000000
[WARN  mem::bus] Bus fault: read8 unmapped 0x00000000
[WARN  mem::bus] Bus fault: read8 unmapped 0x00000000
[WARN  mem::bus] Bus fault: read8 unmapped 0x00000000
[WARN  mem::bus] Bus fault: read8 unmapped 0x00000000
[WARN  mem::bus] Bus fault: read8 unmapped 0x00000000
[WARN  mem::bus] Bus fault: read8 unmapped 0x00000000
[WARN  mem::bus] Bus fault: read8 unmapped 0x00000000
[WARN  mem::bus] Bus fault: read8 unmapped 0x00000000
[WARN  mem::bus] Bus fault: read8 unmapped 0x00000000
[WARN  mem::bus] Bus fault: read8 unmapped 0x00000000
[WARN  mem::bus] Bus fault: read8 unmapped 0x00000000
[WARN  mem::bus] Bus fault: read8 unmapped 0x00000000
[WARN  mem::bus] Bus fault: read8 unmapped 0x00000000
[WARN  mem::bus] Bus fault: read8 unmapped 0x00000000
[WARN  mem::bus] Bus fault: read8 unmapped 0x00000000
[WARN  mem::bus] Bus fault: read8 unmapped 0x00000000
[WARN  mem::bus] Bus fault: read8 unmapped 0x00000000
[WARN  mem::bus] Bus fault: read8 unmapped 0x00000000
[WARN  mem::bus] Bus fault: read8 unmapped 0x00000000
[WARN  mem::bus] Bus fault: read8 unmapped 0x00000000
[WARN  mem::bus] Bus fault: read8 unmapped 0x00000000
[WARN  mem::bus] Bus fault: read8 unmapped 0x00000000
[WARN  mem::bus] Bus fault: read8 unmapped 0x00000000
[WARN  mem::bus] Bus fault: read8 unmapped 0x00000000
[WARN  mem::bus] Bus fault: read8 unmapped 0x00000000
[WARN  mem::bus] Bus fault: read8 unmapped 0x00000000
[WARN  mem::bus] Bus fault: read8 unmapped 0x00000000
[WARN  mem::bus] Bus fault: read8 unmapped 0x00000000
[WARN  mem::bus] Bus fault: read8 unmapped 0x00000000
[WARN  mem::bus] Bus fault: read8 unmapped 0x00000000
[WARN  mem::bus] Bus fault: read8 unmapped 0x00000000
[WARN  mem::bus] Bus fault: read8 unmapped 0x00000000
[WARN  mem::bus] Bus fault: read8 unmapped 0x00000000
[WARN  mem::bus] Bus fault: read8 unmapped 0x00000000
[WARN  mem::bus] Bus fault: read8 unmapped 0x00000000
[WARN  mem::bus] Bus fault: read8 unmapped 0x00000000
[WARN  mem::bus] Bus fault: read8 unmapped 0x00000000
[WARN  mem::bus] Bus fault: read8 unmapped 0x00000000
[WARN  mem::bus] Bus fault: read8 unmapped 0x00000000
[WARN  mem::bus] Bus fault: read8 unmapped 0x00000000
[WARN  mem::bus] Bus fault: read8 unmapped 0x00000000
[WARN  mem::bus] Bus fault: read8 unmapped 0x00000000
[WARN  mem::bus] Bus fault: read8 unmapped 0x00000000
[WARN  mem::bus] Bus fault: read8 unmapped 0x00000000
[WARN  mem::bus] Bus fault: read8 unmapped 0x00000000
[WARN  mem::bus] Bus fault: read8 unmapped 0x00000000
[WARN  mem::bus] Bus fault: read8 unmapped 0x00000000
[WARN  mem::bus] Bus fault: read8 unmapped 0x00000000
[WARN  mem::bus] Bus fault: read8 unmapped 0x00000000
[WARN  mem::bus] Bus fault: read8 unmapped 0x00000000
[WARN  mem::bus] Bus fault: read8 unmapped 0x00000000
[WARN  mem::bus] Bus fault: read8 unmapped 0x00000000
[WARN  mem::bus] Bus fault: read8 unmapped 0x00000000
[WARN  mem::bus] Bus fault: read8 unmapped 0x00000000
[WARN  mem::bus] Bus fault: read8 unmapped 0x00000000
[WARN  mem::bus] Bus fault: read8 unmapped 0x00000000
[WARN  mem::bus] Bus fault: read8 unmapped 0x00000000
[WARN  mem::bus] Bus fault: read8 unmapped 0x00000000
[WARN  mem::bus] Bus fault: read8 unmapped 0x00000000
[WARN  mem::bus] Bus fault: read8 unmapped 0x00000000
[WARN  mem::bus] Bus fault: read8 unmapped 0x00000000
[WARN  mem::bus] Bus fault: read8 unmapped 0x00000000
[WARN  mem::bus] Bus fault: read8 unmapped 0x00000000
[WARN  mem::bus] Bus fault: read8 unmapped 0x00000000
[WARN  mem::bus] Bus fault: read8 unmapped 0x00000000
[WARN  mem::bus] Bus fault: read8 unmapped 0x00000000
[WARN  mem::bus] Bus fault: read8 unmapped 0x00000000
[WARN  mem::bus] Bus fault: read8 unmapped 0x00000000
[WARN  mem::bus] Bus fault: read8 unmapped 0x00000000
[WARN  mem::bus] Bus fault: read8 unmapped 0x00000000
[WARN  mem::bus] Bus fault: read8 unmapped 0x00000000
[WARN  mem::bus] Bus fault: read8 unmapped 0x00000000
[WARN  mem::bus] Bus fault: read8 unmapped 0x00000000
[WARN  mem::bus] Bus fault: read8 unmapped 0x00000000
[WARN  mem::bus] Bus fault: read8 unmapped 0x00000000
[WARN  mem::bus] Bus fault: read8 unmapped 0x00000000
[WARN  mem::bus] Bus fault: read8 unmapped 0x00000000
[WARN  mem::bus] Bus fault: read8 unmapped 0x00000000
[WARN  mem::bus] Bus fault: read8 unmapped 0x00000000
[WARN  mem::bus] Bus fault: read8 unmapped 0x00000000
[WARN  mem::bus] Bus fault: read8 unmapped 0x00000000
[WARN  mem::bus] Bus fault: read8 unmapped 0x00000000
[WARN  mem::bus] Bus fault: read8 unmapped 0x00000000
[WARN  mem::bus] Bus fault: read8 unmapped 0x00000000
[WARN  mem::bus] Bus fault: read8 unmapped 0x00000000
[WARN  mem::bus] Bus fault: read8 unmapped 0x00000000
[WARN  mem::bus] Bus fault: read8 unmapped 0x00000000
[WARN  mem::bus] Bus fault: read8 unmapped 0x00000000
[WARN  mem::bus] Bus fault: read8 unmapped 0x00000000
[WARN  mem::bus] Bus fault: read8 unmapped 0x00000000
[WARN  mem::bus] Bus fault: read8 unmapped 0x00000000
[WARN  mem::bus] Bus fault: read8 unmapped 0x00000000
[WARN  mem::bus] Bus fault: read8 unmapped 0x00000000
[WARN  mem::bus] Bus fault: read8 unmapped 0x00000000
[WARN  mem::bus] Bus fault: read8 unmapped 0x00000000
[WARN  mem::bus] Bus fault: read8 unmapped 0x00000000
[WARN  mem::bus] Bus fault: read8 unmapped 0x00000000
[WARN  mem::bus] Bus fault: read8 unmapped 0x00000000
[WARN  mem::bus] Bus fault: read8 unmapped 0x00000000
[WARN  mem::bus] Bus fault: read8 unmapped 0x00000000
[WARN  mem::bus] Bus fault: read8 unmapped 0x00000000
[WARN  mem::bus] Bus fault: read8 unmapped 0x00000000
[WARN  mem::bus] Bus fault: read8 unmapped 0x00000000
[WARN  mem::bus] Bus fault: read8 unmapped 0x00000000
[WARN  mem::bus] Bus fault: read8 unmapped 0x00000000
[WARN  mem::bus] Bus fault: read8 unmapped 0x00000000
[WARN  mem::bus] Bus fault: read8 unmapped 0x00000000
[WARN  mem::bus] Bus fault: read8 unmapped 0x00000000
[WARN  mem::bus] Bus fault: read8 unmapped 0x00000000
[WARN  mem::bus] Bus fault: read8 unmapped 0x00000000
[WARN  mem::bus] Bus fault: read8 unmapped 0x00000000
[WARN  mem::bus] Bus fault: read8 unmapped 0x00000000
[WARN  mem::bus] Bus fault: read8 unmapped 0x00000000
[WARN  mem::bus] Bus fault: read8 unmapped 0x00000000
[WARN  mem::bus] Bus fault: read8 unmapped 0x00000000
[WARN  mem::bus] Bus fault: read8 unmapped 0x00000000
[WARN  mem::bus] Bus fault: read8 unmapped 0x00000000
[WARN  mem::bus] Bus fault: read8 unmapped 0x00000000
[WARN  mem::bus] Bus fault: read8 unmapped 0x00000000
[WARN  mem::bus] Bus fault: read8 unmapped 0x00000000
[WARN  mem::bus] Bus fault: read8 unmapped 0x00000000
[WARN  mem::bus] Bus fault: read8 unmapped 0x00000000
[WARN  mem::bus] Bus fault: read8 unmapped 0x00000000
[WARN  mem::bus] Bus fault: read8 unmapped 0x00000000
[WARN  mem::bus] Bus fault: read8 unmapped 0x00000000
[WARN  mem::bus] Bus fault: read8 unmapped 0x00000000
[WARN  mem::bus] Bus fault: read8 unmapped 0x00000000
[WARN  mem::bus] Bus fault: read8 unmapped 0x00000000
[WARN  mem::bus] Bus fault: read8 unmapped 0x00000000
[WARN  mem::bus] Bus fault: read8 unmapped 0x00000000
[WARN  mem::bus] Bus fault: read8 unmapped 0x00000000
[WARN  mem::bus] Bus fault: read8 unmapped 0x00000000
[WARN  mem::bus] Bus fault: read8 unmapped 0x00000000
[WARN  mem::bus] Bus fault: read8 unmapped 0x00000000
[WARN  mem::bus] Bus fault: read8 unmapped 0x00000000
[WARN  mem::bus] Bus fault: read8 unmapped 0x00000000
[WARN  mem::bus] Bus fault: read8 unmapped 0x00000000
[WARN  mem::bus] Bus fault: read8 unmapped 0x00000000
[WARN  mem::bus] Bus fault: read8 unmapped 0x00000000
[WARN  mem::bus] Bus fault: read8 unmapped 0x00000000
[WARN  mem::bus] Bus fault: read8 unmapped 0x00000000
[WARN  mem::bus] Bus fault: read8 unmapped 0x00000000
[WARN  mem::bus] Bus fault: read8 unmapped 0x00000000
[WARN  mem::bus] Bus fault: read8 unmapped 0x00000000
[WARN  mem::bus] Bus fault: read8 unmapped 0x00000000
[WARN  mem::bus] Bus fault: read8 unmapped 0x00000000
[WARN  mem::bus] Bus fault: read8 unmapped 0x00000000
[WARN  mem::bus] Bus fault: read8 unmapped 0x00000000
[WARN  mem::bus] Bus fault: read8 unmapped 0x00000000
[WARN  mem::bus] Bus fault: read8 unmapped 0x00000000
[WARN  mem::bus] Bus fault: read8 unmapped 0x00000000
[WARN  mem::bus] Bus fault: read8 unmapped 0x00000000
[WARN  mem::bus] Bus fault: read8 unmapped 0x00000000
[WARN  mem::bus] Bus fault: read8 unmapped 0x00000000
[WARN  mem::bus] Bus fault: read8 unmapped 0x00000000
[WARN  mem::bus] Bus fault: read8 unmapped 0x00000000
[WARN  mem::bus] Bus fault: read8 unmapped 0x00000000
[WARN  mem::bus] Bus fault: read8 unmapped 0x00000000
[WARN  mem::bus] Bus fault: read8 unmapped 0x00000000
[WARN  mem::bus] Bus fault: read8 unmapped 0x00000000
[WARN  mem::bus] Bus fault: read8 unmapped 0x00000000
[WARN  mem::bus] Bus fault: read8 unmapped 0x00000000
[WARN  mem::bus] Bus fault: read8 unmapped 0x00000000
[WARN  mem::bus] Bus fault: read8 unmapped 0x00000000
[WARN  mem::bus] Bus fault: read8 unmapped 0x00000000
[WARN  mem::bus] Bus fault: read8 unmapped 0x00000000
[WARN  mem::bus] Bus fault: read8 unmapped 0x00000000
[WARN  mem::bus] Bus fault: read8 unmapped 0x00000000
[WARN  mem::bus] Bus fault: read8 unmapped 0x00000000
[WARN  mem::bus] Bus fault: read8 unmapped 0x00000000
[WARN  mem::bus] Bus fault: read8 unmapped 0x00000000
[WARN  mem::bus] Bus fault: read8 unmapped 0x00000000
[WARN  mem::bus] Bus fault: read8 unmapped 0x00000000
[WARN  mem::bus] Bus fault: read8 unmapped 0x00000000
[WARN  mem::bus] Bus fault: read8 unmapped 0x00000000
[WARN  mem::bus] Bus fault: read8 unmapped 0x00000000
[WARN  mem::bus] Bus fault: read8 unmapped 0x00000000
[WARN  mem::bus] Bus fault: read8 unmapped 0x00000000
[WARN  mem::bus] Bus fault: read8 unmapped 0x00000000
[WARN  mem::bus] Bus fault: read8 unmapped 0x00000000
[WARN  mem::bus] Bus fault: read8 unmapped 0x00000000
[WARN  mem::bus] Bus fault: read8 unmapped 0x00000000
[WARN  mem::bus] Bus fault: read8 unmapped 0x00000000
[WARN  mem::bus] Bus fault: read8 unmapped 0x00000000
[WARN  mem::bus] Bus fault: read8 unmapped 0x00000000
[WARN  mem::bus] Bus fault: read8 unmapped 0x00000000
[WARN  mem::bus] Bus fault: read8 unmapped 0x00000000
[WARN  mem::bus] Bus fault: read8 unmapped 0x00000000
[WARN  mem::bus] Bus fault: read8 unmapped 0x00000000
[WARN  mem::bus] Bus fault: read8 unmapped 0x00000000
[WARN  mem::bus] Bus fault: read8 unmapped 0x00000000
[WARN  mem::bus] Bus fault: read8 unmapped 0x00000000
[WARN  mem::bus] Bus fault: read8 unmapped 0x00000000
[WARN  mem::bus] Bus fault: read8 unmapped 0x00000000
[WARN  mem::bus] Bus fault: read8 unmapped 0x00000000
[WARN  mem::bus] Bus fault: read8 unmapped 0x00000000
[WARN  mem::bus] Bus fault: read8 unmapped 0x00000000
[WARN  mem::bus] Bus fault: read8 unmapped 0x00000000
[WARN  mem::bus] Bus fault: read8 unmapped 0x00000000
[WARN  mem::bus] Bus fault: read8 unmapped 0x00000000
[WARN  mem::bus] Bus fault: read8 unmapped 0x00000000
[WARN  mem::bus] Bus fault: read8 unmapped 0x00000000
[WARN  mem::bus] Bus fault: read8 unmapped 0x00000000
[WARN  mem::bus] Bus fault: read8 unmapped 0x00000000
[WARN  mem::bus] Bus fault: read8 unmapped 0x00000000
[WARN  mem::bus] Bus fault: read8 unmapped 0x00000000
[WARN  mem::bus] Bus fault: read8 unmapped 0x00000000
[WARN  mem::bus] Bus fault: read8 unmapped 0x00000000
[WARN  mem::bus] Bus fault: read8 unmapped 0x00000000
[WARN  mem::bus] Bus fault: read8 unmapped 0x00000000
[WARN  mem::bus] Bus fault: read8 unmapped 0x00000000
[WARN  mem::bus] Bus fault: read8 unmapped 0x00000000
[WARN  mem::bus] Bus fault: read8 unmapped 0x00000000
[WARN  mem::bus] Bus fault: read8 unmapped 0x00000000
[WARN  mem::bus] Bus fault: read8 unmapped 0x00000000
[WARN  mem::bus] Bus fault: read8 unmapped 0x00000000
[WARN  mem::bus] Bus fault: read8 unmapped 0x00000000
[WARN  mem::bus] Bus fault: read8 unmapped 0x00000000
[WARN  mem::bus] Bus fault: read8 unmapped 0x00000000
[WARN  mem::bus] Bus fault: read8 unmapped 0x00000000
[WARN  mem::bus] Bus fault: read8 unmapped 0x00000000
[WARN  mem::bus] Bus fault: read8 unmapped 0x00000000
[WARN  mem::bus] Bus fault: read8 unmapped 0x00000000
[WARN  mem::bus] Bus fault: read8 unmapped 0x00000000
[WARN  mem::bus] Bus fault: read8 unmapped 0x00000000
[WARN  mem::bus] Bus fault: read8 unmapped 0x00000000
[WARN  mem::bus] Bus fault: read8 unmapped 0x00000000
[WARN  mem::bus] Bus fault: read8 unmapped 0x00000000
[WARN  mem::bus] Bus fault: read8 unmapped 0x00000000
[WARN  mem::bus] Bus fault: read8 unmapped 0x00000000
[WARN  mem::bus] Bus fault: read8 unmapped 0x00000000
[WARN  mem::bus] Bus fault: read8 unmapped 0x00000000
[WARN  mem::bus] Bus fault: read8 unmapped 0x00000000
[WARN  mem::bus] Bus fault: read8 unmapped 0x00000000
[WARN  mem::bus] Bus fault: read8 unmapped 0x00000000
[WARN  mem::bus] Bus fault: read8 unmapped 0x00000000
[WARN  mem::bus] Bus fault: read8 unmapped 0x00000000
[WARN  mem::bus] Bus fault: read8 unmapped 0x00000000
[WARN  mem::bus] Bus fault: read8 unmapped 0x00000000
[WARN  mem::bus] Bus fault: read8 unmapped 0x00000000
[WARN  mem::bus] Bus fault: read8 unmapped 0x00000000
[WARN  mem::bus] Bus fault: read8 unmapped 0x00000000
[WARN  mem::bus] Bus fault: read8 unmapped 0x00000000
[WARN  mem::bus] Bus fault: read8 unmapped 0x00000000
[WARN  mem::bus] Bus fault: read8 unmapped 0x00000000
[WARN  mem::bus] Bus fault: read8 unmapped 0x00000000
[WARN  mem::bus] Bus fault: read8 unmapped 0x00000000
[WARN  mem::bus] Bus fault: read8 unmapped 0x00000000
[WARN  mem::bus] Bus fault: read8 unmapped 0x00000000
[WARN  mem::bus] Bus fault: read8 unmapped 0x00000000
[WARN  mem::bus] Bus fault: read8 unmapped 0x00000000
[WARN  mem::bus] Bus fault: read8 unmapped 0x00000000
[WARN  mem::bus] Bus fault: read8 unmapped 0x00000000
[WARN  mem::bus] Bus fault: read8 unmapped 0x00000000
[WARN  mem::bus] Bus fault: read8 unmapped 0x00000000
[WARN  mem::bus] Bus fault: read8 unmapped 0x00000000
[WARN  mem::bus] Bus fault: read8 unmapped 0x00000000
[WARN  mem::bus] Bus fault: read8 unmapped 0x00000000
[WARN  mem::bus] Bus fault: read8 unmapped 0x00000000
[WARN  mem::bus] Bus fault: read8 unmapped 0x00000000
[WARN  mem::bus] Bus fault: read8 unmapped 0x00000000
[WARN  mem::bus] Bus fault: read8 unmapped 0x00000000
[WARN  mem::bus] Bus fault: read8 unmapped 0x00000000
[WARN  mem::bus] Bus fault: read8 unmapped 0x00000000
[WARN  mem::bus] Bus fault: read8 unmapped 0x00000000
[WARN  mem::bus] Bus fault: read8 unmapped 0x00000000
[WARN  mem::bus] Bus fault: read8 unmapped 0x00000000
[WARN  mem::bus] Bus fault: read8 unmapped 0x00000000
[WARN  mem::bus] Bus fault: read8 unmapped 0x00000000
[WARN  mem::bus] Bus fault: read8 unmapped 0x00000000
[WARN  mem::bus] Bus fault: read8 unmapped 0x00000000
[WARN  mem::bus] Bus fault: read8 unmapped 0x00000000
[WARN  mem::bus] Bus fault: read8 unmapped 0x00000000
[WARN  mem::bus] Bus fault: read8 unmapped 0x00000000
[WARN  mem::bus] Bus fault: read8 unmapped 0x00000000
[WARN  mem::bus] Bus fault: read8 unmapped 0x00000000
[WARN  mem::bus] Bus fault: read8 unmapped 0x00000000
[WARN  mem::bus] Bus fault: read8 unmapped 0x00000000
[WARN  mem::bus] Bus fault: read8 unmapped 0x00000000
[WARN  mem::bus] Bus fault: read8 unmapped 0x00000000
[WARN  mem::bus] Bus fault: read8 unmapped 0x00000000
[WARN  mem::bus] Bus fault: read8 unmapped 0x00000000
[WARN  mem::bus] Bus fault: read8 unmapped 0x00000000
[WARN  mem::bus] Bus fault: read8 unmapped 0x00000000
[WARN  mem::bus] Bus fault: read8 unmapped 0x00000000
[WARN  mem::bus] Bus fault: read8 unmapped 0x00000000
[WARN  mem::bus] Bus fault: read8 unmapped 0x00000000
[WARN  mem::bus] Bus fault: read8 unmapped 0x00000000
[WARN  mem::bus] Bus fault: read8 unmapped 0x00000000
[WARN  mem::bus] Bus fault: read8 unmapped 0x00000000
[WARN  mem::bus] Bus fault: read8 unmapped 0x00000000
[WARN  mem::bus] Bus fault: read8 unmapped 0x00000000
[WARN  mem::bus] Bus fault: read8 unmapped 0x00000000
[WARN  mem::bus] Bus fault: read8 unmapped 0x00000000
[WARN  mem::bus] Bus fault: read8 unmapped 0x00000000
[WARN  mem::bus] Bus fault: read8 unmapped 0x00000000
[WARN  mem::bus] Bus fault: read8 unmapped 0x00000000
[WARN  mem::bus] Bus fault: read8 unmapped 0x00000000
[WARN  mem::bus] Bus fault: read8 unmapped 0x00000000
[WARN  mem::bus] Bus fault: read8 unmapped 0x00000000
[WARN  mem::bus] Bus fault: read8 unmapped 0x00000000
[WARN  mem::bus] Bus fault: read8 unmapped 0x00000000
[WARN  mem::bus] Bus fault: read8 unmapped 0x00000000
[WARN  mem::bus] Bus fault: read8 unmapped 0x00000000
[WARN  mem::bus] Bus fault: read8 unmapped 0x00000000
[WARN  mem::bus] Bus fault: read8 unmapped 0x00000000
[WARN  mem::bus] Bus fault: read8 unmapped 0x00000000
[WARN  mem::bus] Bus fault: read8 unmapped 0x00000000
[WARN  mem::bus] Bus fault: read8 unmapped 0x00000000
[WARN  mem::bus] Bus fault: read8 unmapped 0x00000000
[WARN  mem::bus] Bus fault: read8 unmapped 0x00000000
[WARN  mem::bus] Bus fault: read8 unmapped 0x00000000
[WARN  mem::bus] Bus fault: read8 unmapped 0x00000000
[WARN  mem::bus] Bus fault: read8 unmapped 0x00000000
[WARN  mem::bus] Bus fault: read8 unmapped 0x00000000
[WARN  mem::bus] Bus fault: read8 unmapped 0x00000000
[WARN  mem::bus] Bus fault: read8 unmapped 0x00000000
[WARN  mem::bus] Bus fault: read8 unmapped 0x00000000
[WARN  mem::bus] Bus fault: read8 unmapped 0x00000000
[WARN  mem::bus] Bus fault: read8 unmapped 0x00000000
[WARN  mem::bus] Bus fault: read8 unmapped 0x00000000
[WARN  mem::bus] Bus fault: read8 unmapped 0x00000000
[WARN  mem::bus] Bus fault: read8 unmapped 0x00000000
[WARN  mem::bus] Bus fault: read8 unmapped 0x00000000
[WARN  mem::bus] Bus fault: read8 unmapped 0x00000000
[WARN  mem::bus] Bus fault: read8 unmapped 0x00000000
[WARN  mem::bus] Bus fault: read8 unmapped 0x00000000
[WARN  mem::bus] Bus fault: read8 unmapped 0x00000000
[WARN  mem::bus] Bus fault: read8 unmapped 0x00000000
[WARN  mem::bus] Bus fault: read8 unmapped 0x00000000
[WARN  mem::bus] Bus fault: read8 unmapped 0x00000000
[WARN  mem::bus] Bus fault: read8 unmapped 0x00000000
[WARN  mem::bus] Bus fault: read8 unmapped 0x00000000
[WARN  mem::bus] Bus fault: read8 unmapped 0x00000000
[WARN  mem::bus] Bus fault: read8 unmapped 0x00000000
[WARN  mem::bus] Bus fault: read8 unmapped 0x00000000
[WARN  mem::bus] Bus fault: read8 unmapped 0x00000000
[WARN  mem::bus] Bus fault: read8 unmapped 0x00000000
[WARN  mem::bus] Bus fault: read8 unmapped 0x00000000
[WARN  mem::bus] Bus fault: read8 unmapped 0x00000000
[WARN  mem::bus] Bus fault: read8 unmapped 0x00000000
[WARN  mem::bus] Bus fault: read8 unmapped 0x00000000
[WARN  mem::bus] Bus fault: read8 unmapped 0x00000000
[WARN  mem::bus] Bus fault: read8 unmapped 0x00000000
[WARN  mem::bus] Bus fault: read8 unmapped 0x00000000
[WARN  mem::bus] Bus fault: read8 unmapped 0x00000000
[WARN  mem::bus] Bus fault: read8 unmapped 0x00000000
[WARN  mem::bus] Bus fault: read8 unmapped 0x00000000
[WARN  mem::bus] Bus fault: read8 unmapped 0x00000000
[WARN  mem::bus] Bus fault: read8 unmapped 0x00000000
[WARN  mem::bus] Bus fault: read8 unmapped 0x00000000
[WARN  mem::bus] Bus fault: read8 unmapped 0x00000000
[WARN  mem::bus] Bus fault: read8 unmapped 0x00000000
[WARN  mem::bus] Bus fault: read8 unmapped 0x00000000
[WARN  mem::bus] Bus fault: read8 unmapped 0x00000000
[WARN  mem::bus] Bus fault: read8 unmapped 0x00000000
[WARN  mem::bus] Bus fault: read8 unmapped 0x00000000
[WARN  mem::bus] Bus fault: read8 unmapped 0x00000000
[WARN  mem::bus] Bus fault: read8 unmapped 0x00000000
[WARN  mem::bus] Bus fault: read8 unmapped 0x00000000
[WARN  mem::bus] Bus fault: read8 unmapped 0x00000000
[WARN  mem::bus] Bus fault: read8 unmapped 0x00000000
[WARN  mem::bus] Bus fault: read8 unmapped 0x00000000
[WARN  mem::bus] Bus fault: read8 unmapped 0x00000000
[WARN  mem::bus] Bus fault: read8 unmapped 0x00000000
[WARN  mem::bus] Bus fault: read8 unmapped 0x00000000
[WARN  mem::bus] Bus fault: read8 unmapped 0x00000000
[WARN  mem::bus] Bus fault: read8 unmapped 0x00000000
[WARN  mem::bus] Bus fault: read8 unmapped 0x00000000
[WARN  mem::bus] Bus fault: read8 unmapped 0x00000000
[WARN  mem::bus] Bus fault: read8 unmapped 0x00000000
[WARN  mem::bus] Bus fault: read8 unmapped 0x00000000
[WARN  mem::bus] Bus fault: read8 unmapped 0x00000000
[WARN  mem::bus] Bus fault: read8 unmapped 0x00000000
[WARN  mem::bus] Bus fault: read8 unmapped 0x00000000
[WARN  mem::bus] Bus fault: read8 unmapped 0x00000000
[WARN  mem::bus] Bus fault: read8 unmapped 0x00000000
[WARN  mem::bus] Bus fault: read8 unmapped 0x00000000
[WARN  mem::bus] Bus fault: read8 unmapped 0x00000000
[WARN  mem::bus] Bus fault: read8 unmapped 0x00000000
[WARN  mem::bus] Bus fault: read8 unmapped 0x00000000
[WARN  mem::bus] Bus fault: read8 unmapped 0x00000000
[WARN  mem::bus] Bus fault: read8 unmapped 0x00000000
[WARN  mem::bus] Bus fault: read8 unmapped 0x00000000
[WARN  mem::bus] Bus fault: read8 unmapped 0x00000000
[WARN  mem::bus] Bus fault: read8 unmapped 0x00000000
[WARN  mem::bus] Bus fault: read8 unmapped 0x00000000
[WARN  mem::bus] Bus fault: read8 unmapped 0x00000000
[WARN  mem::bus] Bus fault: read8 unmapped 0x00000000
[WARN  mem::bus] Bus fault: read8 unmapped 0x00000000
[WARN  mem::bus] Bus fault: read8 unmapped 0x00000000
[WARN  mem::bus] Bus fault: read8 unmapped 0x00000000
[WARN  mem::bus] Bus fault: read8 unmapped 0x00000000
[WARN  mem::bus] Bus fault: read8 unmapped 0x00000000
[WARN  mem::bus] Bus fault: read8 unmapped 0x00000000
[WARN  mem::bus] Bus fault: read8 unmapped 0x00000000
[WARN  mem::bus] Bus fault: read8 unmapped 0x00000000
[WARN  mem::bus] Bus fault: read8 unmapped 0x00000000
[WARN  mem::bus] Bus fault: read8 unmapped 0x00000000
[WARN  mem::bus] Bus fault: read8 unmapped 0x00000000
[WARN  mem::bus] Bus fault: read8 unmapped 0x00000000
[WARN  mem::bus] Bus fault: read8 unmapped 0x00000000
[WARN  mem::bus] Bus fault: read8 unmapped 0x00000000
[WARN  mem::bus] Bus fault: read8 unmapped 0x00000000
[WARN  mem::bus] Bus fault: read8 unmapped 0x00000000
[WARN  mem::bus] Bus fault: read8 unmapped 0x00000000
[WARN  mem::bus] Bus fault: read8 unmapped 0x00000000
[WARN  mem::bus] Bus fault: read8 unmapped 0x00000000
[WARN  mem::bus] Bus fault: read8 unmapped 0x00000000
[WARN  mem::bus] Bus fault: read8 unmapped 0x00000000
[WARN  mem::bus] Bus fault: read8 unmapped 0x00000000
[WARN  mem::bus] Bus fault: read8 unmapped 0x00000000
[WARN  mem::bus] Bus fault: read8 unmapped 0x00000000
[WARN  mem::bus] Bus fault: read8 unmapped 0x00000000
[WARN  mem::bus] Bus fault: read8 unmapped 0x00000000
[WARN  mem::bus] Bus fault: read8 unmapped 0x00000000
[WARN  mem::bus] Bus fault: read8 unmapped 0x00000000
[WARN  mem::bus] Bus fault: read8 unmapped 0x00000000
[WARN  mem::bus] Bus fault: read8 unmapped 0x00000000
[WARN  mem::bus] Bus fault: read8 unmapped 0x00000000
[WARN  mem::bus] Bus fault: read8 unmapped 0x00000000
[WARN  mem::bus] Bus fault: read8 unmapped 0x00000000
[WARN  mem::bus] Bus fault: read8 unmapped 0x00000000
[WARN  mem::bus] Bus fault: read8 unmapped 0x00000000
[WARN  mem::bus] Bus fault: read8 unmapped 0x00000000
[WARN  mem::bus] Bus fault: read8 unmapped 0x00000000
[WARN  mem::bus] Bus fault: read8 unmapped 0x00000000
[WARN  mem::bus] Bus fault: read8 unmapped 0x00000000
[WARN  mem::bus] Bus fault: read8 unmapped 0x00000000
[WARN  mem::bus] Bus fault: read8 unmapped 0x00000000
[WARN  mem::bus] Bus fault: read8 unmapped 0x00000000
[WARN  mem::bus] Bus fault: read8 unmapped 0x00000000
[WARN  mem::bus] Bus fault: read8 unmapped 0x00000000
[WARN  mem::bus] Bus fault: read8 unmapped 0x00000000
[WARN  mem::bus] Bus fault: read8 unmapped 0x00000000
[WARN  mem::bus] Bus fault: read8 unmapped 0x00000000
[WARN  mem::bus] Bus fault: read8 unmapped 0x00000000
[WARN  mem::bus] Bus fault: read8 unmapped 0x00000000
[WARN  mem::bus] Bus fault: read8 unmapped 0x00000000
[WARN  mem::bus] Bus fault: read8 unmapped 0x00000000
[WARN  mem::bus] Bus fault: read8 unmapped 0x00000000
[WARN  mem::bus] Bus fault: read8 unmapped 0x00000000
[WARN  mem::bus] Bus fault: read8 unmapped 0x00000000
[WARN  mem::bus] Bus fault: read8 unmapped 0x00000000
[WARN  mem::bus] Bus fault: read8 unmapped 0x00000000
[WARN  mem::bus] Bus fault: read8 unmapped 0x00000000
[WARN  mem::bus] Bus fault: read8 unmapped 0x00000000
[WARN  mem::bus] Bus fault: read8 unmapped 0x00000000
[WARN  mem::bus] Bus fault: read8 unmapped 0x00000000
[WARN  mem::bus] Bus fault: read8 unmapped 0x00000000
[WARN  mem::bus] Bus fault: read8 unmapped 0x00000000
[WARN  mem::bus] Bus fault: read8 unmapped 0x00000000
[WARN  mem::bus] Bus fault: read8 unmapped 0x00000000
[WARN  mem::bus] Bus fault: read8 unmapped 0x00000000
[WARN  mem::bus] Bus fault: read8 unmapped 0x00000000
[WARN  mem::bus] Bus fault: read8 unmapped 0x00000000
[WARN  mem::bus] Bus fault: read8 unmapped 0x00000000
[WARN  mem::bus] Bus fault: read8 unmapped 0x00000000
[WARN  mem::bus] Bus fault: read8 unmapped 0x00000000
[WARN  mem::bus] Bus fault: read8 unmapped 0x00000000
[WARN  mem::bus] Bus fault: read8 unmapped 0x00000000
[WARN  mem::bus] Bus fault: read8 unmapped 0x00000000
[WARN  mem::bus] Bus fault: read8 unmapped 0x00000000
[WARN  mem::bus] Bus fault: read8 unmapped 0x00000000
[WARN  mem::bus] Bus fault: read8 unmapped 0x00000000
[WARN  mem::bus] Bus fault: read8 unmapped 0x00000000
[WARN  mem::bus] Bus fault: read8 unmapped 0x00000000
[WARN  mem::bus] Bus fault: read8 unmapped 0x00000000
[WARN  mem::bus] Bus fault: read8 unmapped 0x00000000
[WARN  mem::bus] Bus fault: read8 unmapped 0x00000000
[WARN  mem::bus] Bus fault: read8 unmapped 0x00000000
[WARN  mem::bus] Bus fault: read8 unmapped 0x00000000
[WARN  mem::bus] Bus fault: read8 unmapped 0x00000000
[WARN  mem::bus] Bus fault: read8 unmapped 0x00000000
[WARN  mem::bus] Bus fault: read8 unmapped 0x00000000
[WARN  mem::bus] Bus fault: read8 unmapped 0x00000000
[WARN  mem::bus] Bus fault: read8 unmapped 0x00000000
[WARN  mem::bus] Bus fault: read8 unmapped 0x00000000
[WARN  mem::bus] Bus fault: read8 unmapped 0x00000000
[WARN  mem::bus] Bus fault: read8 unmapped 0x00000000
[WARN  mem::bus] Bus fault: read8 unmapped 0x00000000
[WARN  mem::bus] Bus fault: read8 unmapped 0x00000000
[WARN  mem::bus] Bus fault: read8 unmapped 0x00000000
[WARN  mem::bus] Bus fault: read8 unmapped 0x00000000
[WARN  mem::bus] Bus fault: read8 unmapped 0x00000000
[WARN  mem::bus] Bus fault: read8 unmapped 0x00000000
[WARN  mem::bus] Bus fault: read8 unmapped 0x00000000
[WARN  mem::bus] Bus fault: read8 unmapped 0x00000000
[WARN  mem::bus] Bus fault: read8 unmapped 0x00000000
[WARN  mem::bus] Bus fault: read8 unmapped 0x00000000
[WARN  mem::bus] Bus fault: read8 unmapped 0x00000000
[WARN  mem::bus] Bus fault: read8 unmapped 0x00000000
[WARN  mem::bus] Bus fault: read8 unmapped 0x00000000
[WARN  mem::bus] Bus fault: read8 unmapped 0x00000000
[WARN  mem::bus] Bus fault: read8 unmapped 0x00000000
[WARN  mem::bus] Bus fault: read8 unmapped 0x00000000
[WARN  mem::bus] Bus fault: read8 unmapped 0x00000000
[WARN  mem::bus] Bus fault: read8 unmapped 0x00000000
[WARN  mem::bus] Bus fault: read8 unmapped 0x00000000
[WARN  mem::bus] Bus fault: read8 unmapped 0x00000000
[WARN  mem::bus] Bus fault: read8 unmapped 0x00000000
[WARN  mem::bus] Bus fault: read8 unmapped 0x00000000
[WARN  mem::bus] Bus fault: read8 unmapped 0x00000000
[WARN  mem::bus] Bus fault: read8 unmapped 0x00000000
[WARN  mem::bus] Bus fault: read8 unmapped 0x00000000
[WARN  mem::bus] Bus fault: read8 unmapped 0x00000000
[WARN  mem::bus] Bus fault: read8 unmapped 0x00000000
[WARN  mem::bus] Bus fault: read8 unmapped 0x00000000
[WARN  mem::bus] Bus fault: read8 unmapped 0x00000000
[WARN  mem::bus] Bus fault: read8 unmapped 0x00000000
[WARN  mem::bus] Bus fault: read8 unmapped 0x00000000
[WARN  mem::bus] Bus fault: read8 unmapped 0x00000000
[WARN  mem::bus] Bus fault: read8 unmapped 0x00000000
[WARN  mem::bus] Bus fault: read8 unmapped 0x00000000
[WARN  mem::bus] Bus fault: read8 unmapped 0x00000000
[WARN  mem::bus] Bus fault: read8 unmapped 0x00000000
[WARN  mem::bus] Bus fault: read8 unmapped 0x00000000
[WARN  mem::bus] Bus fault: read8 unmapped 0x00000000
[WARN  mem::bus] Bus fault: read8 unmapped 0x00000000
[WARN  mem::bus] Bus fault: read8 unmapped 0x00000000
[WARN  mem::bus] Bus fault: read8 unmapped 0x00000000
[WARN  mem::bus] Bus fault: read8 unmapped 0x00000000
[WARN  mem::bus] Bus fault: read8 unmapped 0x00000000
[WARN  mem::bus] Bus fault: read8 unmapped 0x00000000
[WARN  mem::bus] Bus fault: read8 unmapped 0x00000000
[WARN  mem::bus] Bus fault: read8 unmapped 0x00000000
[WARN  mem::bus] Bus fault: read8 unmapped 0x00000000
[WARN  mem::bus] Bus fault: read8 unmapped 0x00000000
[WARN  mem::bus] Bus fault: read8 unmapped 0x00000000
[WARN  mem::bus] Bus fault: read8 unmapped 0x00000000
[WARN  mem::bus] Bus fault: read8 unmapped 0x00000000
[WARN  mem::bus] Bus fault: read8 unmapped 0x00000000
[WARN  mem::bus] Bus fault: read8 unmapped 0x00000000
[WARN  mem::bus] Bus fault: read8 unmapped 0x00000000
[WARN  mem::bus] Bus fault: read8 unmapped 0x00000000
[WARN  mem::bus] Bus fault: read8 unmapped 0x00000000
[WARN  mem::bus] Bus fault: read8 unmapped 0x00000000
[WARN  mem::bus] Bus fault: read8 unmapped 0x00000000
[WARN  mem::bus] Bus fault: read8 unmapped 0x00000000
[WARN  mem::bus] Bus fault: read8 unmapped 0x00000000
[WARN  mem::bus] Bus fault: read8 unmapped 0x00000000
[WARN  mem::bus] Bus fault: read8 unmapped 0x00000000
[WARN  mem::bus] Bus fault: read8 unmapped 0x00000000
[WARN  mem::bus] Bus fault: read8 unmapped 0x00000000
[WARN  mem::bus] Bus fault: read8 unmapped 0x00000000
[WARN  mem::bus] Bus fault: read8 unmapped 0x00000000
[WARN  mem::bus] Bus fault: read8 unmapped 0x00000000
[WARN  mem::bus] Bus fault: read8 unmapped 0x00000000
[WARN  mem::bus] Bus fault: read8 unmapped 0x00000000
[WARN  mem::bus] Bus fault: read8 unmapped 0x00000000
[WARN  mem::bus] Bus fault: read8 unmapped 0x00000000
[WARN  mem::bus] Bus fault: read8 unmapped 0x00000000
[WARN  mem::bus] Bus fault: read8 unmapped 0x00000000
[WARN  mem::bus] Bus fault: read8 unmapped 0x00000000
[WARN  mem::bus] Bus fault: read8 unmapped 0x00000000
[WARN  mem::bus] Bus fault: read8 unmapped 0x00000000
[WARN  mem::bus] Bus fault: read8 unmapped 0x00000000
[WARN  mem::bus] Bus fault: read8 unmapped 0x00000000
[WARN  mem::bus] Bus fault: read8 unmapped 0x00000000
[WARN  mem::bus] Bus fault: read8 unmapped 0x00000000
[WARN  mem::bus] Bus fault: read8 unmapped 0x00000000
[WARN  mem::bus] Bus fault: read8 unmapped 0x00000000
[WARN  mem::bus] Bus fault: read8 unmapped 0x00000000
[WARN  mem::bus] Bus fault: read8 unmapped 0x00000000
[WARN  mem::bus] Bus fault: read8 unmapped 0x00000000
[WARN  mem::bus] Bus fault: read8 unmapped 0x00000000
[WARN  mem::bus] Bus fault: read8 unmapped 0x00000000
[WARN  mem::bus] Bus fault: read8 unmapped 0x00000000
[WARN  mem::bus] Bus fault: read8 unmapped 0x00000000
[WARN  mem::bus] Bus fault: read8 unmapped 0x00000000
[WARN  mem::bus] Bus fault: read8 unmapped 0x00000000
[WARN  mem::bus] Bus fault: read8 unmapped 0x00000000
[WARN  mem::bus] Bus fault: read8 unmapped 0x00000000
[WARN  mem::bus] Bus fault: read8 unmapped 0x00000000
[WARN  mem::bus] Bus fault: read8 unmapped 0x00000000
[WARN  mem::bus] Bus fault: read8 unmapped 0x00000000
[WARN  mem::bus] Bus fault: read8 unmapped 0x00000000
[WARN  mem::bus] Bus fault: read8 unmapped 0x00000000
[WARN  mem::bus] Bus fault: read8 unmapped 0x00000000
[WARN  mem::bus] Bus fault: read8 unmapped 0x00000000
[WARN  mem::bus] Bus fault: read8 unmapped 0x00000000
[WARN  mem::bus] Bus fault: read8 unmapped 0x00000000
[WARN  mem::bus] Bus fault: read8 unmapped 0x00000000
[WARN  mem::bus] Bus fault: read8 unmapped 0x00000000
[WARN  mem::bus] Bus fault: read8 unmapped 0x00000000
[WARN  mem::bus] Bus fault: read8 unmapped 0x00000000
[WARN  mem::bus] Bus fault: read8 unmapped 0x00000000
[WARN  mem::bus] Bus fault: read8 unmapped 0x00000000
[WARN  mem::bus] Bus fault: read8 unmapped 0x00000000
[WARN  mem::bus] Bus fault: read8 unmapped 0x00000000
[WARN  mem::bus] Bus fault: read8 unmapped 0x00000000
[WARN  mem::bus] Bus fault: read8 unmapped 0x00000000
[WARN  mem::bus] Bus fault: read8 unmapped 0x00000000
[WARN  mem::bus] Bus fault: read8 unmapped 0x00000000
[WARN  mem::bus] Bus fault: read8 unmapped 0x00000000
[WARN  mem::bus] Bus fault: read8 unmapped 0x00000000
[WARN  mem::bus] Bus fault: read8 unmapped 0x00000000
[WARN  mem::bus] Bus fault: read8 unmapped 0x00000000
[WARN  mem::bus] Bus fault: read8 unmapped 0x00000000
[WARN  mem::bus] Bus fault: read8 unmapped 0x00000000
[WARN  mem::bus] Bus fault: read8 unmapped 0x00000000
[WARN  mem::bus] Bus fault: read8 unmapped 0x00000000
[WARN  mem::bus] Bus fault: read8 unmapped 0x00000000
[WARN  mem::bus] Bus fault: read8 unmapped 0x00000000
[WARN  mem::bus] Bus fault: read8 unmapped 0x00000000
[WARN  mem::bus] Bus fault: read8 unmapped 0x00000000
[WARN  mem::bus] Bus fault: read8 unmapped 0x00000000
[WARN  mem::bus] Bus fault: read8 unmapped 0x00000000
[WARN  mem::bus] Bus fault: read8 unmapped 0x00000000
[WARN  mem::bus] Bus fault: read8 unmapped 0x00000000
[WARN  mem::bus] Bus fault: read8 unmapped 0x00000000
[WARN  mem::bus] Bus fault: read8 unmapped 0x00000000
[WARN  mem::bus] Bus fault: read8 unmapped 0x00000000
[WARN  mem::bus] Bus fault: read8 unmapped 0x00000000
[WARN  mem::bus] Bus fault: read8 unmapped 0x00000000
[WARN  mem::bus] Bus fault: read8 unmapped 0x00000000
[WARN  mem::bus] Bus fault: read8 unmapped 0x00000000
[WARN  mem::bus] Bus fault: read8 unmapped 0x00000000
[WARN  mem::bus] Bus fault: read8 unmapped 0x00000000
[WARN  mem::bus] Bus fault: read8 unmapped 0x00000000
[WARN  mem::bus] Bus fault: read8 unmapped 0x00000000
[WARN  mem::bus] Bus fault: read8 unmapped 0x00000000
[WARN  mem::bus] Bus fault: read8 unmapped 0x00000000
[WARN  mem::bus] Bus fault: read8 unmapped 0x00000000
[WARN  mem::bus] Bus fault: read8 unmapped 0x00000000
[WARN  mem::bus] Bus fault: read8 unmapped 0x00000000
[WARN  mem::bus] Bus fault: read8 unmapped 0x00000000
[WARN  mem::bus] Bus fault: read8 unmapped 0x00000000
[WARN  mem::bus] Bus fault: read8 unmapped 0x00000000
[WARN  mem::bus] Bus fault: read8 unmapped 0x00000000
[WARN  mem::bus] Bus fault: read8 unmapped 0x00000000
[WARN  mem::bus] Bus fault: read8 unmapped 0x00000000
[WARN  mem::bus] Bus fault: read8 unmapped 0x00000000
[WARN  mem::bus] Bus fault: read8 unmapped 0x00000000
[WARN  mem::bus] Bus fault: read8 unmapped 0x00000000
[WARN  mem::bus] Bus fault: read8 unmapped 0x00000000
[WARN  mem::bus] Bus fault: read8 unmapped 0x00000000
[WARN  mem::bus] Bus fault: read8 unmapped 0x00000000
[WARN  mem::bus] Bus fault: read8 unmapped 0x00000000
[WARN  mem::bus] Bus fault: read8 unmapped 0x00000000
[WARN  mem::bus] Bus fault: read8 unmapped 0x00000000
[WARN  mem::bus] Bus fault: read8 unmapped 0x00000000
[WARN  mem::bus] Bus fault: read8 unmapped 0x00000000
[WARN  mem::bus] Bus fault: read8 unmapped 0x00000000
[WARN  mem::bus] Bus fault: read8 unmapped 0x00000000
[WARN  mem::bus] Bus fault: read8 unmapped 0x00000000
[WARN  mem::bus] Bus fault: read8 unmapped 0x00000000
[WARN  mem::bus] Bus fault: read8 unmapped 0x00000000
[WARN  mem::bus] Bus fault: read8 unmapped 0x00000000
[WARN  mem::bus] Bus fault: read8 unmapped 0x00000000
[WARN  mem::bus] Bus fault: read8 unmapped 0x00000000
[WARN  mem::bus] Bus fault: read8 unmapped 0x00000000
[WARN  mem::bus] Bus fault: read8 unmapped 0x00000000
[WARN  mem::bus] Bus fault: read8 unmapped 0x00000000
[WARN  mem::bus] Bus fault: read8 unmapped 0x00000000
[WARN  mem::bus] Bus fault: read8 unmapped 0x00000000
[WARN  mem::bus] Bus fault: read8 unmapped 0x00000000
[WARN  mem::bus] Bus fault: read8 unmapped 0x00000000
[WARN  mem::bus] Bus fault: read8 unmapped 0x00000000
[WARN  mem::bus] Bus fault: read8 unmapped 0x00000000
[WARN  mem::bus] Bus fault: read8 unmapped 0x00000000
[WARN  mem::bus] Bus fault: read8 unmapped 0x00000000
[WARN  mem::bus] Bus fault: read8 unmapped 0x00000000
[WARN  mem::bus] Bus fault: read8 unmapped 0x00000000
[WARN  mem::bus] Bus fault: read8 unmapped 0x00000000
[WARN  mem::bus] Bus fault: read8 unmapped 0x00000000
[WARN  mem::bus] Bus fault: read8 unmapped 0x00000000
[WARN  mem::bus] Bus fault: read8 unmapped 0x00000000
[WARN  mem::bus] Bus fault: read8 unmapped 0x00000000
[WARN  mem::bus] Bus fault: read8 unmapped 0x00000000
[WARN  mem::bus] Bus fault: read8 unmapped 0x00000000
[WARN  mem::bus] Bus fault: read8 unmapped 0x00000000
[WARN  mem::bus] Bus fault: read8 unmapped 0x00000000
[WARN  mem::bus] Bus fault: read8 unmapped 0x00000000
[WARN  mem::bus] Bus fault: read8 unmapped 0x00000000
[WARN  mem::bus] Bus fault: read8 unmapped 0x00000000
[WARN  mem::bus] Bus fault: read8 unmapped 0x00000000
[WARN  mem::bus] Bus fault: read8 unmapped 0x00000000
[WARN  mem::bus] Bus fault: read8 unmapped 0x00000000
[WARN  mem::bus] Bus fault: read8 unmapped 0x00000000
[WARN  mem::bus] Bus fault: read8 unmapped 0x00000000
[WARN  mem::bus] Bus fault: read8 unmapped 0x00000000
[WARN  mem::bus] Bus fault: read8 unmapped 0x00000000
[WARN  mem::bus] Bus fault: read8 unmapped 0x00000000
[WARN  mem::bus] Bus fault: read8 unmapped 0x00000000
[WARN  mem::bus] Bus fault: read8 unmapped 0x00000000
[WARN  mem::bus] Bus fault: read8 unmapped 0x00000000
[WARN  mem::bus] Bus fault: read8 unmapped 0x00000000
[WARN  mem::bus] Bus fault: read8 unmapped 0x00000000
[WARN  mem::bus] Bus fault: read8 unmapped 0x00000000
[WARN  mem::bus] Bus fault: read8 unmapped 0x00000000
[WARN  mem::bus] Bus fault: read8 unmapped 0x00000000
[WARN  mem::bus] Bus fault: read8 unmapped 0x00000000
[WARN  mem::bus] Bus fault: read8 unmapped 0x00000000
[WARN  mem::bus] Bus fault: read8 unmapped 0x00000000
[WARN  mem::bus] Bus fault: read8 unmapped 0x00000000
[WARN  mem::bus] Bus fault: read8 unmapped 0x00000000
[WARN  mem::bus] Bus fault: read8 unmapped 0x00000000
[WARN  mem::bus] Bus fault: read8 unmapped 0x00000000
[WARN  mem::bus] Bus fault: read8 unmapped 0x00000000
[WARN  mem::bus] Bus fault: read8 unmapped 0x00000000
[WARN  mem::bus] Bus fault: read8 unmapped 0x00000000
[WARN  mem::bus] Bus fault: read8 unmapped 0x00000000
[WARN  mem::bus] Bus fault: read8 unmapped 0x00000000
[WARN  mem::bus] Bus fault: read8 unmapped 0x00000000
[WARN  mem::bus] Bus fault: read8 unmapped 0x00000000
[WARN  mem::bus] Bus fault: read8 unmapped 0x00000000
[WARN  mem::bus] Bus fault: read8 unmapped 0x00000000
[WARN  mem::bus] Bus fault: read8 unmapped 0x00000000
[WARN  mem::bus] Bus fault: read8 unmapped 0x00000000
[WARN  mem::bus] Bus fault: read8 unmapped 0x00000000
[WARN  mem::bus] Bus fault: read8 unmapped 0x00000000
[WARN  mem::bus] Bus fault: read8 unmapped 0x00000000
[WARN  mem::bus] Bus fault: read8 unmapped 0x00000000
[WARN  mem::bus] Bus fault: read8 unmapped 0x00000000
[WARN  mem::bus] Bus fault: read8 unmapped 0x00000000
[WARN  mem::bus] Bus fault: read8 unmapped 0x00000000
[WARN  mem::bus] Bus fault: read8 unmapped 0x00000000
[WARN  mem::bus] Bus fault: read8 unmapped 0x00000000
[WARN  mem::bus] Bus fault: read8 unmapped 0x00000000
[WARN  mem::bus] Bus fault: read8 unmapped 0x00000000
[WARN  mem::bus] Bus fault: read8 unmapped 0x00000000
[WARN  mem::bus] Bus fault: read8 unmapped 0x00000000
[WARN  mem::bus] Bus fault: read8 unmapped 0x00000000
[WARN  mem::bus] Bus fault: read8 unmapped 0x00000000
[WARN  mem::bus] Bus fault: read8 unmapped 0x00000000
[WARN  mem::bus] Bus fault: read8 unmapped 0x00000000
[WARN  mem::bus] Bus fault: read8 unmapped 0x00000000
[WARN  mem::bus] Bus fault: read8 unmapped 0x00000000
[WARN  mem::bus] Bus fault: read8 unmapped 0x00000000
[WARN  mem::bus] Bus fault: read8 unmapped 0x00000000
[WARN  mem::bus] Bus fault: read8 unmapped 0x00000000
[WARN  mem::bus] Bus fault: read8 unmapped 0x00000000
[WARN  mem::bus] Bus fault: read8 unmapped 0x00000000
[WARN  mem::bus] Bus fault: read8 unmapped 0x00000000
[WARN  mem::bus] Bus fault: read8 unmapped 0x00000000
[WARN  mem::bus] Bus fault: read8 unmapped 0x00000000
[WARN  mem::bus] Bus fault: read8 unmapped 0x00000000
[WARN  mem::bus] Bus fault: read8 unmapped 0x00000000
[WARN  mem::bus] Bus fault: read8 unmapped 0x00000000
[WARN  mem::bus] Bus fault: read8 unmapped 0x00000000
[WARN  mem::bus] Bus fault: read8 unmapped 0x00000000
[WARN  mem::bus] Bus fault: read8 unmapped 0x00000000
[WARN  mem::bus] Bus fault: read8 unmapped 0x00000000
[WARN  mem::bus] Bus fault: read8 unmapped 0x00000000
[WARN  mem::bus] Bus fault: read8 unmapped 0x00000000
[WARN  mem::bus] Bus fault: read8 unmapped 0x00000000
[WARN  mem::bus] Bus fault: read8 unmapped 0x00000000
[WARN  mem::bus] Bus fault: read8 unmapped 0x00000000
[WARN  mem::bus] Bus fault: read8 unmapped 0x00000000
[WARN  mem::bus] Bus fault: read8 unmapped 0x00000000
[WARN  mem::bus] Bus fault: read8 unmapped 0x00000000
[WARN  mem::bus] Bus fault: read8 unmapped 0x00000000
[WARN  mem::bus] Bus fault: read8 unmapped 0x00000000
[WARN  mem::bus] Bus fault: read8 unmapped 0x00000000
[WARN  mem::bus] Bus fault: read8 unmapped 0x00000000
[WARN  mem::bus] Bus fault: read8 unmapped 0x00000000
[WARN  mem::bus] Bus fault: read8 unmapped 0x00000000
[WARN  mem::bus] Bus fault: read8 unmapped 0x00000000
[WARN  mem::bus] Bus fault: read8 unmapped 0x00000000
[WARN  mem::bus] Bus fault: read8 unmapped 0x00000000
[WARN  mem::bus] Bus fault: read8 unmapped 0x00000000
[WARN  mem::bus] Bus fault: read8 unmapped 0x00000000
[WARN  mem::bus] Bus fault: read8 unmapped 0x00000000
[WARN  mem::bus] Bus fault: read8 unmapped 0x00000000
[WARN  mem::bus] Bus fault: read8 unmapped 0x00000000
[WARN  mem::bus] Bus fault: read8 unmapped 0x00000000
[WARN  mem::bus] Bus fault: read8 unmapped 0x00000000
[WARN  mem::bus] Bus fault: read8 unmapped 0x00000000
[WARN  mem::bus] Bus fault: read8 unmapped 0x00000000
[WARN  mem::bus] Bus fault: read8 unmapped 0x00000000
[WARN  mem::bus] Bus fault: read8 unmapped 0x00000000
[WARN  mem::bus] Bus fault: read8 unmapped 0x00000000
[WARN  mem::bus] Bus fault: read8 unmapped 0x00000000
[WARN  mem::bus] Bus fault: read8 unmapped 0x00000000
[WARN  mem::bus] Bus fault: read8 unmapped 0x00000000
[WARN  mem::bus] Bus fault: read8 unmapped 0x00000000
[WARN  mem::bus] Bus fault: read8 unmapped 0x00000000
[WARN  mem::bus] Bus fault: read8 unmapped 0x00000000
[WARN  mem::bus] Bus fault: read8 unmapped 0x00000000
[WARN  mem::bus] Bus fault: read8 unmapped 0x00000000
[WARN  mem::bus] Bus fault: read8 unmapped 0x00000000
[WARN  mem::bus] Bus fault: read8 unmapped 0x00000000
[WARN  mem::bus] Bus fault: read8 unmapped 0x00000000
[WARN  mem::bus] Bus fault: read8 unmapped 0x00000000
[WARN  mem::bus] Bus fault: read8 unmapped 0x00000000
[WARN  mem::bus] Bus fault: read8 unmapped 0x00000000
[WARN  mem::bus] Bus fault: read8 unmapped 0x00000000
[WARN  mem::bus] Bus fault: read8 unmapped 0x00000000
[WARN  mem::bus] Bus fault: read8 unmapped 0x00000000
[WARN  mem::bus] Bus fault: read8 unmapped 0x00000000
[WARN  mem::bus] Bus fault: read8 unmapped 0x00000000
[WARN  mem::bus] Bus fault: read8 unmapped 0x00000000
[WARN  mem::bus] Bus fault: read8 unmapped 0x00000000
[WARN  mem::bus] Bus fault: read8 unmapped 0x00000000
[WARN  mem::bus] Bus fault: read8 unmapped 0x00000000
[WARN  mem::bus] Bus fault: read8 unmapped 0x00000000
[WARN  mem::bus] Bus fault: read8 unmapped 0x00000000
[WARN  mem::bus] Bus fault: read8 unmapped 0x00000000
[WARN  mem::bus] Bus fault: read8 unmapped 0x00000000
[WARN  mem::bus] Bus fault: read8 unmapped 0x00000000
[WARN  mem::bus] Bus fault: read8 unmapped 0x00000000
[WARN  mem::bus] Bus fault: read8 unmapped 0x00000000
[WARN  mem::bus] Bus fault: read8 unmapped 0x00000000
[WARN  mem::bus] Bus fault: read8 unmapped 0x00000000
[WARN  mem::bus] Bus fault: read8 unmapped 0x00000000
[WARN  mem::bus] Bus fault: read8 unmapped 0x00000000
[WARN  mem::bus] Bus fault: read8 unmapped 0x00000000
[WARN  mem::bus] Bus fault: read8 unmapped 0x00000000
[WARN  mem::bus] Bus fault: read8 unmapped 0x00000000
[WARN  mem::bus] Bus fault: read8 unmapped 0x00000000
[WARN  mem::bus] Bus fault: read8 unmapped 0x00000000
[WARN  mem::bus] Bus fault: read8 unmapped 0x00000000
[WARN  mem::bus] Bus fault: read8 unmapped 0x00000000
[WARN  mem::bus] Bus fault: read8 unmapped 0x00000000
[WARN  mem::bus] Bus fault: read8 unmapped 0x00000000
[WARN  mem::bus] Bus fault: read8 unmapped 0x00000000
[WARN  mem::bus] Bus fault: read8 unmapped 0x00000000
[WARN  mem::bus] Bus fault: read8 unmapped 0x00000000
[WARN  mem::bus] Bus fault: read8 unmapped 0x00000000
[WARN  mem::bus] Bus fault: read8 unmapped 0x00000000
[WARN  mem::bus] Bus fault: read8 unmapped 0x00000000
[WARN  mem::bus] Bus fault: read8 unmapped 0x00000000
[WARN  mem::bus] Bus fault: read8 unmapped 0x00000000
[WARN  mem::bus] Bus fault: read8 unmapped 0x00000000
[WARN  mem::bus] Bus fault: read8 unmapped 0x00000000
[WARN  mem::bus] Bus fault: read8 unmapped 0x00000000
[WARN  mem::bus] Bus fault: read8 unmapped 0x00000000
[WARN  mem::bus] Bus fault: read8 unmapped 0x00000000
[WARN  mem::bus] Bus fault: read8 unmapped 0x00000000
[WARN  mem::bus] Bus fault: read8 unmapped 0x00000000
[WARN  mem::bus] Bus fault: read8 unmapped 0x00000000
[WARN  mem::bus] Bus fault: read8 unmapped 0x00000000
[WARN  mem::bus] Bus fault: read8 unmapped 0x00000000
[WARN  mem::bus] Bus fault: read8 unmapped 0x00000000
[WARN  mem::bus] Bus fault: read8 unmapped 0x00000000
[WARN  mem::bus] Bus fault: read8 unmapped 0x00000000
[WARN  mem::bus] Bus fault: read8 unmapped 0x00000000
[WARN  mem::bus] Bus fault: read8 unmapped 0x00000000
[WARN  mem::bus] Bus fault: read8 unmapped 0x00000000
[WARN  mem::bus] Bus fault: read8 unmapped 0x00000000
[WARN  mem::bus] Bus fault: read8 unmapped 0x00000000
[WARN  mem::bus] Bus fault: read8 unmapped 0x00000000
[WARN  mem::bus] Bus fault: read8 unmapped 0x00000000
[WARN  mem::bus] Bus fault: read8 unmapped 0x00000000
[WARN  mem::bus] Bus fault: read8 unmapped 0x00000000
[WARN  mem::bus] Bus fault: read8 unmapped 0x00000000
[WARN  mem::bus] Bus fault: read8 unmapped 0x00000000
[WARN  mem::bus] Bus fault: read8 unmapped 0x00000000
[WARN  mem::bus] Bus fault: read8 unmapped 0x00000000
[WARN  mem::bus] Bus fault: read8 unmapped 0x00000000
[WARN  mem::bus] Bus fault: read8 unmapped 0x00000000
[WARN  mem::bus] Bus fault: read8 unmapped 0x00000000
[WARN  mem::bus] Bus fault: read8 unmapped 0x00000000
[WARN  mem::bus] Bus fault: read8 unmapped 0x00000000
[WARN  mem::bus] Bus fault: read8 unmapped 0x00000000
[WARN  mem::bus] Bus fault: read8 unmapped 0x00000000
[WARN  mem::bus] Bus fault: read8 unmapped 0x00000000
[WARN  mem::bus] Bus fault: read8 unmapped 0x00000000
[WARN  mem::bus] Bus fault: read8 unmapped 0x00000000
[WARN  mem::bus] Bus fault: read8 unmapped 0x00000000
[WARN  mem::bus] Bus fault: read8 unmapped 0x00000000
[WARN  mem::bus] Bus fault: read8 unmapped 0x00000000
[WARN  mem::bus] Bus fault: read8 unmapped 0x00000000
[WARN  mem::bus] Bus fault: read8 unmapped 0x00000000
[WARN  mem::bus] Bus fault: read8 unmapped 0x00000000
[WARN  mem::bus] Bus fault: read8 unmapped 0x00000000
[WARN  mem::bus] Bus fault: read8 unmapped 0x00000000
[WARN  mem::bus] Bus fault: read8 unmapped 0x00000000
[WARN  mem::bus] Bus fault: read8 unmapped 0x00000000
[WARN  mem::bus] Bus fault: read8 unmapped 0x00000000
[WARN  mem::bus] Bus fault: read8 unmapped 0x00000000
[WARN  mem::bus] Bus fault: read8 unmapped 0x00000000
[WARN  mem::bus] Bus fault: read8 unmapped 0x00000000
[WARN  mem::bus] Bus fault: read8 unmapped 0x00000000
[WARN  mem::bus] Bus fault: read8 unmapped 0x00000000
[WARN  mem::bus] Bus fault: read8 unmapped 0x00000000
[WARN  mem::bus] Bus fault: read8 unmapped 0x00000000
[WARN  mem::bus] Bus fault: read8 unmapped 0x00000000
[WARN  mem::bus] Bus fault: read8 unmapped 0x00000000
[WARN  mem::bus] Bus fault: read8 unmapped 0x00000000
[WARN  mem::bus] Bus fault: read8 unmapped 0x00000000
[WARN  mem::bus] Bus fault: read8 unmapped 0x00000000
[WARN  mem::bus] Bus fault: read8 unmapped 0x00000000
[WARN  mem::bus] Bus fault: read8 unmapped 0x00000000
[WARN  mem::bus] Bus fault: read8 unmapped 0x00000000
[WARN  mem::bus] Bus fault: read8 unmapped 0x00000000
[WARN  mem::bus] Bus fault: read8 unmapped 0x00000000
[WARN  mem::bus] Bus fault: read8 unmapped 0x00000000
[WARN  mem::bus] Bus fault: read8 unmapped 0x00000000
[WARN  mem::bus] Bus fault: read8 unmapped 0x00000000
[WARN  mem::bus] Bus fault: read8 unmapped 0x00000000
[WARN  mem::bus] Bus fault: read8 unmapped 0x00000000
[WARN  mem::bus] Bus fault: read8 unmapped 0x00000000
[WARN  mem::bus] Bus fault: read8 unmapped 0x00000000
[WARN  mem::bus] Bus fault: read8 unmapped 0x00000000
[WARN  mem::bus] Bus fault: read8 unmapped 0x00000000
[WARN  mem::bus] Bus fault: read8 unmapped 0x00000000
[WARN  mem::bus] Bus fault: read8 unmapped 0x00000000
[WARN  mem::bus] Bus fault: read8 unmapped 0x00000000
[WARN  mem::bus] Bus fault: read8 unmapped 0x00000000
[WARN  mem::bus] Bus fault: read8 unmapped 0x00000000
[WARN  mem::bus] Bus fault: read8 unmapped 0x00000000
[WARN  mem::bus] Bus fault: read8 unmapped 0x00000000
[WARN  mem::bus] Bus fault: read8 unmapped 0x00000000
[WARN  mem::bus] Bus fault: read8 unmapped 0x00000000
[WARN  mem::bus] Bus fault: read8 unmapped 0x00000000
[WARN  mem::bus] Bus fault: read8 unmapped 0x00000000
[WARN  mem::bus] Bus fault: read8 unmapped 0x00000000
[WARN  mem::bus] Bus fault: read8 unmapped 0x00000000
[WARN  mem::bus] Bus fault: read8 unmapped 0x00000000
[WARN  mem::bus] Bus fault: read8 unmapped 0x00000000
[WARN  mem::bus] Bus fault: read8 unmapped 0x00000000
[WARN  mem::bus] Bus fault: read8 unmapped 0x00000000
[WARN  mem::bus] Bus fault: read8 unmapped 0x00000000
[WARN  mem::bus] Bus fault: read8 unmapped 0x00000000
[WARN  mem::bus] Bus fault: read8 unmapped 0x00000000
[WARN  mem::bus] Bus fault: read8 unmapped 0x00000000
[WARN  mem::bus] Bus fault: read8 unmapped 0x00000000
[WARN  mem::bus] Bus fault: read8 unmapped 0x00000000
[WARN  mem::bus] Bus fault: read8 unmapped 0x00000000
[WARN  mem::bus] Bus fault: read8 unmapped 0x00000000
[WARN  mem::bus] Bus fault: read8 unmapped 0x00000000
[WARN  mem::bus] Bus fault: read8 unmapped 0x00000000
[WARN  mem::bus] Bus fault: read8 unmapped 0x00000000
[WARN  mem::bus] Bus fault: read8 unmapped 0x00000000
[WARN  mem::bus] Bus fault: read8 unmapped 0x00000000
[WARN  mem::bus] Bus fault: read8 unmapped 0x00000000
[WARN  mem::bus] Bus fault: read8 unmapped 0x00000000
[WARN  mem::bus] Bus fault: read8 unmapped 0x00000000
[WARN  mem::bus] Bus fault: read8 unmapped 0x00000000
[WARN  mem::bus] Bus fault: read8 unmapped 0x00000000
[WARN  mem::bus] Bus fault: read8 unmapped 0x00000000
[WARN  mem::bus] Bus fault: read8 unmapped 0x00000000
[WARN  mem::bus] Bus fault: read8 unmapped 0x00000000
[WARN  mem::bus] Bus fault: read8 unmapped 0x00000000
[WARN  mem::bus] Bus fault: read8 unmapped 0x00000000
[WARN  mem::bus] Bus fault: read8 unmapped 0x00000000
[WARN  mem::bus] Bus fault: read8 unmapped 0x00000000
[WARN  mem::bus] Bus fault: read8 unmapped 0x00000000
[WARN  mem::bus] Bus fault: read8 unmapped 0x00000000
[WARN  mem::bus] Bus fault: read8 unmapped 0x00000000
[WARN  mem::bus] Bus fault: read8 unmapped 0x00000000
[WARN  mem::bus] Bus fault: read8 unmapped 0x00000000
[WARN  mem::bus] Bus fault: read8 unmapped 0x00000000
[WARN  mem::bus] Bus fault: read8 unmapped 0x00000000
[WARN  mem::bus] Bus fault: read8 unmapped 0x00000000
[WARN  mem::bus] Bus fault: read8 unmapped 0x00000000
[WARN  mem::bus] Bus fault: read8 unmapped 0x00000000
[WARN  mem::bus] Bus fault: read8 unmapped 0x00000000
[WARN  mem::bus] Bus fault: read8 unmapped 0x00000000
[WARN  mem::bus] Bus fault: read8 unmapped 0x00000000
[WARN  mem::bus] Bus fault: read8 unmapped 0x00000000
[WARN  mem::bus] Bus fault: read8 unmapped 0x00000000
[WARN  mem::bus] Bus fault: read8 unmapped 0x00000000
[WARN  mem::bus] Bus fault: read8 unmapped 0x00000000
[WARN  mem::bus] Bus fault: read8 unmapped 0x00000000
[WARN  mem::bus] Bus fault: read8 unmapped 0x00000000
[WARN  mem::bus] Bus fault: read8 unmapped 0x00000000
[WARN  mem::bus] Bus fault: read8 unmapped 0x00000000
[WARN  mem::bus] Bus fault: read8 unmapped 0x00000000
[WARN  mem::bus] Bus fault: read8 unmapped 0x00000000
[WARN  mem::bus] Bus fault: read8 unmapped 0x00000000
[WARN  mem::bus] Bus fault: read8 unmapped 0x00000000
[WARN  mem::bus] Bus fault: read8 unmapped 0x00000000
[WARN  mem::bus] Bus fault: read8 unmapped 0x00000000
[WARN  mem::bus] Bus fault: read8 unmapped 0x00000000
[WARN  mem::bus] Bus fault: read8 unmapped 0x00000000
[WARN  mem::bus] Bus fault: read8 unmapped 0x00000000
[WARN  mem::bus] Bus fault: read8 unmapped 0x00000000
[WARN  mem::bus] Bus fault: read8 unmapped 0x00000000
[WARN  mem::bus] Bus fault: read8 unmapped 0x00000000
[WARN  mem::bus] Bus fault: read8 unmapped 0x00000000
[WARN  mem::bus] Bus fault: read8 unmapped 0x00000000
[WARN  mem::bus] Bus fault: read8 unmapped 0x00000000
[WARN  mem::bus] Bus fault: read8 unmapped 0x00000000
[WARN  mem::bus] Bus fault: read8 unmapped 0x00000000
[WARN  mem::bus] Bus fault: read8 unmapped 0x00000000
[WARN  mem::bus] Bus fault: read8 unmapped 0x00000000
[WARN  mem::bus] Bus fault: read8 unmapped 0x00000000
[WARN  mem::bus] Bus fault: read8 unmapped 0x00000000
[WARN  mem::bus] Bus fault: read8 unmapped 0x00000000
[WARN  mem::bus] Bus fault: read8 unmapped 0x00000000
[WARN  mem::bus] Bus fault: read8 unmapped 0x00000000
[WARN  mem::bus] Bus fault: read8 unmapped 0x00000000
[WARN  mem::bus] Bus fault: read8 unmapped 0x00000000
[WARN  mem::bus] Bus fault: read8 unmapped 0x00000000
[WARN  mem::bus] Bus fault: read8 unmapped 0x00000000
[WARN  mem::bus] Bus fault: read8 unmapped 0x00000000
[WARN  mem::bus] Bus fault: read8 unmapped 0x00000000
[WARN  mem::bus] Bus fault: read8 unmapped 0x00000000
[WARN  mem::bus] Bus fault: read8 unmapped 0x00000000
[WARN  mem::bus] Bus fault: read8 unmapped 0x00000000
[WARN  mem::bus] Bus fault: read8 unmapped 0x00000000
[WARN  mem::bus] Bus fault: read8 unmapped 0x00000000
[WARN  mem::bus] Bus fault: read8 unmapped 0x00000000
[WARN  mem::bus] Bus fault: read8 unmapped 0x00000000
[WARN  mem::bus] Bus fault: read8 unmapped 0x00000000
[WARN  mem::bus] Bus fault: read8 unmapped 0x00000000
[WARN  mem::bus] Bus fault: read8 unmapped 0x00000000
[WARN  mem::bus] Bus fault: read8 unmapped 0x00000000
[WARN  mem::bus] Bus fault: read8 unmapped 0x00000000
[WARN  mem::bus] Bus fault: read8 unmapped 0x00000000
[WARN  mem::bus] Bus fault: read8 unmapped 0x00000000
[WARN  mem::bus] Bus fault: read8 unmapped 0x00000000
[WARN  mem::bus] Bus fault: read8 unmapped 0x00000000
[WARN  mem::bus] Bus fault: read8 unmapped 0x00000000
[WARN  mem::bus] Bus fault: read8 unmapped 0x00000000
[WARN  mem::bus] Bus fault: read8 unmapped 0x00000000
[WARN  mem::bus] Bus fault: read8 unmapped 0x00000000
[WARN  mem::bus] Bus fault: read8 unmapped 0x00000000
[WARN  mem::bus] Bus fault: read8 unmapped 0x00000000
[WARN  mem::bus] Bus fault: read8 unmapped 0x00000000
[WARN  mem::bus] Bus fault: read8 unmapped 0x00000000
[WARN  mem::bus] Bus fault: read8 unmapped 0x00000000
[WARN  mem::bus] Bus fault: read8 unmapped 0x00000000
[WARN  mem::bus] Bus fault: read8 unmapped 0x00000000
[WARN  mem::bus] Bus fault: read8 unmapped 0x00000000
[WARN  mem::bus] Bus fault: read8 unmapped 0x00000000
[WARN  mem::bus] Bus fault: read8 unmapped 0x00000000
[WARN  mem::bus] Bus fault: read8 unmapped 0x00000000
[WARN  mem::bus] Bus fault: read8 unmapped 0x00000000
[WARN  mem::bus] Bus fault: read8 unmapped 0x00000000
[WARN  mem::bus] Bus fault: read8 unmapped 0x00000000
[WARN  mem::bus] Bus fault: read8 unmapped 0x00000000
[WARN  mem::bus] Bus fault: read8 unmapped 0x00000000
[WARN  mem::bus] Bus fault: read8 unmapped 0x00000000
[WARN  mem::bus] Bus fault: read8 unmapped 0x00000000
[WARN  mem::bus] Bus fault: read8 unmapped 0x00000000
[WARN  mem::bus] Bus fault: read8 unmapped 0x00000000
[WARN  mem::bus] Bus fault: read8 unmapped 0x00000000
[WARN  mem::bus] Bus fault: read8 unmapped 0x00000000
[WARN  mem::bus] Bus fault: read8 unmapped 0x00000000
[WARN  mem::bus] Bus fault: read8 unmapped 0x00000000
[WARN  mem::bus] Bus fault: read8 unmapped 0x00000000
[WARN  mem::bus] Bus fault: read8 unmapped 0x00000000
[WARN  mem::bus] Bus fault: read8 unmapped 0x00000000
[WARN  mem::bus] Bus fault: read8 unmapped 0x00000000
[WARN  mem::bus] Bus fault: read8 unmapped 0x00000000
[WARN  mem::bus] Bus fault: read8 unmapped 0x00000000
[WARN  mem::bus] Bus fault: read8 unmapped 0x00000000
[WARN  mem::bus] Bus fault: read8 unmapped 0x00000000
[WARN  mem::bus] Bus fault: read8 unmapped 0x00000000
[WARN  mem::bus] Bus fault: read8 unmapped 0x00000000
[WARN  mem::bus] Bus fault: read8 unmapped 0x00000000
[WARN  mem::bus] Bus fault: read8 unmapped 0x00000000
[WARN  mem::bus] Bus fault: read8 unmapped 0x00000000
[WARN  mem::bus] Bus fault: read8 unmapped 0x00000000
[WARN  mem::bus] Bus fault: read8 unmapped 0x00000000
[WARN  mem::bus] Bus fault: read8 unmapped 0x00000000
[WARN  mem::bus] Bus fault: read8 unmapped 0x00000000
[WARN  mem::bus] Bus fault: read8 unmapped 0x00000000
[WARN  mem::bus] Bus fault: read8 unmapped 0x00000000
[WARN  mem::bus] Bus fault: read8 unmapped 0x00000000
[WARN  mem::bus] Bus fault: read8 unmapped 0x00000000
[WARN  mem::bus] Bus fault: read8 unmapped 0x00000000
[WARN  mem::bus] Bus fault: read8 unmapped 0x00000000
[WARN  mem::bus] Bus fault: read8 unmapped 0x00000000
[WARN  mem::bus] Bus fault: read8 unmapped 0x00000000
[WARN  mem::bus] Bus fault: read8 unmapped 0x00000000
[WARN  mem::bus] Bus fault: read8 unmapped 0x00000000
[INFO  gdb_stub] GDB client disconnected; target resumes free-running
Guru Meditation Error: Core  0 panic'ed (Load access fault). Exception was unhandled.

Core  0 register dump:
MEPC    : 0x42002964  RA      : 0x4200d35c  SP      : 0x3fca8350  GP      : 0x3fc91000  
TP      : 0x3fca8980  T0      : 0x0000007c  T1      : 0x00000008  T2      : 0x00000002  
S0/FP   : 0x00000000  S1      : 0x000f4240  A0      : 0x00000000  A1      : 0x000f4240  
A2      : 0x00000001  A3      : 0x00000001  A4      : 0x00000000  A5      : 0x00000000  
A6      : 0x00000008  A7      : 0x0000004d  S2      : 0x00000001  S3      : 0x3fc9583c  
S4      : 0x00000000  S5      : 0x3fca844c  S6      : 0x00000200  S7      : 0x000001ff  
S8      : 0x000003ff  S9      : 0x3fc95808  S10     : 0x00000020  S11     : 0x00000000  
T3      : 0x0000002e  T4      : 0x00000006  T5      : 0x0000000a  T6      : 0x00000022  
MSTATUS : 0x00001880  MTVEC   : 0x40380001  MCAUSE  : 0x00000005  MTVAL   : 0x0000001c  
MHARTID : 0x00000000  

Stack memory:
3fca8350: 0x3fca835c 0x00000000 0x00000000 0x00000001 0x00000001 0x3fc95c7c 0x3fc95c7c 0x4200d35c
3fca8370: 0x00001771 0x3fca84a8 0x00000012 0x4200d5ce 0x3fca838c 0x00000000 0x00000000 0x00001002
3fca8390: 0x00000007 0x3fca842a 0x00000000 0x3fc9583c 0x00000001 0x00001002 0x3fc95c7c 0x4200d89e
3fca83b0: 0x0000000a 0x3fc95808 0x3fc95c7c 0x4200d920 0x00000311 0x00000000 0x3fc95808 0x00000000
3fca83d0: 0x00001002 0x00000000 0x3fc9582c 0x4200db56 0x00000020 0x00000020 0x3fca8524 0x4200b1d0
3fca83f0: 0x00027168 0x00000003 0x3fc9589c 0x36313331 0xffffffff 0x00000003 0x3fca8484 0x00000000
3fca8410: 0x00000000 0x00000000 0x3fc95808 0x00000000 0x00000a02 0x00000002 0x00000001 0x00000000
3fca8430: 0x3fca8548 0x00000000 0x3fca8524 0x4200b2a6 0x3fc98354 0x3c25d000 0x00000001 0x00000000
3fca8450: 0x3fca8548 0x3fca8524 0x3fca8524 0x4200c42a 0x00000020 0x00000000 0x3fca85a8 0x3fca855e
3fca8470: 0x0000006d 0x00000002 0x3fca8518 0x00000002 0x00000524 0x00000034 0x0000000d 0x00000000
3fca8490: 0x00000000 0x00000000 0x3fc9f000 0x3fc96000 0x3fc97548 0x3fca2a50 0x3fc9f000 0x3fc9f000
3fca84b0: 0x00000001 0x3fca8524 0x3fca85a8 0x4200b8ee 0x000409fc 0x00000020 0x3fca85c8 0x4200bf72
3fca84d0: 0x0000ece0 0x00000020 0x3fca85d8 0x00000074 0x0001bff4 0x00000000 0x3fc9f000 0x9a094869
3fca84f0: 0x3fc97548 0x3fca2a50 0x3fc9f000 0x3fc9f000 0x00000001 0x3fca8524 0x3fca85a8 0x4200baba
3fca8510: 0x3fc9f070 0x00000057 0x3fca2eb2 0x3c24f6ac 0x00000000 0x00010080 0x00000000 0x3fc95808
3fca8530: 0x00000000 0x00000002 0x00000000 0x00000000 0x00000000 0x00000000 0x3c24f6a1 0x3fc96000
3fca8550: 0x3c24f6ac 0x00060000 0x0000000b 0x52430106 0x5053534f 0x2020317e 0x3fca0120 0x9a094869
3fca8570: 0x00001800 0x3fca2e5c 0x3fc9f070 0x3fc9f000 0x3c259dd0 0x3c24f6a0 0x3fca29e0 0x420607f0
3fca8590: 0x00000004 0x00000000 0x3fc9f428 0x00000001 0x585b205d 0x00001800 0x00000000 0x00000004
3fca85b0: 0x3fc97548 0x0000000c 0x3fc90830 0x00010019 0x3fcb87ac 0x00010019 0x3fcb87ac 0x00010033
3fca85d0: 0x3fcb887c 0x00010033 0x3fcb887c 0x00010033 0x3fca8710 0x3fca8710 0x3fca29e0 0x4207c7e2
3fca85f0: 0x3fca8710 0x3fca8748 0x3fca8710 0x4207bb22 0x3fcb887c 0x00010033 0x3fca8670 0x3fcb8874
3fca8610: 0x3fca8710 0x3fca8748 0x3fcb887c 0x420bcb9c 0x3c258d48 0x0000000e 0x4207bb01 0x420b0029
3fca8630: 0x3c250019 0x3c258cd0 0x3c250032 0x3fc975a0 0x3c250033 0x3c258d48 0x0000000e 0x4207bb01
3fca8650: 0x3fcb882c 0x3fca2a50 0x0000000c 0x00000001 0x3fca86d0 0x00000001 0x3fca8710 0x420bcbf2
3fca8670: 0x3c258d48 0x3fca2a50 0x0000000c 0x00000001 0x3fca86d0 0x00000001 0x3fcb887c 0x420cbdf8
3fca8690: 0x3fca8710 0x3fc975a2 0x3fc97540 0x420cc016 0x3fc97550 0x0000000f 0x3fc97500 0xffffffff
3fca86b0: 0xffffffff 0x3fca8df0 0x00000100 0x3fcb86fc 0x3fca8710 0x3fcb87ac 0x3fca8710 0x3fc97500
3fca86d0: 0x3fca8710 0x3c258d48 0x0000000e 0x9a094869 0xffffffff 0x3fc97540 0x3fc9f000 0x3fca871c
3fca86f0: 0x3fc97540 0x3fc97540 0x3fca29e0 0x42111070 0x00000095 0xffff0208 0x3fca878f 0x00000000
3fca8710: 0x3fc90830 0x00000000 0x3fca2e80 0x00340080 0x3fcb86e4 0x3fca2a50 0x3fc9f000 0x3fc97550
3fca8730: 0x00000002 0x00000000 0x3fc9ea20 0x3fca871c 0x00040001 0x3c25ffff 0x00330000 0xffff0020



ELF file SHA256: cee8ed02a

Rebooting...
[INFO  machine] Restarting emulator...
[INFO  machine] ROM ELF: 4468 symbols loaded
[INFO  machine] ROM ELF loaded, 15 functions patched for interception
[INFO  machine] CPU reset at ROM entry: PC=0x40000000, SP=0x3FCDE710
[INFO  machine] Emulator restarted (chip=esp32c3)
ESP-ROM:esp32c3-api1-20210207
Build:Feb  7 2021
rst:0xc (RTC_SW_CPU_RST),boot:0x8 (SPI_FAST_FLASH_BOOT)
SPIWP:0xee
mode:DIO, clock div:1
load:0x3fcd5820,len:0x1010
load:0x403cbf10,len:0x9f4
load:0x403ce710,len:0x2ea4
entry 0x403cbf10
[INFO  esp_emu] Interrupted (signal)
