Processing default (platform: https://github.com/pioarduino/platform-espressif32/releases/download/55.03.311/platform-espressif32.zip; board: esp32-c3-devkitm-1; framework: arduino)
--------------------------------------------------------------------------------
Library Manager: Installing symlink://freeink-sdk/libs/hardware/BatteryMonitor
Library Manager: BatteryMonitor@2.0.0 has been installed!
Library Manager: Installing symlink://freeink-sdk/libs/hardware/InputManager
Library Manager: InputManager@2.0.0 has been installed!
Library Manager: Installing symlink://freeink-sdk/libs/hardware/HapticManager
Library Manager: HapticManager@1.0.0 has been installed!
Library Manager: Installing symlink://freeink-sdk/libs/display/FreeInkDisplay
Library Manager: EInkDisplay@2.0.0 has been installed!
Library Manager: Installing symlink://freeink-sdk/libs/hardware/SDCardManager
Library Manager: SDCardManager@2.0.0 has been installed!
Library Manager: Resolving dependencies...
Library Manager: Installing greiman/SdFat @ ^2.3.1
Unpacking 0% 10% 20% 30% 40% 50% 60% 70% 80% 90% 100%
Library Manager: SdFat@2.3.1 has been installed!
Library Manager: Installing symlink://freeink-sdk/libs/hardware/UsbMassStorage
Library Manager: UsbMassStorage@1.0.0 has been installed!
Library Manager: Installing symlink://freeink-sdk/libs/hardware/BoardConfig
Library Manager: BoardConfig@2.0.0 has been installed!
Library Manager: Installing symlink://freeink-sdk/libs/hardware/XteinkDetect
Library Manager: XteinkDetect@1.0.0 has been installed!
Library Manager: Installing symlink://freeink-sdk/libs/hardware/PowerManager
Library Manager: PowerManager@1.0.0 has been installed!
Library Manager: Installing symlink://freeink-sdk/libs/hardware/MemoryManager
Library Manager: MemoryManager@1.0.0 has been installed!
Library Manager: Installing symlink://freeink-sdk/libs/hardware/FrontlightManager
Library Manager: FrontlightManager@1.0.0 has been installed!
Library Manager: Installing symlink://freeink-sdk/libs/hardware/Rtc
Library Manager: Rtc@1.0.0 has been installed!
Library Manager: Installing symlink://freeink-sdk/libs/hardware/Imu
Library Manager: Imu@1.0.0 has been installed!
Library Manager: Installing symlink://freeink-sdk/libs/network/SecureNet
Library Manager: SecureNet@1.0.0 has been installed!
Library Manager: Installing symlink://freeink-sdk/libs/network/JsonSax
Library Manager: JsonSax@1.0.0 has been installed!
Library Manager: Installing symlink://freeink-sdk/libs/network/CatalogList
Library Manager: CatalogList@1.0.0 has been installed!
Library Manager: Resolving dependencies...
Library Manager: Installing symlink://freeink-sdk/libs/book/ContentProtection
Library Manager: ContentProtection@0.1.0 has been installed!
Library Manager: Installing symlink://freeink-sdk/libs/ui/FreeInkUI
Library Manager: FreeInkUI@0.1.0 has been installed!
Library Manager: Installing symlink://freeink-sdk/libs/assets/Icons
Library Manager: Icons@1.0.0 has been installed!
Library Manager: Installing symlink://freeink-sdk/libs/font/FreeInkFont
Library Manager: FreeInkFont@0.1.0 has been installed!
Library Manager: Installing bblanchon/ArduinoJson @ 7.4.2
Unpacking 0% 10% 20% 30% 40% 50% 60% 70% 80% 90% 100%
Library Manager: ArduinoJson@7.4.2 has been installed!
Library Manager: Installing ricmoo/QRCode @ 0.0.1
Unpacking 0% 10% 20% 30% 40% 50% 60% 70% 80%
Library Manager: QRCode@0.0.1 has been installed!
Library Manager: Installing bitbank2/PNGdec @ 1.1.6
Unpacking 0% 10% 20% 30% 40% 50% 60% 70% 80% 90% 100%
Library Manager: PNGdec@1.1.6 has been installed!
Library Manager: Installing git+https://github.com/bitbank2/JPEGDEC.git#86282979224c8a32fd51e091ed5a35b0c699a52b
git version 2.50.1 (Apple Git-155)
Initialized empty Git repository in <HOME>/.platformio/.cache/tmp/pkg-installing-slh5mb5p/.git/
From https://github.com/bitbank2/JPEGDEC
 * branch            86282979224c8a32fd51e091ed5a35b0c699a52b -> FETCH_HEAD
HEAD is now at 8628297 Fixed 2 issues which occur when decoding progressive images
Library Manager: JPEGDEC@1.2.7+sha.8628297 has been installed!
Library Manager: Installing git+https://github.com/bitbank2/AnimatedGIF.git#67cfacafe12ef4926c7713342c57d2a4af040e5e
git version 2.50.1 (Apple Git-155)
Initialized empty Git repository in <HOME>/.platformio/.cache/tmp/pkg-installing-ob5e72j_/.git/
From https://github.com/bitbank2/AnimatedGIF
 * branch            67cfacafe12ef4926c7713342c57d2a4af040e5e -> FETCH_HEAD
HEAD is now at 67cfaca Updated tests with new corrupt files and fixed a crash from invalid block sizes
Library Manager: AnimatedGIF@2.2.0+sha.67cfaca has been installed!
Library Manager: Installing links2004/WebSockets @ 2.7.3
Unpacking 0% 10% 20% 30% 40% 50% 60% 70% 80% 90% 100%
Library Manager: WebSockets@2.7.3 has been installed!
Library Manager: Installing wolfssl/Arduino-wolfSSL @ 5.7.2
Unpacking 0% 10% 20% 30% 40% 50% 60% 70% 80% 90% 100%
Library Manager: Arduino-wolfSSL@5.7.2 has been installed!
Verbose mode can be enabled via `-v, --verbose` option
Patched wolfSSL settings: .pio/libdeps/default/Arduino-wolfSSL/src/user_settings.h
Generated: src/network/html/HomePageHtml.generated.h
  Original: 4514 bytes
  Minified: 4226 bytes (93.6%)
  Compressed: 1446 bytes (32.0%)
Generated: src/network/html/SettingsPageHtml.generated.h
  Original: 26295 bytes
  Minified: 33788 bytes (128.5%)
  Compressed: 8366 bytes (31.8%)
Generated: src/network/html/FontsPageHtml.generated.h
  Original: 10940 bytes
  Minified: 10772 bytes (98.5%)
  Compressed: 3285 bytes (30.0%)
Generated: src/network/html/RunnerPageHtml.generated.h
  Original: 860 bytes
  Minified: 8163 bytes (949.2%)
  Compressed: 3072 bytes (357.2%)
Generated: src/network/html/FilesPageHtml.generated.h
  Original: 228244 bytes
  Minified: 231626 bytes (101.5%)
  Compressed: 54576 bytes (23.9%)
Generated: src/network/html/js/jszip_minJs.generated.h
  Original: 97630 bytes
  Minified: 97630 bytes (100.0%)
  Compressed: 28379 bytes (29.1%)
Language              Code  BCP47        Own  Fallback  Unused  Data (B)
--------------------  ----  -----------  ---  --------  ------  --------
English               EN    en           544  0         8       8996    
العربية               AR    ar           443  101       5       13362   
Беларуская            BE    be           434  110       5       15049   
Български             BG    bg           424  120       5       15386   
Bosanski              BS    bs           434  110       5       8932    
Català                CA    ca           544  0         8       11832   
Valencià              CAV   ca-valencia  544  0         8       11790   
Čeština               CS    cs           434  110       5       9304    
Dansk                 DA    da           323  221       4       5507    
Deutsch               DE    de           514  30        8       9417    
Español               ES    es           544  0         8       11276   
فارسی                 FA    fa           454  90        5       14503   
Suomi                 FI    fi           295  249       2       5665    
Français              FR    fr           491  53        8       9628    
עברית                 HE    he           515  29        8       13051   
Magyar                HU    hu           434  110       5       9780    
Bahasa Indonesia      ID    id           434  110       5       8355    
Italiano              IT    it           515  29        8       9681    
Қазақша               KK    kk           434  110       5       15203   
Lietuvių              LT    lt           434  110       5       7725    
Norsk bokmål          NB    nb           434  110       5       7919    
Nederlands            NL    nl           323  221       4       5573    
Orangutan             OOK   ook          327  217       4       2583    
Polski                PL    pl           434  110       5       8813    
Português (Brasil)    PT    pt-BR        515  29        8       10026   
Português (Portugal)  P2    pt-PT        515  29        8       10785   
Română                RO    ro           323  221       4       6320    
Русский               RU    ru           536  8         8       17393   
Slovenčina            SK    sk           434  110       5       9436    
Slovenščina           SI    sl           434  110       5       8866    
Svenska               SV    sv           453  91        5       8687    
Türkçe                TR    tr           435  109       5       8864    
Українська            UK    uk           436  108       5       15473   
Tiếng Việt            VI    vi           515  29        8       11388   

  Total: 544  |  Used in code: 536  |  Never used: 8
  Flash: 346,568 B strings (deduped)  +  36,992 B offset tables  =  383,560 B

  Stripping 8 unused string(s) from output.

Code generation complete!
  Languages: 34
  String keys: 536
CrossPoint build version: 1.6.5-dev-detached-223c20b48
Applied JPEGDEC patch: 0001-redirect-pmcu-on-mcu-skip.patch
Applied JPEGDEC patch: 0002-guard-dc-writes-on-mcu-skip.patch
Applied JPEGDEC patch: 0003-fix-skip-absent-progressive-chroma-scans.patch
Patched AnimatedGIF MAX_WIDTH guard
CONFIGURATION: https://docs.platformio.org/page/boards/espressif32/esp32-c3-devkitm-1.html
PLATFORM: Espressif 32 (55.3.311) > Espressif ESP32-C3-DevKitM-1
HARDWARE: ESP32C3 160MHz, 320KB RAM, 16MB Flash
DEBUG: Current (cmsis-dap) External (cmsis-dap, esp-bridge, esp-builtin, esp-prog, esp-prog-2, iot-bus-jtag, jlink, minimodule, olimex-arm-usb-ocd, olimex-arm-usb-ocd-h, olimex-arm-usb-tiny-h, olimex-jtag-tiny, tumpa)
PACKAGES: 
 - contrib-piohome @ 3.4.4 
 - framework-arduinoespressif32 @ 3.3.11 
 - framework-arduinoespressif32-libs @ 5.5.5+sha.b774170ff46 
 - framework-espidf @ 3.50505.0 (5.5.5) 
 - tool-cmake @ 4.0.3 
 - tool-cppcheck @ 2.20.1 
 - tool-esp-rom-elfs @ 2024.10.11 
 - tool-esptoolpy @ 5.3.0 
 - tool-ninja @ 1.13.1 
 - tool-riscv32-esp-elf-gdb @ 17.1.0+20260402 
 - tool-scons @ 4.40801.0 (4.8.1) 
 - toolchain-riscv32-esp @ 14.2.0+20260121
*** Compile Arduino IDF libs for default ***
*** "custom_component" is used to deselect managed idf components ***
[ComponentManager] Created backup of build file
[ComponentManager] Removed component: espressif/esp_insights
[ComponentManager] Removed component: espressif/esp_rainmaker
[ComponentManager] Removed component: espressif/esp_diagnostics
[ComponentManager] Removed component: espressif/esp_diag_data_store
[ComponentManager] Component not found: espressif/esp_schedule
[ComponentManager] Component not found: espressif/esp_rcp_update
[ComponentManager] Component not found: espressif/esp_secure_cert_mgr
[ComponentManager] Removed component: espressif/cbor
[ComponentManager] Ignored library: bt (56 entries)
[ComponentManager] Updated build file (56 total removals)
[ComponentManager] Processed 1 ignored libraries
[ComponentManager] Session completed with 12 changes
*** Add "custom_sdkconfig" settings to IDF sdkconfig.defaults ***
Info: Unified frequency mode (>= 80MHz): 80MHz for both Flash and PSRAM
Replace: CONFIG_ESPTOOLPY_FLASHMODE_QIO=y with: # CONFIG_ESPTOOLPY_FLASHMODE_QIO is not set
Replace: # CONFIG_ESPTOOLPY_FLASHMODE_QOUT is not set with: # CONFIG_ESPTOOLPY_FLASHMODE_QOUT is not set
Replace: # CONFIG_ESPTOOLPY_FLASHMODE_DIO is not set with: CONFIG_ESPTOOLPY_FLASHMODE_DIO=y
Replace: # CONFIG_ESPTOOLPY_FLASHMODE_DOUT is not set with: # CONFIG_ESPTOOLPY_FLASHMODE_DOUT is not set
Replace: CONFIG_ESPTOOLPY_FLASHFREQ_80M=y with: CONFIG_ESPTOOLPY_FLASHFREQ_80M=y
Replace: # CONFIG_ESPTOOLPY_FLASHFREQ_40M is not set with: # CONFIG_ESPTOOLPY_FLASHFREQ_40M is not set
Replace: # CONFIG_ESPTOOLPY_FLASHFREQ_26M is not set with: # CONFIG_ESPTOOLPY_FLASHFREQ_26M is not set
Replace: # CONFIG_ESPTOOLPY_FLASHFREQ_20M is not set with: # CONFIG_ESPTOOLPY_FLASHFREQ_20M is not set
Replace: CONFIG_ESPTOOLPY_FLASHFREQ="80m" with: CONFIG_ESPTOOLPY_FLASHFREQ="80m"
Replace: CONFIG_ESPTOOLPY_FLASHSIZE_4MB=y with: # CONFIG_ESPTOOLPY_FLASHSIZE_4MB is not set
Replace: # CONFIG_ESPTOOLPY_FLASHSIZE_8MB is not set with: # CONFIG_ESPTOOLPY_FLASHSIZE_8MB is not set
Replace: # CONFIG_ESPTOOLPY_FLASHSIZE_16MB is not set with: CONFIG_ESPTOOLPY_FLASHSIZE_16MB=y
Replace: # CONFIG_ESPTOOLPY_FLASHSIZE_32MB is not set with: # CONFIG_ESPTOOLPY_FLASHSIZE_32MB is not set
Replace: # CONFIG_ESPTOOLPY_FLASHSIZE_64MB is not set with: # CONFIG_ESPTOOLPY_FLASHSIZE_64MB is not set
Replace: # CONFIG_ESPTOOLPY_FLASHSIZE_128MB is not set with: # CONFIG_ESPTOOLPY_FLASHSIZE_128MB is not set
Replace: CONFIG_ESPTOOLPY_FLASHSIZE="4MB" with: CONFIG_ESPTOOLPY_FLASHSIZE="16MB"
Replace: # CONFIG_ARDUINO_SELECTIVE_COMPILATION is not set with: CONFIG_ARDUINO_SELECTIVE_COMPILATION=y
Replace: # CONFIG_BT_NIMBLE_CRYPTO_STACK_MBEDTLS is not set with: CONFIG_BT_NIMBLE_CRYPTO_STACK_MBEDTLS=y
Replace: # CONFIG_BT_NIMBLE_EXT_SCAN is not set with: CONFIG_BT_NIMBLE_EXT_SCAN=y
Replace: # CONFIG_ESP_DEFAULT_CPU_FREQ_MHZ_80 is not set with: # CONFIG_ESP_DEFAULT_CPU_FREQ_MHZ_80 is not set
Replace: CONFIG_ESP_DEFAULT_CPU_FREQ_MHZ_160=y with: CONFIG_ESP_DEFAULT_CPU_FREQ_MHZ_160=y
Replace: CONFIG_ESP_DEFAULT_CPU_FREQ_MHZ=160 with: CONFIG_ESP_DEFAULT_CPU_FREQ_MHZ=160
Replace: CONFIG_ESP_IPC_TASK_STACK_SIZE=2048 with: CONFIG_ESP_IPC_TASK_STACK_SIZE=1024
Replace: CONFIG_ESP_TIMER_TASK_STACK_SIZE=8192 with: CONFIG_ESP_TIMER_TASK_STACK_SIZE=4096
Replace: # CONFIG_ESP_WIFI_IRAM_OPT is not set with: CONFIG_ESP_WIFI_IRAM_OPT=n
Replace: # CONFIG_ESP_WIFI_RX_IRAM_OPT is not set with: CONFIG_ESP_WIFI_RX_IRAM_OPT=n
Replace: CONFIG_ESP_WIFI_GCMP_SUPPORT=y with: CONFIG_ESP_WIFI_GCMP_SUPPORT=n
Replace: CONFIG_FREERTOS_TIMER_TASK_STACK_DEPTH=4096 with: CONFIG_FREERTOS_TIMER_TASK_STACK_DEPTH=2560
Replace: CONFIG_LIBC_OPTIMIZED_MISALIGNED_ACCESS=y with: CONFIG_LIBC_OPTIMIZED_MISALIGNED_ACCESS=n
Replace: CONFIG_FMB_TCP_CONNECTION_TOUT_SEC=2 with: CONFIG_FMB_TCP_CONNECTION_TOUT_SEC=20
Replace: CONFIG_FMB_MASTER_TIMEOUT_MS_RESPOND=5000 with: CONFIG_FMB_MASTER_TIMEOUT_MS_RESPOND=3000
Replace: CONFIG_FMB_MASTER_MAX_API_BLOCKING_TIME_MS=6000 with: CONFIG_FMB_MASTER_MAX_API_BLOCKING_TIME_MS=10000
Replace: CONFIG_FMB_QUEUE_LENGTH=50 with: CONFIG_FMB_QUEUE_LENGTH=20
Replace: CONFIG_ESP_RMAKER_WORK_QUEUE_TASK_STACK=5120 with: CONFIG_ESP_RMAKER_WORK_QUEUE_TASK_STACK=4096
Replace: # CONFIG_ESP32C3_DEFAULT_CPU_FREQ_80 is not set with: # CONFIG_ESP32C3_DEFAULT_CPU_FREQ_80 is not set
Replace: CONFIG_ESP32C3_DEFAULT_CPU_FREQ_160=y with: CONFIG_ESP32C3_DEFAULT_CPU_FREQ_160=y
Add: # CONFIG_ESP_DEFAULT_CPU_FREQ_MHZ_240 is not set
Add: # CONFIG_ESP32C3_DEFAULT_CPU_FREQ_240 is not set
Add: # CONFIG_ESPTOOLPY_FLASHFREQ_120M is not set
Add: # CONFIG_SPIRAM is not set
Add: CONFIG_ARDUINO_SELECTIVE_RainMaker=n
Add: CONFIG_ARDUINO_SELECTIVE_Insights=n
Add: CONFIG_ARDUINO_SELECTIVE_ESP_SR=n
Using Python 3.13.9 environment at: <HOME>/.platformio/penv/.espidf-5.5.5
Reading CMake configuration...
[ESP-IDF] Ignoring components based on lib_ignore: bt
Generating assembly for certificate bundle...
LDF: Library Dependency Finder -> https://bit.ly/configure-pio-ldf
LDF Modes: Finder ~ chain, Compatibility ~ soft
Found 100 compatible libraries
Scanning dependencies...
No dependencies
Building in release mode
Compiling .pio/build/default/.dummy/sketch.cpp.o
Compiling .pio/build/default/.dummy/arduino-lib-builder-gcc.c.o
Compiling .pio/build/default/.dummy/arduino-lib-builder-cpp.cpp.o
Compiling .pio/build/default/.dummy/arduino-lib-builder-as.S.o
Generating LD script .pio/build/default/esp-idf/esp_system/ld/memory.ld.in
Generating LD script .pio/build/default/esp-idf/esp_system/ld/sections.ld.in
Compiling .pio/build/default/app_trace/app_trace.c.o
Compiling .pio/build/default/app_trace/app_trace_util.c.o
Compiling .pio/build/default/app_trace/host_file_io.c.o
Compiling .pio/build/default/app_trace/port/port_uart.c.o
Compiling .pio/build/default/app_update/esp_ota_ops.c.o
Compiling .pio/build/default/app_update/esp_ota_app_desc.c.o
Compiling .pio/build/default/bootloader_support/src/bootloader_common.c.o
Compiling .pio/build/default/bootloader_support/src/bootloader_common_loader.c.o
Generating LD script .pio/build/default/memory.ld
Compiling .pio/build/default/bootloader_support/src/bootloader_clock_init.c.o
Compiling .pio/build/default/bootloader_support/src/bootloader_mem.c.o
Archiving .pio/build/default/esp-idf/app_trace/libapp_trace.a
Compiling .pio/build/default/bootloader_support/src/bootloader_random.c.o
Compiling .pio/build/default/bootloader_support/src/bootloader_efuse.c.o
Indexing .pio/build/default/esp-idf/app_trace/libapp_trace.a
Compiling .pio/build/default/bootloader_support/src/flash_encrypt.c.o
Archiving .pio/build/default/esp-idf/app_update/libapp_update.a
Compiling .pio/build/default/bootloader_support/src/secure_boot.c.o
Compiling .pio/build/default/bootloader_support/src/bootloader_random_esp32c3.c.o
Compiling .pio/build/default/bootloader_support/bootloader_flash/src/bootloader_flash.c.o
Compiling .pio/build/default/bootloader_support/bootloader_flash/src/flash_qio_mode.c.o
Compiling .pio/build/default/bootloader_support/bootloader_flash/src/bootloader_flash_config_esp32c3.c.o
Indexing .pio/build/default/esp-idf/app_update/libapp_update.a
Compiling .pio/build/default/bootloader_support/src/bootloader_utility.c.o
Compiling .pio/build/default/bootloader_support/src/flash_partitions.c.o
Compiling .pio/build/default/bootloader_support/src/esp_image_format.c.o
Compiling .pio/build/default/bootloader_support/src/bootloader_sha.c.o
Compiling .pio/build/default/bootloader_support/src/esp32c3/secure_boot_secure_features.c.o
Compiling .pio/build/default/bt/common/btc/core/btc_alarm.c.o
Compiling .pio/build/default/bt/common/api/esp_blufi_api.c.o
Compiling .pio/build/default/bt/common/hci_log/bt_hci_log.c.o
Compiling .pio/build/default/bt/common/btc/core/btc_manage.c.o
Compiling .pio/build/default/bt/common/hci_log/bt_hci_log_insights.c.o
Compiling .pio/build/default/bt/common/btc/core/btc_task.c.o
Compiling .pio/build/default/bt/common/btc/profile/esp/blufi/blufi_prf.c.o
Archiving .pio/build/default/esp-idf/bootloader_support/libbootloader_support.a
Compiling .pio/build/default/bt/common/btc/profile/esp/blufi/blufi_protocol.c.o
Compiling .pio/build/default/bt/common/osi/alarm.c.o
Compiling .pio/build/default/bt/common/osi/allocator.c.o
Compiling .pio/build/default/bt/common/osi/buffer.c.o
Compiling .pio/build/default/bt/common/osi/config.c.o
Indexing .pio/build/default/esp-idf/bootloader_support/libbootloader_support.a
Compiling .pio/build/default/bt/common/osi/fixed_queue.c.o
Compiling .pio/build/default/bt/common/osi/pkt_queue.c.o
Compiling .pio/build/default/bt/common/osi/fixed_pkt_queue.c.o
Compiling .pio/build/default/bt/common/osi/future.c.o
Compiling .pio/build/default/bt/common/osi/hash_functions.c.o
Compiling .pio/build/default/bt/common/osi/hash_map.c.o
Compiling .pio/build/default/bt/common/osi/list.c.o
Compiling .pio/build/default/bt/common/osi/mutex.c.o
Compiling .pio/build/default/bt/common/osi/thread.c.o
Compiling .pio/build/default/bt/common/osi/osi.c.o
Compiling .pio/build/default/bt/common/osi/semaphore.c.o
Compiling .pio/build/default/bt/common/ble_log/deprecated/ble_log_spi_out.c.o
Compiling .pio/build/default/bt/common/tinycrypt/src/utils.c.o
Compiling .pio/build/default/bt/common/tinycrypt/src/sha256.c.o
Compiling .pio/build/default/bt/common/tinycrypt/src/ecc.c.o
Compiling .pio/build/default/bt/common/tinycrypt/src/ctr_prng.c.o
Compiling .pio/build/default/bt/common/tinycrypt/src/ctr_mode.c.o
Compiling .pio/build/default/bt/common/tinycrypt/src/aes_decrypt.c.o
Compiling .pio/build/default/bt/common/tinycrypt/src/aes_encrypt.c.o
Compiling .pio/build/default/bt/common/tinycrypt/src/ccm_mode.c.o
Compiling .pio/build/default/bt/common/tinycrypt/src/ecc_dsa.c.o
Compiling .pio/build/default/bt/common/tinycrypt/src/cmac_mode.c.o
Compiling .pio/build/default/bt/common/tinycrypt/src/ecc_dh.c.o
Compiling .pio/build/default/bt/common/tinycrypt/src/hmac_prng.c.o
Compiling .pio/build/default/bt/common/tinycrypt/src/ecc_platform_specific.c.o
Compiling .pio/build/default/bt/common/tinycrypt/src/hmac.c.o
Compiling .pio/build/default/bt/common/tinycrypt/src/cbc_mode.c.o
Compiling .pio/build/default/bt/common/tinycrypt/port/esp_tinycrypt_port.c.o
Compiling .pio/build/default/bt/controller/esp32c3/bt.c.o
Compiling .pio/build/default/bt/host/nimble/nimble/nimble/transport/src/transport.c.o
Compiling .pio/build/default/bt/host/nimble/nimble/nimble/host/util/src/addr.c.o
Compiling .pio/build/default/bt/host/nimble/nimble/nimble/host/services/gatt/src/ble_svc_gatt.c.o
Compiling .pio/build/default/bt/host/nimble/nimble/nimble/host/services/tps/src/ble_svc_tps.c.o
Compiling .pio/build/default/bt/host/nimble/nimble/nimble/host/services/ias/src/ble_svc_ias.c.o
Compiling .pio/build/default/bt/host/nimble/nimble/nimble/host/services/ipss/src/ble_svc_ipss.c.o
Compiling .pio/build/default/bt/host/nimble/nimble/nimble/host/services/ans/src/ble_svc_ans.c.o
Compiling .pio/build/default/bt/host/nimble/nimble/nimble/host/services/hr/src/ble_svc_hr.c.o
Compiling .pio/build/default/bt/host/nimble/nimble/nimble/host/services/htp/src/ble_svc_htp.c.o
Compiling .pio/build/default/bt/host/nimble/nimble/nimble/host/services/gap/src/ble_svc_gap.c.o
Compiling .pio/build/default/bt/host/nimble/nimble/nimble/host/services/bas/src/ble_svc_bas.c.o
Compiling .pio/build/default/bt/host/nimble/nimble/nimble/host/services/dis/src/ble_svc_dis.c.o
Compiling .pio/build/default/bt/host/nimble/nimble/nimble/host/services/lls/src/ble_svc_lls.c.o
Compiling .pio/build/default/bt/host/nimble/nimble/nimble/host/services/prox/src/ble_svc_prox.c.o
Compiling .pio/build/default/bt/host/nimble/nimble/nimble/host/services/cts/src/ble_svc_cts.c.o
Compiling .pio/build/default/bt/host/nimble/nimble/nimble/host/services/hid/src/ble_svc_hid.c.o
Compiling .pio/build/default/bt/host/nimble/nimble/nimble/host/services/sps/src/ble_svc_sps.c.o
Compiling .pio/build/default/bt/host/nimble/nimble/nimble/host/services/cte/src/ble_svc_cte.c.o
Compiling .pio/build/default/bt/host/nimble/nimble/nimble/host/services/ras/src/ble_svc_ras.c.o
Compiling .pio/build/default/bt/host/nimble/nimble/nimble/host/src/ble_cs.c.o
Compiling .pio/build/default/bt/host/nimble/nimble/nimble/host/src/ble_hs_conn.c.o
Compiling .pio/build/default/bt/host/nimble/nimble/nimble/host/src/ble_store_util.c.o
Compiling .pio/build/default/bt/host/nimble/nimble/nimble/host/src/ble_sm.c.o
Compiling .pio/build/default/bt/host/nimble/nimble/nimble/host/src/ble_hs_shutdown.c.o
Compiling .pio/build/default/bt/host/nimble/nimble/nimble/host/src/ble_l2cap_sig_cmd.c.o
Compiling .pio/build/default/bt/host/nimble/nimble/nimble/host/src/ble_hs_hci_cmd.c.o
Compiling .pio/build/default/bt/host/nimble/nimble/nimble/host/src/ble_hs_id.c.o
Compiling .pio/build/default/bt/host/nimble/nimble/nimble/host/src/ble_att_svr.c.o
Compiling .pio/build/default/bt/host/nimble/nimble/nimble/host/src/ble_gatts_lcl.c.o
Compiling .pio/build/default/bt/host/nimble/nimble/nimble/host/src/ble_ibeacon.c.o
Compiling .pio/build/default/bt/host/nimble/nimble/nimble/host/src/ble_hs_atomic.c.o
Compiling .pio/build/default/bt/host/nimble/nimble/nimble/host/src/ble_sm_alg.c.o
Compiling .pio/build/default/bt/host/nimble/nimble/nimble/host/src/ble_hs_stop.c.o
Compiling .pio/build/default/bt/host/nimble/nimble/nimble/host/src/ble_hs.c.o
Compiling .pio/build/default/bt/host/nimble/nimble/nimble/host/src/ble_hs_hci_evt.c.o
Compiling .pio/build/default/bt/host/nimble/nimble/nimble/host/src/ble_hs_mqueue.c.o
Compiling .pio/build/default/bt/host/nimble/nimble/nimble/host/src/ble_hs_periodic_sync.c.o
Compiling .pio/build/default/bt/host/nimble/nimble/nimble/host/src/ble_att.c.o
Compiling .pio/build/default/bt/host/nimble/nimble/nimble/host/src/ble_ead.c.o
Compiling .pio/build/default/bt/host/nimble/nimble/nimble/host/src/ble_aes_ccm.c.o
Compiling .pio/build/default/bt/host/nimble/nimble/nimble/host/src/ble_gattc.c.o
Compiling .pio/build/default/bt/host/nimble/nimble/nimble/host/src/ble_store.c.o
Compiling .pio/build/default/bt/host/nimble/nimble/nimble/host/src/ble_sm_lgcy.c.o
Compiling .pio/build/default/bt/host/nimble/nimble/nimble/host/src/ble_hs_cfg.c.o
Compiling .pio/build/default/bt/host/nimble/nimble/nimble/host/src/ble_att_clt.c.o
Compiling .pio/build/default/bt/host/nimble/nimble/nimble/host/src/ble_l2cap_coc.c.o
Compiling .pio/build/default/bt/host/nimble/nimble/nimble/host/src/ble_hs_mbuf.c.o
Compiling .pio/build/default/bt/host/nimble/nimble/nimble/host/src/ble_att_cmd.c.o
Compiling .pio/build/default/bt/host/nimble/nimble/nimble/host/src/ble_hs_log.c.o
Compiling .pio/build/default/bt/host/nimble/nimble/nimble/host/src/ble_eddystone.c.o
Compiling .pio/build/default/bt/host/nimble/nimble/nimble/host/src/ble_hs_startup.c.o
Compiling .pio/build/default/bt/host/nimble/nimble/nimble/host/src/ble_l2cap_sig.c.o
Compiling .pio/build/default/bt/host/nimble/nimble/nimble/host/src/ble_gap.c.o
Compiling .pio/build/default/bt/host/nimble/nimble/nimble/host/src/ble_sm_cmd.c.o
Compiling .pio/build/default/bt/host/nimble/nimble/nimble/host/src/ble_uuid.c.o
Compiling .pio/build/default/bt/host/nimble/nimble/nimble/host/src/ble_hs_pvcy.c.o
Compiling .pio/build/default/bt/host/nimble/nimble/nimble/host/src/ble_hs_flow.c.o
Compiling .pio/build/default/bt/host/nimble/nimble/nimble/host/src/ble_l2cap.c.o
Compiling .pio/build/default/bt/host/nimble/nimble/nimble/host/src/ble_sm_sc.c.o
Compiling .pio/build/default/bt/host/nimble/nimble/nimble/host/src/ble_hs_misc.c.o
Compiling .pio/build/default/bt/host/nimble/nimble/nimble/host/src/ble_gatts.c.o
Compiling .pio/build/default/bt/host/nimble/nimble/nimble/host/src/ble_hs_adv.c.o
Compiling .pio/build/default/bt/host/nimble/nimble/nimble/host/src/ble_hs_hci.c.o
Compiling .pio/build/default/bt/host/nimble/nimble/nimble/host/src/ble_hs_hci_util.c.o
Compiling .pio/build/default/bt/host/nimble/nimble/nimble/host/src/ble_hs_resolv.c.o
Compiling .pio/build/default/bt/host/nimble/nimble/nimble/host/store/ram/src/ble_store_ram.c.o
Compiling .pio/build/default/bt/host/nimble/nimble/nimble/host/store/config/src/ble_store_config.c.o
Compiling .pio/build/default/bt/host/nimble/nimble/nimble/host/store/config/src/ble_store_nvs.c.o
Compiling .pio/build/default/bt/host/nimble/nimble/nimble/host/src/ble_gattc_cache.c.o
Compiling .pio/build/default/bt/host/nimble/nimble/nimble/host/src/ble_gattc_cache_conn.c.o
Compiling .pio/build/default/bt/host/nimble/nimble/nimble/host/src/ble_eatt.c.o
Compiling .pio/build/default/bt/host/nimble/nimble/porting/nimble/src/nimble_port.c.o
Compiling .pio/build/default/bt/host/nimble/port/src/nvs_port.c.o
Compiling .pio/build/default/bt/host/nimble/port/src/esp_nimble_mem.c.o
Compiling .pio/build/default/bt/common/btc/profile/esp/blufi/nimble_host/esp_blufi.c.o
Compiling .pio/build/default/bt/esp_ble_mesh/core/nimble_host/adapter.c.o
Compiling .pio/build/default/bt/host/nimble/nimble/porting/npl/freertos/src/nimble_port_freertos.c.o
Compiling .pio/build/default/bt/host/nimble/esp-hci/src/esp_nimble_hci.c.o
Compiling .pio/build/default/bt/host/nimble/nimble/nimble/transport/esp_ipc_legacy/src/hci_esp_ipc_legacy.c.o
Compiling .pio/build/default/bt/host/nimble/nimble/porting/nimble/src/endian.c.o
Compiling .pio/build/default/bt/porting/mem/os_mempool.c.o
Compiling .pio/build/default/bt/host/nimble/nimble/porting/nimble/src/mem.c.o
Compiling .pio/build/default/bt/host/nimble/nimble/porting/nimble/src/os_mbuf.c.o
Compiling .pio/build/default/bt/host/nimble/nimble/porting/nimble/src/os_msys_init.c.o
Compiling .pio/build/default/bt/host/nimble/nimble/porting/npl/freertos/src/npl_os_freertos.c.o
Compiling .pio/build/default/bt/esp_ble_mesh/api/core/esp_ble_mesh_ble_api.c.o
Compiling .pio/build/default/bt/esp_ble_mesh/api/core/esp_ble_mesh_common_api.c.o
Compiling .pio/build/default/bt/esp_ble_mesh/api/core/esp_ble_mesh_local_data_operation_api.c.o
Compiling .pio/build/default/bt/esp_ble_mesh/api/core/esp_ble_mesh_low_power_api.c.o
Compiling .pio/build/default/bt/esp_ble_mesh/api/core/esp_ble_mesh_networking_api.c.o
Compiling .pio/build/default/bt/esp_ble_mesh/api/core/esp_ble_mesh_provisioning_api.c.o
Compiling .pio/build/default/bt/esp_ble_mesh/api/core/esp_ble_mesh_proxy_api.c.o
Compiling .pio/build/default/bt/esp_ble_mesh/api/models/esp_ble_mesh_config_model_api.c.o
Compiling .pio/build/default/bt/esp_ble_mesh/api/models/esp_ble_mesh_generic_model_api.c.o
Compiling .pio/build/default/bt/esp_ble_mesh/api/models/esp_ble_mesh_health_model_api.c.o
Compiling .pio/build/default/bt/esp_ble_mesh/api/models/esp_ble_mesh_lighting_model_api.c.o
Compiling .pio/build/default/bt/esp_ble_mesh/api/models/esp_ble_mesh_sensor_model_api.c.o
Compiling .pio/build/default/bt/esp_ble_mesh/api/models/esp_ble_mesh_time_scene_model_api.c.o
Compiling .pio/build/default/bt/esp_ble_mesh/btc/btc_ble_mesh_ble.c.o
Compiling .pio/build/default/bt/esp_ble_mesh/btc/btc_ble_mesh_config_model.c.o
Compiling .pio/build/default/bt/esp_ble_mesh/btc/btc_ble_mesh_generic_model.c.o
Compiling .pio/build/default/bt/esp_ble_mesh/btc/btc_ble_mesh_health_model.c.o
Compiling .pio/build/default/bt/esp_ble_mesh/btc/btc_ble_mesh_lighting_model.c.o
Compiling .pio/build/default/bt/esp_ble_mesh/btc/btc_ble_mesh_prov.c.o
Compiling .pio/build/default/bt/esp_ble_mesh/btc/btc_ble_mesh_sensor_model.c.o
Compiling .pio/build/default/bt/esp_ble_mesh/btc/btc_ble_mesh_time_scene_model.c.o
Compiling .pio/build/default/bt/esp_ble_mesh/common/atomic.c.o
Compiling .pio/build/default/bt/esp_ble_mesh/common/buf.c.o
Compiling .pio/build/default/bt/esp_ble_mesh/common/common.c.o
Compiling .pio/build/default/bt/esp_ble_mesh/common/kernel.c.o
Compiling .pio/build/default/bt/esp_ble_mesh/common/mutex.c.o
Compiling .pio/build/default/bt/esp_ble_mesh/common/queue.c.o
Compiling .pio/build/default/bt/esp_ble_mesh/common/timer.c.o
Compiling .pio/build/default/bt/esp_ble_mesh/common/utils.c.o
Compiling .pio/build/default/bt/esp_ble_mesh/core/storage/settings_nvs.c.o
Compiling .pio/build/default/bt/esp_ble_mesh/core/storage/settings_uid.c.o
Compiling .pio/build/default/bt/esp_ble_mesh/core/storage/settings.c.o
Compiling .pio/build/default/bt/esp_ble_mesh/core/access.c.o
Compiling .pio/build/default/bt/esp_ble_mesh/core/adv_common.c.o
Compiling .pio/build/default/bt/esp_ble_mesh/core/beacon.c.o
Compiling .pio/build/default/bt/esp_ble_mesh/core/cfg_cli.c.o
Compiling .pio/build/default/bt/esp_ble_mesh/core/cfg_srv.c.o
Compiling .pio/build/default/bt/esp_ble_mesh/core/crypto.c.o
Compiling .pio/build/default/bt/esp_ble_mesh/core/fast_prov.c.o
Compiling .pio/build/default/bt/esp_ble_mesh/core/friend.c.o
Compiling .pio/build/default/bt/esp_ble_mesh/core/health_cli.c.o
Compiling .pio/build/default/bt/esp_ble_mesh/core/health_srv.c.o
Compiling .pio/build/default/bt/esp_ble_mesh/core/heartbeat.c.o
Compiling .pio/build/default/bt/esp_ble_mesh/core/local.c.o
Compiling .pio/build/default/bt/esp_ble_mesh/core/lpn.c.o
Compiling .pio/build/default/bt/esp_ble_mesh/core/main.c.o
Compiling .pio/build/default/bt/esp_ble_mesh/core/net.c.o
Compiling .pio/build/default/bt/esp_ble_mesh/core/prov_common.c.o
Compiling .pio/build/default/bt/esp_ble_mesh/core/prov_node.c.o
Compiling .pio/build/default/bt/esp_ble_mesh/core/prov_pvnr.c.o
Compiling .pio/build/default/bt/esp_ble_mesh/core/proxy_client.c.o
Compiling .pio/build/default/bt/esp_ble_mesh/core/proxy_server.c.o
Compiling .pio/build/default/bt/esp_ble_mesh/core/pvnr_mgmt.c.o
Compiling .pio/build/default/bt/esp_ble_mesh/core/rpl.c.o
Compiling .pio/build/default/bt/esp_ble_mesh/core/scan.c.o
Compiling .pio/build/default/bt/esp_ble_mesh/core/test.c.o
Compiling .pio/build/default/bt/esp_ble_mesh/models/common/device_property.c.o
Compiling .pio/build/default/bt/esp_ble_mesh/models/common/model_common.c.o
Compiling .pio/build/default/bt/esp_ble_mesh/models/client/client_common.c.o
Compiling .pio/build/default/bt/esp_ble_mesh/models/client/generic_client.c.o
Compiling .pio/build/default/bt/esp_ble_mesh/models/client/lighting_client.c.o
Compiling .pio/build/default/bt/esp_ble_mesh/models/client/sensor_client.c.o
Compiling .pio/build/default/bt/esp_ble_mesh/models/client/time_scene_client.c.o
Compiling .pio/build/default/bt/esp_ble_mesh/models/server/generic_server.c.o
Compiling .pio/build/default/bt/esp_ble_mesh/models/server/lighting_server.c.o
Compiling .pio/build/default/bt/esp_ble_mesh/models/server/sensor_server.c.o
Compiling .pio/build/default/bt/esp_ble_mesh/models/server/server_common.c.o
Compiling .pio/build/default/bt/esp_ble_mesh/models/server/state_binding.c.o
Compiling .pio/build/default/bt/esp_ble_mesh/models/server/state_transition.c.o
Compiling .pio/build/default/bt/esp_ble_mesh/models/server/time_scene_server.c.o
Compiling .pio/build/default/bt/esp_ble_mesh/core/adv.c.o
Compiling .pio/build/default/bt/esp_ble_mesh/common/crypto_tc.c.o
Compiling .pio/build/default/bt/esp_ble_mesh/v1.1/api/core/esp_ble_mesh_agg_model_api.c.o
Compiling .pio/build/default/bt/esp_ble_mesh/v1.1/api/core/esp_ble_mesh_brc_model_api.c.o
Compiling .pio/build/default/bt/esp_ble_mesh/v1.1/api/core/esp_ble_mesh_cm_data_api.c.o
Compiling .pio/build/default/bt/esp_ble_mesh/v1.1/api/core/esp_ble_mesh_df_model_api.c.o
Compiling .pio/build/default/bt/esp_ble_mesh/v1.1/api/core/esp_ble_mesh_lcd_model_api.c.o
Compiling .pio/build/default/bt/esp_ble_mesh/v1.1/api/core/esp_ble_mesh_odp_model_api.c.o
Compiling .pio/build/default/bt/esp_ble_mesh/v1.1/api/core/esp_ble_mesh_prb_model_api.c.o
Compiling .pio/build/default/bt/esp_ble_mesh/v1.1/api/core/esp_ble_mesh_rpr_model_api.c.o
Compiling .pio/build/default/bt/esp_ble_mesh/v1.1/api/core/esp_ble_mesh_sar_model_api.c.o
Compiling .pio/build/default/bt/esp_ble_mesh/v1.1/api/core/esp_ble_mesh_srpl_model_api.c.o
Compiling .pio/build/default/bt/esp_ble_mesh/v1.1/api/models/esp_ble_mesh_mbt_model_api.c.o
Compiling .pio/build/default/bt/esp_ble_mesh/v1.1/api/models/esp_ble_mesh_dfu_model_api.c.o
Compiling .pio/build/default/bt/esp_ble_mesh/v1.1/api/models/esp_ble_mesh_dfu_slot_api.c.o
Compiling .pio/build/default/bt/esp_ble_mesh/v1.1/btc/btc_ble_mesh_agg_model.c.o
Compiling .pio/build/default/bt/esp_ble_mesh/v1.1/btc/btc_ble_mesh_brc_model.c.o
Compiling .pio/build/default/bt/esp_ble_mesh/v1.1/btc/btc_ble_mesh_df_model.c.o
Compiling .pio/build/default/bt/esp_ble_mesh/v1.1/btc/btc_ble_mesh_dfu_model.c.o
Compiling .pio/build/default/bt/esp_ble_mesh/v1.1/btc/btc_ble_mesh_dfu_slot.c.o
Compiling .pio/build/default/bt/esp_ble_mesh/v1.1/btc/btc_ble_mesh_lcd_model.c.o
Compiling .pio/build/default/bt/esp_ble_mesh/v1.1/btc/btc_ble_mesh_mbt_model.c.o
Compiling .pio/build/default/bt/esp_ble_mesh/v1.1/btc/btc_ble_mesh_odp_model.c.o
Compiling .pio/build/default/bt/esp_ble_mesh/v1.1/btc/btc_ble_mesh_prb_model.c.o
Compiling .pio/build/default/bt/esp_ble_mesh/v1.1/btc/btc_ble_mesh_rpr_model.c.o
Compiling .pio/build/default/bt/esp_ble_mesh/v1.1/btc/btc_ble_mesh_sar_model.c.o
Compiling .pio/build/default/bt/esp_ble_mesh/v1.1/btc/btc_ble_mesh_srpl_model.c.o
Compiling .pio/build/default/bt/esp_ble_mesh/v1.1/mbt/blob_srv.c.o
Compiling .pio/build/default/bt/esp_ble_mesh/v1.1/mbt/blob_cli.c.o
Compiling .pio/build/default/bt/esp_ble_mesh/v1.1/dfu/dfu_cli.c.o
Compiling .pio/build/default/bt/esp_ble_mesh/v1.1/dfu/dfu_srv.c.o
Compiling .pio/build/default/bt/esp_ble_mesh/v1.1/dfu/dfu_slot.c.o
Compiling .pio/build/default/bt/esp_ble_mesh/v1.1/dfu/dfu_metadata.c.o
Compiling .pio/build/default/bt/esp_ble_mesh/v1.1/dfu/dfd_srv.c.o
Compiling .pio/build/default/bt/esp_ble_mesh/v1.1/dfu/dfd_cli.c.o
Compiling .pio/build/default/bt/esp_ble_mesh/lib/ext.c.o
Compiling .pio/build/default/bt/esp_ble_mesh/core/transport.c.o
Compiling .pio/build/default/managed_components/chmorgan__esp-libhelix-mp3/libhelix-mp3/mp3dec.c.o
Compiling .pio/build/default/managed_components/chmorgan__esp-libhelix-mp3/libhelix-mp3/mp3tabs.c.o
Compiling .pio/build/default/managed_components/chmorgan__esp-libhelix-mp3/libhelix-mp3/real/bitstream.c.o
Compiling .pio/build/default/managed_components/chmorgan__esp-libhelix-mp3/libhelix-mp3/real/buffers.c.o
Compiling .pio/build/default/managed_components/chmorgan__esp-libhelix-mp3/libhelix-mp3/real/dct32.c.o
Compiling .pio/build/default/managed_components/chmorgan__esp-libhelix-mp3/libhelix-mp3/real/dequant.c.o
Compiling .pio/build/default/managed_components/chmorgan__esp-libhelix-mp3/libhelix-mp3/real/dqchan.c.o
Compiling .pio/build/default/managed_components/chmorgan__esp-libhelix-mp3/libhelix-mp3/real/huffman.c.o
Compiling .pio/build/default/managed_components/chmorgan__esp-libhelix-mp3/libhelix-mp3/real/hufftabs.c.o
Compiling .pio/build/default/managed_components/chmorgan__esp-libhelix-mp3/libhelix-mp3/real/imdct.c.o
Compiling .pio/build/default/managed_components/chmorgan__esp-libhelix-mp3/libhelix-mp3/real/polyphase.c.o
Compiling .pio/build/default/managed_components/chmorgan__esp-libhelix-mp3/libhelix-mp3/real/scalfact.c.o
Compiling .pio/build/default/managed_components/chmorgan__esp-libhelix-mp3/libhelix-mp3/real/stproc.c.o
Compiling .pio/build/default/managed_components/chmorgan__esp-libhelix-mp3/libhelix-mp3/real/subband.c.o
Compiling .pio/build/default/managed_components/chmorgan__esp-libhelix-mp3/libhelix-mp3/real/trigtabs.c.o
Compiling .pio/build/default/cmock/CMock/src/cmock.c.o
Archiving .pio/build/default/esp-idf/bt/libbt.a
Compiling .pio/build/default/console/commands.c.o
Compiling .pio/build/default/console/esp_console_common.c.o
Compiling .pio/build/default/console/esp_console_repl_internal.c.o
Compiling .pio/build/default/console/split_argv.c.o
Compiling .pio/build/default/console/linenoise/linenoise.c.o
Archiving .pio/build/default/esp-idf/chmorgan__esp-libhelix-mp3/libchmorgan__esp-libhelix-mp3.a
Archiving .pio/build/default/esp-idf/cmock/libcmock.a
Indexing .pio/build/default/esp-idf/bt/libbt.a
Indexing .pio/build/default/esp-idf/cmock/libcmock.a
Indexing .pio/build/default/esp-idf/chmorgan__esp-libhelix-mp3/libchmorgan__esp-libhelix-mp3.a
Compiling .pio/build/default/console/esp_console_repl_chip.c.o
Compiling .pio/build/default/console/argtable3/arg_cmd.c.o
Compiling .pio/build/default/console/argtable3/arg_date.c.o
Compiling .pio/build/default/console/argtable3/arg_dbl.c.o
Compiling .pio/build/default/console/argtable3/arg_dstr.c.o
Compiling .pio/build/default/console/argtable3/arg_end.c.o
Compiling .pio/build/default/console/argtable3/arg_file.c.o
Compiling .pio/build/default/console/argtable3/arg_hashtable.c.o
Compiling .pio/build/default/console/argtable3/arg_int.c.o
Compiling .pio/build/default/console/argtable3/arg_lit.c.o
Compiling .pio/build/default/console/argtable3/arg_rem.c.o
Compiling .pio/build/default/console/argtable3/arg_rex.c.o
Compiling .pio/build/default/console/argtable3/arg_str.c.o
Compiling .pio/build/default/console/argtable3/arg_utils.c.o
Compiling .pio/build/default/console/argtable3/argtable3.c.o
Compiling .pio/build/default/cxx/cxx_exception_stubs.cpp.o
Compiling .pio/build/default/cxx/cxx_guards.cpp.o
Compiling .pio/build/default/cxx/cxx_init.cpp.o
Compiling .pio/build/default/driver/deprecated/adc_legacy.c.o
Compiling .pio/build/default/driver/deprecated/adc_dma_legacy.c.o
Compiling .pio/build/default/driver/deprecated/timer_legacy.c.o
Compiling .pio/build/default/driver/i2c/i2c.c.o
Compiling .pio/build/default/driver/deprecated/i2s_legacy.c.o
Compiling .pio/build/default/driver/deprecated/rmt_legacy.c.o
Archiving .pio/build/default/esp-idf/console/libconsole.a
Archiving .pio/build/default/esp-idf/cxx/libcxx.a
Compiling .pio/build/default/driver/deprecated/sigma_delta_legacy.c.o
Indexing .pio/build/default/esp-idf/console/libconsole.a
Compiling .pio/build/default/driver/deprecated/rtc_temperature_legacy.c.o
Indexing .pio/build/default/esp-idf/cxx/libcxx.a
Compiling .pio/build/default/driver/twai/twai.c.o
Compiling .pio/build/default/efuse/esp32c3/esp_efuse_table.c.o
Compiling .pio/build/default/efuse/esp32c3/esp_efuse_fields.c.o
Compiling .pio/build/default/efuse/esp32c3/esp_efuse_rtc_calib.c.o
Compiling .pio/build/default/efuse/esp32c3/esp_efuse_utility.c.o
Compiling .pio/build/default/efuse/src/esp_efuse_api.c.o
Compiling .pio/build/default/efuse/src/esp_efuse_fields.c.o
Compiling .pio/build/default/efuse/src/esp_efuse_utility.c.o
Compiling .pio/build/default/efuse/src/efuse_controller/keys/with_key_purposes/esp_efuse_api_key.c.o
Compiling .pio/build/default/efuse/src/esp_efuse_startup.c.o
Archiving .pio/build/default/esp-idf/driver/libdriver.a
Compiling .pio/build/default/esp-tls/esp_tls.c.o
Compiling .pio/build/default/esp-tls/esp-tls-crypto/esp_tls_crypto.c.o
Compiling .pio/build/default/esp-tls/esp_tls_error_capture.c.o
Indexing .pio/build/default/esp-idf/driver/libdriver.a
Compiling .pio/build/default/esp-tls/esp_tls_platform_port.c.o
Compiling .pio/build/default/esp-tls/esp_tls_mbedtls.c.o
Compiling .pio/build/default/esp_adc/adc_oneshot.c.o
Archiving .pio/build/default/esp-idf/efuse/libefuse.a
Compiling .pio/build/default/esp_adc/adc_common.c.o
Compiling .pio/build/default/esp_adc/adc_cali.c.o
Compiling .pio/build/default/esp_adc/adc_cali_curve_fitting.c.o
Compiling .pio/build/default/esp_adc/deprecated/esp_adc_cal_common_legacy.c.o
Indexing .pio/build/default/esp-idf/efuse/libefuse.a
Compiling .pio/build/default/esp_adc/adc_continuous.c.o
Compiling .pio/build/default/esp_adc/adc_monitor.c.o
Archiving .pio/build/default/esp-idf/esp-tls/libesp-tls.a
Compiling .pio/build/default/esp_adc/gdma/adc_dma.c.o
Compiling .pio/build/default/esp_adc/adc_filter.c.o
Compiling .pio/build/default/esp_adc/esp32c3/curve_fitting_coefficients.c.o
Compiling .pio/build/default/esp_adc/deprecated/esp32c3/esp_adc_cal_legacy.c.o
Compiling .pio/build/default/esp_app_format/esp_app_desc.c.o
Indexing .pio/build/default/esp-idf/esp-tls/libesp-tls.a
Compiling .pio/build/default/esp_bootloader_format/esp_bootloader_desc.c.o
Compiling .pio/build/default/esp_coex/src/coexist.c.o
Compiling .pio/build/default/esp_coex/src/lib_printf.c.o
Compiling .pio/build/default/esp_coex/esp32c3/esp_coex_adapter.c.o
Compiling .pio/build/default/esp_coex/src/coexist_debug_diagram.c.o
Compiling .pio/build/default/esp_coex/src/coexist_debug.c.o
Archiving .pio/build/default/esp-idf/esp_adc/libesp_adc.a
Archiving .pio/build/default/esp-idf/esp_app_format/libesp_app_format.a
Archiving .pio/build/default/esp-idf/esp_bootloader_format/libesp_bootloader_format.a
Indexing .pio/build/default/esp-idf/esp_app_format/libesp_app_format.a
Indexing .pio/build/default/esp-idf/esp_bootloader_format/libesp_bootloader_format.a
Indexing .pio/build/default/esp-idf/esp_adc/libesp_adc.a
Compiling .pio/build/default/esp_common/src/esp_err_to_name.c.o
Compiling .pio/build/default/esp_driver_cam/esp_cam_ctlr.c.o
Compiling .pio/build/default/esp_driver_cam/dvp_share_ctrl.c.o
Compiling .pio/build/default/esp_driver_gpio/src/gpio.c.o
Archiving .pio/build/default/esp-idf/esp_coex/libesp_coex.a
Compiling .pio/build/default/esp_driver_gpio/src/gpio_glitch_filter_ops.c.o
Compiling .pio/build/default/esp_driver_gpio/src/rtc_io.c.o
Compiling .pio/build/default/esp_driver_gpio/src/dedic_gpio.c.o
Compiling .pio/build/default/esp_driver_gpio/src/gpio_pin_glitch_filter.c.o
Archiving .pio/build/default/esp-idf/esp_common/libesp_common.a
Indexing .pio/build/default/esp-idf/esp_coex/libesp_coex.a
Archiving .pio/build/default/esp-idf/esp_driver_cam/libesp_driver_cam.a
Compiling .pio/build/default/esp_driver_gptimer/src/gptimer.c.o
Compiling .pio/build/default/esp_driver_gptimer/src/gptimer_common.c.o
Indexing .pio/build/default/esp-idf/esp_common/libesp_common.a
Compiling .pio/build/default/esp_driver_i2c/i2c_master.c.o
Indexing .pio/build/default/esp-idf/esp_driver_cam/libesp_driver_cam.a
Compiling .pio/build/default/esp_driver_i2c/i2c_common.c.o
Compiling .pio/build/default/esp_driver_i2c/i2c_slave.c.o
Compiling .pio/build/default/esp_driver_i2s/i2s_common.c.o
Archiving .pio/build/default/esp-idf/esp_driver_gpio/libesp_driver_gpio.a
Compiling .pio/build/default/esp_driver_i2s/i2s_std.c.o
Compiling .pio/build/default/esp_driver_i2s/i2s_pdm.c.o
Archiving .pio/build/default/esp-idf/esp_driver_gptimer/libesp_driver_gptimer.a
Indexing .pio/build/default/esp-idf/esp_driver_gpio/libesp_driver_gpio.a
Indexing .pio/build/default/esp-idf/esp_driver_gptimer/libesp_driver_gptimer.a
Compiling .pio/build/default/esp_driver_i2s/i2s_tdm.c.o
Compiling .pio/build/default/esp_driver_i2s/i2s_platform.c.o
Compiling .pio/build/default/esp_driver_ledc/src/ledc.c.o
Compiling .pio/build/default/esp_driver_rmt/src/rmt_common.c.o
Compiling .pio/build/default/esp_driver_rmt/src/rmt_encoder.c.o
Archiving .pio/build/default/esp-idf/esp_driver_i2c/libesp_driver_i2c.a
Compiling .pio/build/default/esp_driver_rmt/src/rmt_encoder_bytes.c.o
Compiling .pio/build/default/esp_driver_rmt/src/rmt_encoder_copy.c.o
Indexing .pio/build/default/esp-idf/esp_driver_i2c/libesp_driver_i2c.a
Compiling .pio/build/default/esp_driver_rmt/src/rmt_encoder_simple.c.o
Archiving .pio/build/default/esp-idf/esp_driver_i2s/libesp_driver_i2s.a
Compiling .pio/build/default/esp_driver_rmt/src/rmt_rx.c.o
Compiling .pio/build/default/esp_driver_rmt/src/rmt_tx.c.o
Compiling .pio/build/default/esp_driver_sdm/src/sdm.c.o
Indexing .pio/build/default/esp-idf/esp_driver_i2s/libesp_driver_i2s.a
Compiling .pio/build/default/esp_driver_sdspi/src/sdspi_crc.c.o
Compiling .pio/build/default/esp_driver_sdspi/src/sdspi_host.c.o
Compiling .pio/build/default/esp_driver_sdspi/src/sdspi_transaction.c.o
Compiling .pio/build/default/esp_driver_spi/src/gpspi/spi_common.c.o
Archiving .pio/build/default/esp-idf/esp_driver_ledc/libesp_driver_ledc.a
Compiling .pio/build/default/esp_driver_spi/src/gpspi/spi_master.c.o
Indexing .pio/build/default/esp-idf/esp_driver_ledc/libesp_driver_ledc.a
Compiling .pio/build/default/esp_driver_spi/src/gpspi/spi_slave.c.o
Archiving .pio/build/default/esp-idf/esp_driver_sdm/libesp_driver_sdm.a
Archiving .pio/build/default/esp-idf/esp_driver_rmt/libesp_driver_rmt.a
Compiling .pio/build/default/esp_driver_spi/src/gpspi/spi_slave_hd.c.o
Indexing .pio/build/default/esp-idf/esp_driver_sdm/libesp_driver_sdm.a
Compiling .pio/build/default/esp_driver_tsens/src/temperature_sensor.c.o
Archiving .pio/build/default/esp-idf/esp_driver_sdspi/libesp_driver_sdspi.a
Indexing .pio/build/default/esp-idf/esp_driver_rmt/libesp_driver_rmt.a
Compiling .pio/build/default/esp_driver_twai/esp_twai.c.o
Compiling .pio/build/default/esp_driver_twai/esp_twai_onchip.c.o
Indexing .pio/build/default/esp-idf/esp_driver_sdspi/libesp_driver_sdspi.a
Compiling .pio/build/default/esp_driver_uart/src/uart.c.o
Compiling .pio/build/default/esp_driver_uart/src/uart_wakeup.c.o
Compiling .pio/build/default/esp_driver_uart/src/uhci.c.o
Archiving .pio/build/default/esp-idf/esp_driver_tsens/libesp_driver_tsens.a
Compiling .pio/build/default/esp_driver_uart/src/uart_vfs.c.o
Archiving .pio/build/default/esp-idf/esp_driver_spi/libesp_driver_spi.a
Compiling .pio/build/default/esp_driver_usb_serial_jtag/src/usb_serial_jtag.c.o
Indexing .pio/build/default/esp-idf/esp_driver_tsens/libesp_driver_tsens.a
Compiling .pio/build/default/esp_driver_usb_serial_jtag/src/usb_serial_jtag_connection_monitor.c.o
Indexing .pio/build/default/esp-idf/esp_driver_spi/libesp_driver_spi.a
Archiving .pio/build/default/esp-idf/esp_driver_twai/libesp_driver_twai.a
Compiling .pio/build/default/esp_driver_usb_serial_jtag/src/usb_serial_jtag_vfs.c.o
Indexing .pio/build/default/esp-idf/esp_driver_twai/libesp_driver_twai.a
Compiling .pio/build/default/esp_eth/src/esp_eth.c.o
Compiling .pio/build/default/esp_eth/src/phy/esp_eth_phy_802_3.c.o
Compiling .pio/build/default/esp_eth/src/esp_eth_netif_glue.c.o
Compiling .pio/build/default/esp_eth/src/spi/dm9051/esp_eth_mac_dm9051.c.o
Compiling .pio/build/default/esp_eth/src/spi/dm9051/esp_eth_phy_dm9051.c.o
Compiling .pio/build/default/esp_eth/src/spi/w5500/esp_eth_mac_w5500.c.o
Archiving .pio/build/default/esp-idf/esp_driver_usb_serial_jtag/libesp_driver_usb_serial_jtag.a
Archiving .pio/build/default/esp-idf/esp_driver_uart/libesp_driver_uart.a
Indexing .pio/build/default/esp-idf/esp_driver_usb_serial_jtag/libesp_driver_usb_serial_jtag.a
Compiling .pio/build/default/esp_eth/src/spi/w5500/esp_eth_phy_w5500.c.o
Compiling .pio/build/default/esp_eth/src/spi/ksz8851snl/esp_eth_mac_ksz8851snl.c.o
Indexing .pio/build/default/esp-idf/esp_driver_uart/libesp_driver_uart.a
Compiling .pio/build/default/esp_eth/src/spi/ksz8851snl/esp_eth_phy_ksz8851snl.c.o
Compiling .pio/build/default/esp_event/default_event_loop.c.o
Compiling .pio/build/default/esp_event/esp_event.c.o
Compiling .pio/build/default/esp_event/esp_event_private.c.o
Compiling .pio/build/default/esp_gdbstub/src/gdbstub.c.o
Compiling .pio/build/default/esp_gdbstub/src/gdbstub_transport.c.o
Compiling .pio/build/default/esp_gdbstub/src/packet.c.o
Compiling .pio/build/default/esp_gdbstub/src/port/riscv/gdbstub_riscv.c.o
Compiling .pio/build/default/esp_gdbstub/src/port/riscv/rv_decode.c.o
Compiling .pio/build/default/esp_gdbstub/src/port/riscv/target_xml.c.o
Archiving .pio/build/default/esp-idf/esp_eth/libesp_eth.a
Archiving .pio/build/default/esp-idf/esp_event/libesp_event.a
Compiling .pio/build/default/esp_hid/src/esp_hidd.c.o
Indexing .pio/build/default/esp-idf/esp_eth/libesp_eth.a
Indexing .pio/build/default/esp-idf/esp_event/libesp_event.a
Compiling .pio/build/default/esp_hid/src/esp_hidh.c.o
Compiling .pio/build/default/esp_hid/src/esp_hid_common.c.o
Compiling .pio/build/default/esp_hid/src/nimble_hidd.c.o
Compiling .pio/build/default/esp_hid/src/nimble_hidh.c.o
Archiving .pio/build/default/esp-idf/esp_gdbstub/libesp_gdbstub.a
Compiling .pio/build/default/esp_http_client/esp_http_client.c.o
Compiling .pio/build/default/esp_http_client/lib/http_auth.c.o
Compiling .pio/build/default/esp_http_client/lib/http_header.c.o
Indexing .pio/build/default/esp-idf/esp_gdbstub/libesp_gdbstub.a
Compiling .pio/build/default/esp_http_client/lib/http_utils.c.o
Compiling .pio/build/default/esp_http_server/src/httpd_main.c.o
Compiling .pio/build/default/esp_http_server/src/httpd_parse.c.o
Archiving .pio/build/default/esp-idf/esp_hid/libesp_hid.a
Compiling .pio/build/default/esp_http_server/src/httpd_sess.c.o
Compiling .pio/build/default/esp_http_server/src/httpd_txrx.c.o
Compiling .pio/build/default/esp_http_server/src/httpd_uri.c.o
Indexing .pio/build/default/esp-idf/esp_hid/libesp_hid.a
Compiling .pio/build/default/esp_http_server/src/httpd_ws.c.o
Compiling .pio/build/default/esp_http_server/src/util/ctrl_sock.c.o
Archiving .pio/build/default/esp-idf/esp_http_client/libesp_http_client.a
Compiling .pio/build/default/esp_https_ota/src/esp_https_ota.c.o
Compiling .pio/build/default/esp_https_server/src/https_server.c.o
Indexing .pio/build/default/esp-idf/esp_http_client/libesp_http_client.a
Compiling .pio/build/default/esp_hw_support/cpu.c.o
Compiling .pio/build/default/esp_hw_support/port/esp32c3/esp_cpu_intr.c.o
Compiling .pio/build/default/esp_hw_support/esp_memory_utils.c.o
Compiling .pio/build/default/esp_hw_support/port/esp32c3/cpu_region_protect.c.o
Archiving .pio/build/default/esp-idf/esp_http_server/libesp_http_server.a
Compiling .pio/build/default/esp_hw_support/esp_clk.c.o
Archiving .pio/build/default/esp-idf/esp_https_ota/libesp_https_ota.a
Archiving .pio/build/default/esp-idf/esp_https_server/libesp_https_server.a
Indexing .pio/build/default/esp-idf/esp_http_server/libesp_http_server.a
Compiling .pio/build/default/esp_hw_support/clk_ctrl_os.c.o
Compiling .pio/build/default/esp_hw_support/hw_random.c.o
Indexing .pio/build/default/esp-idf/esp_https_ota/libesp_https_ota.a
Compiling .pio/build/default/esp_hw_support/intr_alloc.c.o
Compiling .pio/build/default/esp_hw_support/mac_addr.c.o
Indexing .pio/build/default/esp-idf/esp_https_server/libesp_https_server.a
Compiling .pio/build/default/esp_hw_support/periph_ctrl.c.o
Compiling .pio/build/default/esp_hw_support/revision.c.o
Compiling .pio/build/default/esp_hw_support/rtc_module.c.o
Compiling .pio/build/default/esp_hw_support/regi2c_ctrl.c.o
Compiling .pio/build/default/esp_hw_support/esp_gpio_reserve.c.o
Compiling .pio/build/default/esp_hw_support/sar_periph_ctrl_common.c.o
Compiling .pio/build/default/esp_hw_support/port/esp32c3/io_mux.c.o
Compiling .pio/build/default/esp_hw_support/port/esp32c3/esp_clk_tree.c.o
Compiling .pio/build/default/esp_hw_support/dma/esp_dma_utils.c.o
Compiling .pio/build/default/esp_hw_support/dma/gdma_link.c.o
Compiling .pio/build/default/esp_hw_support/spi_bus_lock.c.o
Compiling .pio/build/default/esp_hw_support/clk_utils.c.o
Compiling .pio/build/default/esp_hw_support/port/esp_clk_tree_common.c.o
Compiling .pio/build/default/esp_hw_support/spi_share_hw_ctrl.c.o
Compiling .pio/build/default/esp_hw_support/adc_share_hw_ctrl.c.o
Compiling .pio/build/default/esp_hw_support/sleep_modem.c.o
Compiling .pio/build/default/esp_hw_support/sleep_modes.c.o
Compiling .pio/build/default/esp_hw_support/sleep_console.c.o
Compiling .pio/build/default/esp_hw_support/sleep_mspi.c.o
Compiling .pio/build/default/esp_hw_support/sleep_usb.c.o
Compiling .pio/build/default/esp_hw_support/sleep_gpio.c.o
Compiling .pio/build/default/esp_hw_support/sleep_event.c.o
Compiling .pio/build/default/esp_hw_support/dma/gdma.c.o
Compiling .pio/build/default/esp_hw_support/deprecated/gdma_legacy.c.o
Compiling .pio/build/default/esp_hw_support/dma/esp_async_memcpy.c.o
Compiling .pio/build/default/esp_hw_support/dma/async_memcpy_gdma.c.o
Compiling .pio/build/default/esp_hw_support/port/esp32c3/systimer.c.o
Compiling .pio/build/default/esp_hw_support/mspi_timing_tuning/mspi_timing_tuning.c.o
Compiling .pio/build/default/esp_hw_support/sleep_wake_stub.c.o
Compiling .pio/build/default/esp_hw_support/esp_clock_output.c.o
Compiling .pio/build/default/esp_hw_support/power_supply/brownout.c.o
Compiling .pio/build/default/esp_hw_support/port/esp32c3/rtc_clk_init.c.o
Compiling .pio/build/default/esp_hw_support/port/esp32c3/rtc_clk.c.o
Compiling .pio/build/default/esp_hw_support/port/esp32c3/rtc_init.c.o
Compiling .pio/build/default/esp_hw_support/port/esp32c3/rtc_sleep.c.o
Compiling .pio/build/default/esp_hw_support/port/esp32c3/rtc_time.c.o
Compiling .pio/build/default/esp_hw_support/port/esp32c3/chip_info.c.o
Compiling .pio/build/default/esp_hw_support/port/esp32c3/sar_periph_ctrl.c.o
Compiling .pio/build/default/esp_hw_support/port/esp32c3/adc2_init_cal.c.o
Compiling .pio/build/default/esp_hw_support/port/esp32c3/esp_memprot.c.o
Compiling .pio/build/default/esp_hw_support/port/esp_memprot_conv.c.o
Compiling .pio/build/default/esp_hw_support/lowpower/port/esp32c3/sleep_cpu.c.o
Compiling .pio/build/default/esp_lcd/src/esp_lcd_common.c.o
Compiling .pio/build/default/esp_lcd/src/esp_lcd_panel_io.c.o
Compiling .pio/build/default/esp_lcd/src/esp_lcd_panel_nt35510.c.o
Compiling .pio/build/default/esp_lcd/src/esp_lcd_panel_ssd1306.c.o
Compiling .pio/build/default/esp_lcd/src/esp_lcd_panel_st7789.c.o
Compiling .pio/build/default/esp_lcd/src/esp_lcd_panel_ops.c.o
Compiling .pio/build/default/esp_lcd/i2c/esp_lcd_panel_io_i2c_v1.c.o
Archiving .pio/build/default/esp-idf/esp_hw_support/libesp_hw_support.a
Compiling .pio/build/default/esp_lcd/i2c/esp_lcd_panel_io_i2c_v2.c.o
Compiling .pio/build/default/esp_lcd/spi/esp_lcd_panel_io_spi.c.o
Compiling .pio/build/default/esp_local_ctrl/src/esp_local_ctrl.c.o
Compiling .pio/build/default/esp_local_ctrl/src/esp_local_ctrl_handler.c.o
Indexing .pio/build/default/esp-idf/esp_hw_support/libesp_hw_support.a
Compiling .pio/build/default/esp_local_ctrl/proto-c/esp_local_ctrl.pb-c.c.o
Compiling .pio/build/default/esp_local_ctrl/src/esp_local_ctrl_transport_ble.c.o
Compiling .pio/build/default/esp_local_ctrl/src/esp_local_ctrl_transport_httpd.c.o
Compiling .pio/build/default/esp_mm/esp_mmu_map.c.o
Archiving .pio/build/default/esp-idf/esp_lcd/libesp_lcd.a
Compiling .pio/build/default/esp_mm/port/esp32c3/ext_mem_layout.c.o
Compiling .pio/build/default/esp_mm/esp_cache_msync.c.o
Compiling .pio/build/default/esp_mm/esp_cache_utils.c.o
Indexing .pio/build/default/esp-idf/esp_lcd/libesp_lcd.a
Compiling .pio/build/default/esp_mm/heap_align_hw.c.o
Compiling .pio/build/default/esp_netif/esp_netif_handlers.c.o
Archiving .pio/build/default/esp-idf/esp_local_ctrl/libesp_local_ctrl.a
Compiling .pio/build/default/esp_netif/esp_netif_objects.c.o
Compiling .pio/build/default/esp_netif/esp_netif_defaults.c.o
Compiling .pio/build/default/esp_netif/lwip/esp_netif_lwip.c.o
Compiling .pio/build/default/esp_netif/lwip/esp_netif_sntp.c.o
Indexing .pio/build/default/esp-idf/esp_local_ctrl/libesp_local_ctrl.a
Compiling .pio/build/default/esp_netif/lwip/esp_netif_lwip_defaults.c.o
Archiving .pio/build/default/esp-idf/esp_mm/libesp_mm.a
Compiling .pio/build/default/esp_netif/lwip/netif/wlanif.c.o
Compiling .pio/build/default/esp_netif/lwip/netif/ethernetif.c.o
Compiling .pio/build/default/esp_netif/lwip/netif/esp_pbuf_ref.c.o
Compiling .pio/build/default/esp_netif/lwip/esp_netif_lwip_ppp.c.o
Indexing .pio/build/default/esp-idf/esp_mm/libesp_mm.a
Compiling .pio/build/default/esp_netif/lwip/netif/ppp.c.o
Compiling .pio/build/default/esp_partition/partition.c.o
Compiling .pio/build/default/esp_partition/partition_target.c.o
Compiling .pio/build/default/esp_phy/src/phy_override.c.o
Compiling .pio/build/default/esp_phy/src/lib_printf.c.o
Compiling .pio/build/default/esp_phy/src/phy_common.c.o
Compiling .pio/build/default/esp_phy/src/phy_init.c.o
Compiling .pio/build/default/esp_phy/esp32c3/phy_init_data.c.o
Archiving .pio/build/default/esp-idf/esp_netif/libesp_netif.a
Compiling .pio/build/default/esp_phy/src/btbb_init.c.o
Archiving .pio/build/default/esp-idf/esp_partition/libesp_partition.a
Compiling .pio/build/default/esp_pm/pm_locks.c.o
Compiling .pio/build/default/esp_pm/pm_trace.c.o
Indexing .pio/build/default/esp-idf/esp_netif/libesp_netif.a
Compiling .pio/build/default/esp_pm/pm_impl.c.o
Indexing .pio/build/default/esp-idf/esp_partition/libesp_partition.a
Compiling .pio/build/default/esp_psram/system_layer/esp_psram_mspi.c.o
Compiling .pio/build/default/esp_ringbuf/ringbuf.c.o
Archiving .pio/build/default/esp-idf/esp_phy/libesp_phy.a
Compiling .pio/build/default/esp_rom/patches/esp_rom_sys.c.o
Compiling .pio/build/default/esp_rom/patches/esp_rom_print.c.o
Compiling .pio/build/default/esp_rom/patches/esp_rom_crc.c.o
Compiling .pio/build/default/esp_rom/patches/esp_rom_uart.c.o
Indexing .pio/build/default/esp-idf/esp_phy/libesp_phy.a
Archiving .pio/build/default/esp-idf/esp_psram/libesp_psram.a
Archiving .pio/build/default/esp-idf/esp_pm/libesp_pm.a
Compiling .pio/build/default/esp_rom/patches/esp_rom_spiflash.c.o
Indexing .pio/build/default/esp-idf/esp_psram/libesp_psram.a
Compiling .pio/build/default/esp_rom/patches/esp_rom_efuse.c.o
Indexing .pio/build/default/esp-idf/esp_pm/libesp_pm.a
Compiling .pio/build/default/esp_rom/patches/esp_rom_gpio.c.o
Compiling .pio/build/default/esp_rom/patches/esp_rom_systimer.c.o
Compiling .pio/build/default/esp_security/src/init.c.o
Compiling .pio/build/default/esp_security/src/esp_hmac.c.o
Compiling .pio/build/default/esp_security/src/esp_ds.c.o
Archiving .pio/build/default/esp-idf/esp_ringbuf/libesp_ringbuf.a
Compiling .pio/build/default/esp_security/src/esp_crypto_lock.c.o
Compiling .pio/build/default/esp_security/src/esp_crypto_periph_clk.c.o
Compiling .pio/build/default/esp_system/esp_err.c.o
Archiving .pio/build/default/esp-idf/esp_rom/libesp_rom.a
Indexing .pio/build/default/esp-idf/esp_ringbuf/libesp_ringbuf.a
Compiling .pio/build/default/esp_system/crosscore_int.c.o
Compiling .pio/build/default/esp_system/esp_ipc.c.o
Compiling .pio/build/default/esp_system/esp_system_console.c.o
Indexing .pio/build/default/esp-idf/esp_rom/libesp_rom.a
Compiling .pio/build/default/esp_system/freertos_hooks.c.o
Compiling .pio/build/default/esp_system/int_wdt.c.o
Archiving .pio/build/default/esp-idf/esp_security/libesp_security.a
Compiling .pio/build/default/esp_system/panic.c.o
Compiling .pio/build/default/esp_system/esp_system.c.o
Compiling .pio/build/default/esp_system/startup.c.o
Compiling .pio/build/default/esp_system/startup_funcs.c.o
Compiling .pio/build/default/esp_system/system_time.c.o
Indexing .pio/build/default/esp-idf/esp_security/libesp_security.a
Compiling .pio/build/default/esp_system/stack_check.c.o
Compiling .pio/build/default/esp_system/ubsan.c.o
Compiling .pio/build/default/esp_system/xt_wdt.c.o
Compiling .pio/build/default/esp_system/task_wdt/task_wdt.c.o
Compiling .pio/build/default/esp_system/task_wdt/task_wdt_impl_timergroup.c.o
Compiling .pio/build/default/esp_system/hw_stack_guard.c.o
Compiling .pio/build/default/esp_system/port/cpu_start.c.o
Compiling .pio/build/default/esp_system/port/panic_handler.c.o
Compiling .pio/build/default/esp_system/port/esp_system_chip.c.o
Compiling .pio/build/default/esp_system/port/image_process.c.o
Compiling .pio/build/default/esp_system/port/arch/riscv/expression_with_stack.c.o
Compiling .pio/build/default/esp_system/port/arch/riscv/panic_arch.c.o
Compiling .pio/build/default/esp_system/port/arch/riscv/debug_helpers.c.o
Compiling .pio/build/default/esp_system/port/arch/riscv/debug_stubs.c.o
Compiling .pio/build/default/esp_system/port/soc/esp32c3/clk.c.o
Compiling .pio/build/default/esp_system/port/soc/esp32c3/reset_reason.c.o
Compiling .pio/build/default/esp_system/port/soc/esp32c3/system_internal.c.o
Compiling .pio/build/default/esp_system/port/soc/esp32c3/cache_err_int.c.o
Compiling .pio/build/default/esp_system/port/soc/esp32c3/apb_backup_dma.c.o
Compiling .pio/build/default/esp_timer/src/esp_timer.c.o
Compiling .pio/build/default/esp_timer/src/esp_timer_init.c.o
Compiling .pio/build/default/esp_timer/src/ets_timer_legacy.c.o
Compiling .pio/build/default/esp_timer/src/system_time.c.o
Compiling .pio/build/default/esp_timer/src/esp_timer_impl_common.c.o
Compiling .pio/build/default/esp_timer/src/esp_timer_impl_systimer.c.o
Compiling .pio/build/default/esp_vfs_console/vfs_console.c.o
Archiving .pio/build/default/esp-idf/esp_system/libesp_system.a
Compiling .pio/build/default/esp_wifi/src/lib_printf.c.o
Compiling .pio/build/default/esp_wifi/src/mesh_event.c.o
Compiling .pio/build/default/esp_wifi/src/smartconfig.c.o
Indexing .pio/build/default/esp-idf/esp_system/libesp_system.a
Compiling .pio/build/default/esp_wifi/src/wifi_init.c.o
Compiling .pio/build/default/esp_wifi/src/wifi_default.c.o
Archiving .pio/build/default/esp-idf/esp_timer/libesp_timer.a
Archiving .pio/build/default/esp-idf/esp_vfs_console/libesp_vfs_console.a
Compiling .pio/build/default/esp_wifi/src/wifi_netif.c.o
Compiling .pio/build/default/esp_wifi/src/wifi_default_ap.c.o
Compiling .pio/build/default/esp_wifi/esp32c3/esp_adapter.c.o
Indexing .pio/build/default/esp-idf/esp_timer/libesp_timer.a
Indexing .pio/build/default/esp-idf/esp_vfs_console/libesp_vfs_console.a
Compiling .pio/build/default/esp_wifi/regulatory/esp_wifi_regulatory.c.o
Compiling .pio/build/default/esp_wifi/src/smartconfig_ack.c.o
Compiling .pio/build/default/espcoredump/src/core_dump_init.c.o
Compiling .pio/build/default/espcoredump/src/core_dump_common.c.o
Compiling .pio/build/default/espcoredump/src/core_dump_flash.c.o
Compiling .pio/build/default/espcoredump/src/core_dump_uart.c.o
Compiling .pio/build/default/espcoredump/src/core_dump_elf.c.o
Compiling .pio/build/default/espcoredump/src/core_dump_binary.c.o
Compiling .pio/build/default/espcoredump/src/core_dump_sha.c.o
Compiling .pio/build/default/espcoredump/src/core_dump_crc.c.o
Archiving .pio/build/default/esp-idf/esp_wifi/libesp_wifi.a
Compiling .pio/build/default/espcoredump/src/port/riscv/core_dump_port.c.o
Compiling .pio/build/default/managed_components/espressif__esp-dsp/modules/common/misc/dsps_pwroftwo.cpp.o
Compiling .pio/build/default/managed_components/espressif__esp-dsp/modules/common/misc/aes3_tie_log.c.o
Indexing .pio/build/default/esp-idf/esp_wifi/libesp_wifi.a
Compiling .pio/build/default/managed_components/espressif__esp-dsp/modules/dotprod/float/dsps_dotprod_f32_ae32.S.o
Compiling .pio/build/default/managed_components/espressif__esp-dsp/modules/dotprod/float/dsps_dotprod_f32_m_ae32.S.o
Compiling .pio/build/default/managed_components/espressif__esp-dsp/modules/dotprod/float/dsps_dotprode_f32_ae32.S.o
Compiling .pio/build/default/managed_components/espressif__esp-dsp/modules/dotprod/float/dsps_dotprode_f32_m_ae32.S.o
Archiving .pio/build/default/esp-idf/espcoredump/libespcoredump.a
Compiling .pio/build/default/managed_components/espressif__esp-dsp/modules/dotprod/float/dsps_dotprod_f32_ansi.c.o
Compiling .pio/build/default/managed_components/espressif__esp-dsp/modules/dotprod/float/dsps_dotprode_f32_ansi.c.o
Compiling .pio/build/default/managed_components/espressif__esp-dsp/modules/dotprod/float/dsps_dotprod_f32_aes3.S.o
Compiling .pio/build/default/managed_components/espressif__esp-dsp/modules/dotprod/float/dsps_dotprod_f32_arp4.S.o
Compiling .pio/build/default/managed_components/espressif__esp-dsp/modules/dotprod/float/dsps_dotprode_f32_arp4.S.o
Indexing .pio/build/default/esp-idf/espcoredump/libespcoredump.a
Compiling .pio/build/default/managed_components/espressif__esp-dsp/modules/dotprod/fixed/dsps_dotprod_s16_ae32.S.o
Compiling .pio/build/default/managed_components/espressif__esp-dsp/modules/dotprod/fixed/dsps_dotprod_s16_m_ae32.S.o
Compiling .pio/build/default/managed_components/espressif__esp-dsp/modules/dotprod/fixed/dsps_dotprod_s16_ansi.c.o
Compiling .pio/build/default/managed_components/espressif__esp-dsp/modules/dotprod/fixed/dsps_dotprod_s16_arp4.S.o
Compiling .pio/build/default/managed_components/espressif__esp-dsp/modules/dotprod/fixed/dsps_dp_s8_ansi.c.o
Compiling .pio/build/default/managed_components/espressif__esp-dsp/modules/dotprod/fixed/dsps_dp_s8_aes3.S.o
Compiling .pio/build/default/managed_components/espressif__esp-dsp/modules/dotprod/float/dspi_dotprod_f32_ansi.c.o
Compiling .pio/build/default/managed_components/espressif__esp-dsp/modules/dotprod/float/dspi_dotprod_off_f32_ansi.c.o
Compiling .pio/build/default/managed_components/espressif__esp-dsp/modules/dotprod/fixed/dspi_dotprod_s16_ansi.c.o
Compiling .pio/build/default/managed_components/espressif__esp-dsp/modules/dotprod/fixed/dspi_dotprod_u16_ansi.c.o
Compiling .pio/build/default/managed_components/espressif__esp-dsp/modules/dotprod/fixed/dspi_dotprod_s8_ansi.c.o
Compiling .pio/build/default/managed_components/espressif__esp-dsp/modules/dotprod/fixed/dspi_dotprod_u8_ansi.c.o
Compiling .pio/build/default/managed_components/espressif__esp-dsp/modules/dotprod/fixed/dspi_dotprod_off_s16_ansi.c.o
Compiling .pio/build/default/managed_components/espressif__esp-dsp/modules/dotprod/fixed/dspi_dotprod_off_u16_ansi.c.o
Compiling .pio/build/default/managed_components/espressif__esp-dsp/modules/dotprod/fixed/dspi_dotprod_off_s8_ansi.c.o
Compiling .pio/build/default/managed_components/espressif__esp-dsp/modules/dotprod/fixed/dspi_dotprod_off_u8_ansi.c.o
Compiling .pio/build/default/managed_components/espressif__esp-dsp/modules/dotprod/fixed/dspi_dotprod_s16_aes3.S.o
Compiling .pio/build/default/managed_components/espressif__esp-dsp/modules/dotprod/fixed/dspi_dotprod_u16_aes3.S.o
Compiling .pio/build/default/managed_components/espressif__esp-dsp/modules/dotprod/fixed/dspi_dotprod_off_s16_aes3.S.o
Compiling .pio/build/default/managed_components/espressif__esp-dsp/modules/dotprod/fixed/dspi_dotprod_off_u16_aes3.S.o
Compiling .pio/build/default/managed_components/espressif__esp-dsp/modules/dotprod/fixed/dspi_dotprod_s8_aes3.S.o
Compiling .pio/build/default/managed_components/espressif__esp-dsp/modules/dotprod/fixed/dspi_dotprod_u8_aes3.S.o
Compiling .pio/build/default/managed_components/espressif__esp-dsp/modules/dotprod/fixed/dspi_dotprod_off_u8_aes3.S.o
Compiling .pio/build/default/managed_components/espressif__esp-dsp/modules/dotprod/fixed/dspi_dotprod_off_s8_aes3.S.o
Compiling .pio/build/default/managed_components/espressif__esp-dsp/modules/dotprod/fixed/dspi_dotprod_s16_arp4.S.o
Compiling .pio/build/default/managed_components/espressif__esp-dsp/modules/dotprod/fixed/dspi_dotprod_s8_arp4.S.o
Compiling .pio/build/default/managed_components/espressif__esp-dsp/modules/dotprod/fixed/dspi_dotprod_u16_arp4.S.o
Compiling .pio/build/default/managed_components/espressif__esp-dsp/modules/dotprod/fixed/dspi_dotprod_u8_arp4.S.o
Compiling .pio/build/default/managed_components/espressif__esp-dsp/modules/dotprod/fixed/dspi_dotprod_off_s16_arp4.S.o
Compiling .pio/build/default/managed_components/espressif__esp-dsp/modules/dotprod/fixed/dspi_dotprod_off_u16_arp4.S.o
Compiling .pio/build/default/managed_components/espressif__esp-dsp/modules/dotprod/fixed/dspi_dotprod_off_s8_arp4.S.o
Compiling .pio/build/default/managed_components/espressif__esp-dsp/modules/dotprod/fixed/dspi_dotprod_off_u8_arp4.S.o
Compiling .pio/build/default/managed_components/espressif__esp-dsp/modules/matrix/mul/float/dspm_mult_3x3x1_f32_ae32.S.o
Compiling .pio/build/default/managed_components/espressif__esp-dsp/modules/matrix/mul/float/dspm_mult_3x3x3_f32_ae32.S.o
Compiling .pio/build/default/managed_components/espressif__esp-dsp/modules/matrix/mul/float/dspm_mult_4x4x1_f32_ae32.S.o
Compiling .pio/build/default/managed_components/espressif__esp-dsp/modules/matrix/mul/float/dspm_mult_4x4x4_f32_ae32.S.o
Compiling .pio/build/default/managed_components/espressif__esp-dsp/modules/matrix/mul/float/dspm_mult_f32_ae32.S.o
Compiling .pio/build/default/managed_components/espressif__esp-dsp/modules/matrix/mul/float/dspm_mult_f32_aes3.S.o
Compiling .pio/build/default/managed_components/espressif__esp-dsp/modules/matrix/mul/float/dspm_mult_f32_ansi.c.o
Compiling .pio/build/default/managed_components/espressif__esp-dsp/modules/matrix/mul/float/dspm_mult_f32_arp4.S.o
Compiling .pio/build/default/managed_components/espressif__esp-dsp/modules/matrix/mul/float/dspm_mult_ex_f32_ansi.c.o
Compiling .pio/build/default/managed_components/espressif__esp-dsp/modules/matrix/mul/float/dspm_mult_ex_f32_ae32.S.o
Compiling .pio/build/default/managed_components/espressif__esp-dsp/modules/matrix/mul/float/dspm_mult_ex_f32_arp4.S.o
Compiling .pio/build/default/managed_components/espressif__esp-dsp/modules/matrix/mul/float/dspm_mult_ex_f32_aes3.S.o
Compiling .pio/build/default/managed_components/espressif__esp-dsp/modules/matrix/mul/fixed/dspm_mult_s16_ae32.S.o
Compiling .pio/build/default/managed_components/espressif__esp-dsp/modules/matrix/mul/fixed/dspm_mult_s16_m_ae32_vector.S.o
Compiling .pio/build/default/managed_components/espressif__esp-dsp/modules/matrix/mul/fixed/dspm_mult_s16_m_ae32.S.o
Compiling .pio/build/default/managed_components/espressif__esp-dsp/modules/matrix/mul/fixed/dspm_mult_s16_ansi.c.o
Compiling .pio/build/default/managed_components/espressif__esp-dsp/modules/matrix/mul/fixed/dspm_mult_s16_aes3.S.o
Compiling .pio/build/default/managed_components/espressif__esp-dsp/modules/matrix/mul/fixed/dspm_mult_s16_arp4.S.o
Compiling .pio/build/default/managed_components/espressif__esp-dsp/modules/matrix/add/float/dspm_add_f32_ansi.c.o
Compiling .pio/build/default/managed_components/espressif__esp-dsp/modules/matrix/add/float/dspm_add_f32_ae32.S.o
Compiling .pio/build/default/managed_components/espressif__esp-dsp/modules/matrix/addc/float/dspm_addc_f32_ansi.c.o
Compiling .pio/build/default/managed_components/espressif__esp-dsp/modules/matrix/addc/float/dspm_addc_f32_ae32.S.o
Compiling .pio/build/default/managed_components/espressif__esp-dsp/modules/matrix/mulc/float/dspm_mulc_f32_ansi.c.o
Compiling .pio/build/default/managed_components/espressif__esp-dsp/modules/matrix/mulc/float/dspm_mulc_f32_ae32.S.o
Compiling .pio/build/default/managed_components/espressif__esp-dsp/modules/matrix/sub/float/dspm_sub_f32_ansi.c.o
Compiling .pio/build/default/managed_components/espressif__esp-dsp/modules/matrix/sub/float/dspm_sub_f32_ae32.S.o
Compiling .pio/build/default/managed_components/espressif__esp-dsp/modules/matrix/mat/mat.cpp.o
Compiling .pio/build/default/managed_components/espressif__esp-dsp/modules/math/mulc/float/dsps_mulc_f32_ansi.c.o
Compiling .pio/build/default/managed_components/espressif__esp-dsp/modules/math/addc/float/dsps_addc_f32_ansi.c.o
Compiling .pio/build/default/managed_components/espressif__esp-dsp/modules/math/mulc/fixed/dsps_mulc_s16_ansi.c.o
Compiling .pio/build/default/managed_components/espressif__esp-dsp/modules/math/mulc/fixed/dsps_mulc_s16_ae32.S.o
Compiling .pio/build/default/managed_components/espressif__esp-dsp/modules/math/add/float/dsps_add_f32_ansi.c.o
Compiling .pio/build/default/managed_components/espressif__esp-dsp/modules/math/add/fixed/dsps_add_s16_ansi.c.o
Compiling .pio/build/default/managed_components/espressif__esp-dsp/modules/math/add/fixed/dsps_add_s16_ae32.S.o
Compiling .pio/build/default/managed_components/espressif__esp-dsp/modules/math/add/fixed/dsps_add_s16_aes3.S.o
Compiling .pio/build/default/managed_components/espressif__esp-dsp/modules/math/add/fixed/dsps_add_s8_ansi.c.o
Compiling .pio/build/default/managed_components/espressif__esp-dsp/modules/math/add/fixed/dsps_add_s8_aes3.S.o
Compiling .pio/build/default/managed_components/espressif__esp-dsp/modules/math/sub/float/dsps_sub_f32_ansi.c.o
Compiling .pio/build/default/managed_components/espressif__esp-dsp/modules/math/sub/fixed/dsps_sub_s16_ansi.c.o
Compiling .pio/build/default/managed_components/espressif__esp-dsp/modules/math/sub/fixed/dsps_sub_s16_ae32.S.o
Compiling .pio/build/default/managed_components/espressif__esp-dsp/modules/math/sub/fixed/dsps_sub_s16_aes3.S.o
Compiling .pio/build/default/managed_components/espressif__esp-dsp/modules/math/sub/fixed/dsps_sub_s8_ansi.c.o
Compiling .pio/build/default/managed_components/espressif__esp-dsp/modules/math/sub/fixed/dsps_sub_s8_aes3.S.o
Compiling .pio/build/default/managed_components/espressif__esp-dsp/modules/math/mul/float/dsps_mul_f32_ansi.c.o
Compiling .pio/build/default/managed_components/espressif__esp-dsp/modules/math/mul/fixed/dsps_mul_s16_ansi.c.o
Compiling .pio/build/default/managed_components/espressif__esp-dsp/modules/math/mul/fixed/dsps_mul_s16_ae32.S.o
Compiling .pio/build/default/managed_components/espressif__esp-dsp/modules/math/mul/fixed/dsps_mul_s16_aes3.S.o
Compiling .pio/build/default/managed_components/espressif__esp-dsp/modules/math/mul/fixed/dsps_mul_s8_ansi.c.o
Compiling .pio/build/default/managed_components/espressif__esp-dsp/modules/math/mul/fixed/dsps_mul_s8_aes3.S.o
Compiling .pio/build/default/managed_components/espressif__esp-dsp/modules/matrix/mul/fixed/dspm_mult_mxn_1xm_int8_ansi.c.o
Compiling .pio/build/default/managed_components/espressif__esp-dsp/modules/math/mulc/float/dsps_mulc_f32_ae32.S.o
Compiling .pio/build/default/managed_components/espressif__esp-dsp/modules/math/addc/float/dsps_addc_f32_ae32.S.o
Compiling .pio/build/default/managed_components/espressif__esp-dsp/modules/math/add/float/dsps_add_f32_ae32.S.o
Compiling .pio/build/default/managed_components/espressif__esp-dsp/modules/math/sub/float/dsps_sub_f32_ae32.S.o
Compiling .pio/build/default/managed_components/espressif__esp-dsp/modules/math/mul/float/dsps_mul_f32_ae32.S.o
Compiling .pio/build/default/managed_components/espressif__esp-dsp/modules/math/sqrt/float/dsps_sqrt_f32_ansi.c.o
Compiling .pio/build/default/managed_components/espressif__esp-dsp/modules/fft/float/dsps_fft2r_fc32_ae32_.S.o
Compiling .pio/build/default/managed_components/espressif__esp-dsp/modules/fft/float/dsps_fft2r_fc32_aes3_.S.o
Compiling .pio/build/default/managed_components/espressif__esp-dsp/modules/fft/float/dsps_fft2r_fc32_arp4.S.o
Compiling .pio/build/default/managed_components/espressif__esp-dsp/modules/fft/float/dsps_fft2r_fc32_ansi.c.o
Compiling .pio/build/default/managed_components/espressif__esp-dsp/modules/fft/float/dsps_fft2r_fc32_ae32.c.o
Compiling .pio/build/default/managed_components/espressif__esp-dsp/modules/fft/float/dsps_bit_rev_lookup_fc32_aes3.S.o
Compiling .pio/build/default/managed_components/espressif__esp-dsp/modules/fft/float/dsps_fft4r_fc32_ansi.c.o
Compiling .pio/build/default/managed_components/espressif__esp-dsp/modules/fft/float/dsps_fft4r_fc32_ae32.c.o
Compiling .pio/build/default/managed_components/espressif__esp-dsp/modules/fft/float/dsps_fft4r_fc32_ae32_.S.o
Compiling .pio/build/default/managed_components/espressif__esp-dsp/modules/fft/float/dsps_fft4r_fc32_aes3_.S.o
Compiling .pio/build/default/managed_components/espressif__esp-dsp/modules/fft/float/dsps_fft4r_fc32_arp4.S.o
Compiling .pio/build/default/managed_components/espressif__esp-dsp/modules/fft/float/dsps_fft2r_bitrev_tables_fc32.c.o
Compiling .pio/build/default/managed_components/espressif__esp-dsp/modules/fft/float/dsps_fft4r_bitrev_tables_fc32.c.o
Compiling .pio/build/default/managed_components/espressif__esp-dsp/modules/fft/fixed/dsps_fft2r_sc16_ae32.S.o
Compiling .pio/build/default/managed_components/espressif__esp-dsp/modules/fft/fixed/dsps_fft2r_sc16_ansi.c.o
Compiling .pio/build/default/managed_components/espressif__esp-dsp/modules/fft/fixed/dsps_fft2r_sc16_aes3.S.o
Compiling .pio/build/default/managed_components/espressif__esp-dsp/modules/fft/fixed/dsps_fft2r_sc16_arp4.S.o
Compiling .pio/build/default/managed_components/espressif__esp-dsp/modules/dct/float/dsps_dct_f32.c.o
Compiling .pio/build/default/managed_components/espressif__esp-dsp/modules/dct/float/dsps_dctiv_f32.c.o
Compiling .pio/build/default/managed_components/espressif__esp-dsp/modules/dct/float/dsps_dstiv_f32.c.o
Compiling .pio/build/default/managed_components/espressif__esp-dsp/modules/support/snr/float/dsps_snr_f32.cpp.o
Compiling .pio/build/default/managed_components/espressif__esp-dsp/modules/support/sfdr/float/dsps_sfdr_f32.cpp.o
Compiling .pio/build/default/managed_components/espressif__esp-dsp/modules/support/misc/dsps_d_gen.c.o
Compiling .pio/build/default/managed_components/espressif__esp-dsp/modules/support/misc/dsps_h_gen.c.o
Compiling .pio/build/default/managed_components/espressif__esp-dsp/modules/support/misc/dsps_tone_gen.c.o
Compiling .pio/build/default/managed_components/espressif__esp-dsp/modules/support/cplx_gen/dsps_cplx_gen.c.o
Compiling .pio/build/default/managed_components/espressif__esp-dsp/modules/support/cplx_gen/dsps_cplx_gen.S.o
Compiling .pio/build/default/managed_components/espressif__esp-dsp/modules/support/cplx_gen/dsps_cplx_gen_init.c.o
Compiling .pio/build/default/managed_components/espressif__esp-dsp/modules/support/mem/esp32s3/dsps_memset_aes3.S.o
Compiling .pio/build/default/managed_components/espressif__esp-dsp/modules/support/mem/esp32s3/dsps_memcpy_aes3.S.o
Compiling .pio/build/default/managed_components/espressif__esp-dsp/modules/support/view/dsps_view.cpp.o
Compiling .pio/build/default/managed_components/espressif__esp-dsp/modules/windows/hann/float/dsps_wind_hann_f32.c.o
Compiling .pio/build/default/managed_components/espressif__esp-dsp/modules/windows/blackman/float/dsps_wind_blackman_f32.c.o
Compiling .pio/build/default/managed_components/espressif__esp-dsp/modules/windows/blackman_harris/float/dsps_wind_blackman_harris_f32.c.o
Compiling .pio/build/default/managed_components/espressif__esp-dsp/modules/windows/blackman_nuttall/float/dsps_wind_blackman_nuttall_f32.c.o
Compiling .pio/build/default/managed_components/espressif__esp-dsp/modules/windows/nuttall/float/dsps_wind_nuttall_f32.c.o
Compiling .pio/build/default/managed_components/espressif__esp-dsp/modules/windows/flat_top/float/dsps_wind_flat_top_f32.c.o
Compiling .pio/build/default/managed_components/espressif__esp-dsp/modules/conv/float/dsps_conv_f32_ansi.c.o
Compiling .pio/build/default/managed_components/espressif__esp-dsp/modules/conv/float/dspi_conv_f32_ansi.c.o
Compiling .pio/build/default/managed_components/espressif__esp-dsp/modules/conv/float/dsps_conv_f32_ae32.S.o
Compiling .pio/build/default/managed_components/espressif__esp-dsp/modules/conv/float/dsps_corr_f32_ansi.c.o
Compiling .pio/build/default/managed_components/espressif__esp-dsp/modules/conv/float/dsps_corr_f32_ae32.S.o
Compiling .pio/build/default/managed_components/espressif__esp-dsp/modules/conv/float/dsps_ccorr_f32_ansi.c.o
Compiling .pio/build/default/managed_components/espressif__esp-dsp/modules/conv/float/dsps_ccorr_f32_ae32.S.o
Compiling .pio/build/default/managed_components/espressif__esp-dsp/modules/iir/biquad/dsps_biquad_f32_ae32.S.o
Compiling .pio/build/default/managed_components/espressif__esp-dsp/modules/iir/biquad/dsps_biquad_sf32_ae32.S.o
Compiling .pio/build/default/managed_components/espressif__esp-dsp/modules/iir/biquad/dsps_biquad_f32_aes3.S.o
Compiling .pio/build/default/managed_components/espressif__esp-dsp/modules/iir/biquad/dsps_biquad_f32_arp4.S.o
Compiling .pio/build/default/managed_components/espressif__esp-dsp/modules/iir/biquad/dsps_biquad_sf32_arp4.S.o
Compiling .pio/build/default/managed_components/espressif__esp-dsp/modules/iir/biquad/dsps_biquad_f32_ansi.c.o
Compiling .pio/build/default/managed_components/espressif__esp-dsp/modules/iir/biquad/dsps_biquad_sf32_ansi.c.o
Compiling .pio/build/default/managed_components/espressif__esp-dsp/modules/iir/biquad/dsps_biquad_gen_f32.c.o
Compiling .pio/build/default/managed_components/espressif__esp-dsp/modules/fir/float/dsps_fir_f32_ae32.S.o
Compiling .pio/build/default/managed_components/espressif__esp-dsp/modules/fir/float/dsps_fir_f32_aes3.S.o
Compiling .pio/build/default/managed_components/espressif__esp-dsp/modules/fir/float/dsps_fird_f32_ae32.S.o
Compiling .pio/build/default/managed_components/espressif__esp-dsp/modules/fir/float/dsps_fird_f32_aes3.S.o
Compiling .pio/build/default/managed_components/espressif__esp-dsp/modules/fir/float/dsps_fird_f32_arp4.S.o
Compiling .pio/build/default/managed_components/espressif__esp-dsp/modules/fir/float/dsps_fir_f32_ansi.c.o
Compiling .pio/build/default/managed_components/espressif__esp-dsp/modules/fir/float/dsps_fir_init_f32.c.o
Compiling .pio/build/default/managed_components/espressif__esp-dsp/modules/fir/float/dsps_fird_f32_ansi.c.o
Compiling .pio/build/default/managed_components/espressif__esp-dsp/modules/fir/float/dsps_fird_init_f32.c.o
Compiling .pio/build/default/managed_components/espressif__esp-dsp/modules/fir/fixed/dsps_fird_init_s16.c.o
Compiling .pio/build/default/managed_components/espressif__esp-dsp/modules/fir/fixed/dsps_fird_s16_ansi.c.o
Compiling .pio/build/default/managed_components/espressif__esp-dsp/modules/fir/fixed/dsps_fird_s16_ae32.S.o
Compiling .pio/build/default/managed_components/espressif__esp-dsp/modules/fir/fixed/dsps_fir_s16_m_ae32.S.o
Compiling .pio/build/default/managed_components/espressif__esp-dsp/modules/fir/fixed/dsps_fird_s16_aes3.S.o
Compiling .pio/build/default/managed_components/espressif__esp-dsp/modules/fir/fixed/dsps_fird_s16_arp4.S.o
Compiling .pio/build/default/managed_components/espressif__esp-dsp/modules/fir/float/dsps_firmr_init_f32.c.o
Compiling .pio/build/default/managed_components/espressif__esp-dsp/modules/fir/float/dsps_firmr_f32_ansi.c.o
Compiling .pio/build/default/managed_components/espressif__esp-dsp/modules/fir/fixed/dsps_firmr_init_s16.c.o
Compiling .pio/build/default/managed_components/espressif__esp-dsp/modules/fir/fixed/dsps_firmr_s16_ansi.c.o
Compiling .pio/build/default/managed_components/espressif__esp-dsp/modules/fir/resampler/dsps_resampler_mr.c.o
Compiling .pio/build/default/managed_components/espressif__esp-dsp/modules/fir/resampler/dsps_resampler_ph.c.o
Compiling .pio/build/default/managed_components/espressif__esp-dsp/modules/kalman/ekf/common/ekf.cpp.o
Compiling .pio/build/default/managed_components/espressif__esp-dsp/modules/kalman/ekf_imu13states/ekf_imu13states.cpp.o
Compiling .pio/build/default/managed_components/espressif__esp-modbus/modbus/mb_controller/common/esp_modbus_common.c.o
Compiling .pio/build/default/managed_components/espressif__esp-modbus/modbus/mb_controller/common/esp_modbus_master.c.o
Compiling .pio/build/default/managed_components/espressif__esp-modbus/modbus/mb_controller/common/esp_modbus_slave.c.o
Compiling .pio/build/default/managed_components/espressif__esp-modbus/modbus/mb_controller/common/esp_modbus_master_serial.c.o
Compiling .pio/build/default/managed_components/espressif__esp-modbus/modbus/mb_controller/common/esp_modbus_slave_serial.c.o
Compiling .pio/build/default/managed_components/espressif__esp-modbus/modbus/mb_controller/common/esp_modbus_master_tcp.c.o
Compiling .pio/build/default/managed_components/espressif__esp-modbus/modbus/mb_controller/common/esp_modbus_slave_tcp.c.o
Compiling .pio/build/default/managed_components/espressif__esp-modbus/modbus/mb_controller/serial/mbc_serial_master.c.o
Compiling .pio/build/default/managed_components/espressif__esp-modbus/modbus/mb_controller/serial/mbc_serial_slave.c.o
Compiling .pio/build/default/managed_components/espressif__esp-modbus/modbus/mb_controller/tcp/mbc_tcp_master.c.o
Compiling .pio/build/default/managed_components/espressif__esp-modbus/modbus/mb_controller/tcp/mbc_tcp_slave.c.o
Compiling .pio/build/default/managed_components/espressif__esp-modbus/modbus/mb_objects/mb_master.c.o
Compiling .pio/build/default/managed_components/espressif__esp-modbus/modbus/mb_objects/mb_slave.c.o
Compiling .pio/build/default/managed_components/espressif__esp-modbus/modbus/mb_objects/functions/mbfunc_handling.c.o
Compiling .pio/build/default/managed_components/espressif__esp-modbus/modbus/mb_objects/functions/mbfunccoils_master.c.o
Compiling .pio/build/default/managed_components/espressif__esp-modbus/modbus/mb_objects/functions/mbfunccoils.c.o
Compiling .pio/build/default/managed_components/espressif__esp-modbus/modbus/mb_objects/functions/mbfuncdiag.c.o
Compiling .pio/build/default/managed_components/espressif__esp-modbus/modbus/mb_objects/functions/mbfuncdisc_master.c.o
Compiling .pio/build/default/managed_components/espressif__esp-modbus/modbus/mb_objects/functions/mbfuncdisc.c.o
Compiling .pio/build/default/managed_components/espressif__esp-modbus/modbus/mb_objects/functions/mbfuncholding_master.c.o
Compiling .pio/build/default/managed_components/espressif__esp-modbus/modbus/mb_objects/functions/mbfuncholding.c.o
Archiving .pio/build/default/esp-idf/espressif__esp-dsp/libespressif__esp-dsp.a
Compiling .pio/build/default/managed_components/espressif__esp-modbus/modbus/mb_objects/functions/mbfuncinput_master.c.o
Compiling .pio/build/default/managed_components/espressif__esp-modbus/modbus/mb_objects/functions/mbfuncinput.c.o
Compiling .pio/build/default/managed_components/espressif__esp-modbus/modbus/mb_objects/functions/mbfuncother.c.o
Compiling .pio/build/default/managed_components/espressif__esp-modbus/modbus/mb_objects/functions/mbutils.c.o
Compiling .pio/build/default/managed_components/espressif__esp-modbus/modbus/mb_ports/common/port_event.c.o
Compiling .pio/build/default/managed_components/espressif__esp-modbus/modbus/mb_ports/common/port_other.c.o
Indexing .pio/build/default/esp-idf/espressif__esp-dsp/libespressif__esp-dsp.a
Compiling .pio/build/default/managed_components/espressif__esp-modbus/modbus/mb_ports/common/port_timer.c.o
Compiling .pio/build/default/managed_components/espressif__esp-modbus/modbus/mb_ports/common/mb_transaction.c.o
Compiling .pio/build/default/managed_components/espressif__esp-modbus/modbus/mb_ports/serial/port_serial.c.o
Compiling .pio/build/default/managed_components/espressif__esp-modbus/modbus/mb_ports/tcp/port_tcp_master.c.o
Compiling .pio/build/default/managed_components/espressif__esp-modbus/modbus/mb_ports/tcp/port_tcp_slave.c.o
Compiling .pio/build/default/managed_components/espressif__esp-modbus/modbus/mb_ports/tcp/port_tcp_driver.c.o
Compiling .pio/build/default/managed_components/espressif__esp-modbus/modbus/mb_ports/tcp/port_tcp_utils.c.o
Compiling .pio/build/default/managed_components/espressif__esp-modbus/modbus/mb_transports/rtu/rtu_master.c.o
Compiling .pio/build/default/managed_components/espressif__esp-modbus/modbus/mb_transports/rtu/rtu_slave.c.o
Compiling .pio/build/default/managed_components/espressif__esp-modbus/modbus/mb_transports/rtu/mbcrc.c.o
Compiling .pio/build/default/managed_components/espressif__esp-modbus/modbus/mb_transports/ascii/ascii_master.c.o
Compiling .pio/build/default/managed_components/espressif__esp-modbus/modbus/mb_transports/ascii/ascii_slave.c.o
Compiling .pio/build/default/managed_components/espressif__esp-modbus/modbus/mb_transports/ascii/ascii_lrc.c.o
Compiling .pio/build/default/managed_components/espressif__esp-modbus/modbus/mb_transports/tcp/tcp_master.c.o
Compiling .pio/build/default/managed_components/espressif__esp-modbus/modbus/mb_transports/tcp/tcp_slave.c.o
Compiling .pio/build/default/managed_components/espressif__esp-zigbee-lib/src/compat/esp_log.c.o
Compiling .pio/build/default/managed_components/espressif__esp-zigbee-lib/src/radio_spinel/esp_zigbee_radio_spinel_uart.c.o
Compiling .pio/build/default/managed_components/espressif__esp_modem/src/esp_modem_primitives_freertos.cpp.o
Compiling .pio/build/default/managed_components/espressif__esp_modem/src/esp_modem_api_target.cpp.o
Compiling .pio/build/default/managed_components/espressif__esp_modem/src/esp_modem_uart.cpp.o
Compiling .pio/build/default/managed_components/espressif__esp_modem/src/esp_modem_term_uart.cpp.o
Compiling .pio/build/default/managed_components/espressif__esp_modem/src/esp_modem_netif.cpp.o
Archiving .pio/build/default/esp-idf/espressif__esp-modbus/libespressif__esp-modbus.a
Compiling .pio/build/default/managed_components/espressif__esp_modem/src/esp_modem_dte.cpp.o
Archiving .pio/build/default/esp-idf/espressif__esp-zigbee-lib/libespressif__esp-zigbee-lib.a
Indexing .pio/build/default/esp-idf/espressif__esp-zigbee-lib/libespressif__esp-zigbee-lib.a
Indexing .pio/build/default/esp-idf/espressif__esp-modbus/libespressif__esp-modbus.a
Compiling .pio/build/default/managed_components/espressif__esp_modem/src/esp_modem_dce.cpp.o
Compiling .pio/build/default/managed_components/espressif__esp_modem/src/esp_modem_api.cpp.o
Compiling .pio/build/default/managed_components/espressif__esp_modem/src/esp_modem_c_api.cpp.o
Compiling .pio/build/default/managed_components/espressif__esp_modem/src/esp_modem_factory.cpp.o
Compiling .pio/build/default/managed_components/espressif__esp_modem/src/esp_modem_cmux.cpp.o
Compiling .pio/build/default/managed_components/espressif__esp_modem/src/esp_modem_command_library.cpp.o
Compiling .pio/build/default/managed_components/espressif__esp_modem/src/esp_modem_term_fs.cpp.o
Compiling .pio/build/default/managed_components/espressif__esp_modem/src/esp_modem_vfs_uart_creator.cpp.o
Compiling .pio/build/default/managed_components/espressif__esp_modem/src/esp_modem_vfs_socket_creator.cpp.o
Compiling .pio/build/default/managed_components/espressif__esp_modem/command/src/esp_modem_modules.cpp.o
Compiling .pio/build/default/managed_components/espressif__libsodium/libsodium/src/libsodium/crypto_aead/chacha20poly1305/aead_chacha20poly1305.c.o
Compiling .pio/build/default/managed_components/espressif__libsodium/libsodium/src/libsodium/crypto_aead/xchacha20poly1305/aead_xchacha20poly1305.c.o
Compiling .pio/build/default/managed_components/espressif__libsodium/libsodium/src/libsodium/crypto_aead/aegis256/aead_aegis256.c.o
Compiling .pio/build/default/managed_components/espressif__libsodium/libsodium/src/libsodium/crypto_aead/aegis256/aegis256_soft.c.o
Compiling .pio/build/default/managed_components/espressif__libsodium/libsodium/src/libsodium/crypto_aead/aegis128l/aead_aegis128l.c.o
Compiling .pio/build/default/managed_components/espressif__libsodium/libsodium/src/libsodium/crypto_aead/aegis128l/aegis128l_soft.c.o
Compiling .pio/build/default/managed_components/espressif__libsodium/libsodium/src/libsodium/crypto_auth/crypto_auth.c.o
Compiling .pio/build/default/managed_components/espressif__libsodium/libsodium/src/libsodium/crypto_auth/hmacsha256/auth_hmacsha256.c.o
Compiling .pio/build/default/managed_components/espressif__libsodium/libsodium/src/libsodium/crypto_auth/hmacsha512/auth_hmacsha512.c.o
Compiling .pio/build/default/managed_components/espressif__libsodium/libsodium/src/libsodium/crypto_auth/hmacsha512256/auth_hmacsha512256.c.o
Compiling .pio/build/default/managed_components/espressif__libsodium/libsodium/src/libsodium/crypto_box/crypto_box.c.o
Compiling .pio/build/default/managed_components/espressif__libsodium/libsodium/src/libsodium/crypto_box/crypto_box_easy.c.o
Compiling .pio/build/default/managed_components/espressif__libsodium/libsodium/src/libsodium/crypto_box/crypto_box_seal.c.o
Compiling .pio/build/default/managed_components/espressif__libsodium/libsodium/src/libsodium/crypto_box/curve25519xchacha20poly1305/box_curve25519xchacha20poly1305.c.o
Compiling .pio/build/default/managed_components/espressif__libsodium/libsodium/src/libsodium/crypto_box/curve25519xchacha20poly1305/box_seal_curve25519xchacha20poly1305.c.o
Compiling .pio/build/default/managed_components/espressif__libsodium/libsodium/src/libsodium/crypto_box/curve25519xsalsa20poly1305/box_curve25519xsalsa20poly1305.c.o
Compiling .pio/build/default/managed_components/espressif__libsodium/libsodium/src/libsodium/crypto_core/ed25519/core_ed25519.c.o
Archiving .pio/build/default/esp-idf/espressif__esp_modem/libespressif__esp_modem.a
Compiling .pio/build/default/managed_components/espressif__libsodium/libsodium/src/libsodium/crypto_core/ed25519/core_ristretto255.c.o
Compiling .pio/build/default/managed_components/espressif__libsodium/libsodium/src/libsodium/crypto_core/ed25519/ref10/ed25519_ref10.c.o
Compiling .pio/build/default/managed_components/espressif__libsodium/libsodium/src/libsodium/crypto_core/hchacha20/core_hchacha20.c.o
Compiling .pio/build/default/managed_components/espressif__libsodium/libsodium/src/libsodium/crypto_core/hsalsa20/core_hsalsa20.c.o
Compiling .pio/build/default/managed_components/espressif__libsodium/libsodium/src/libsodium/crypto_core/hsalsa20/ref2/core_hsalsa20_ref2.c.o
Indexing .pio/build/default/esp-idf/espressif__esp_modem/libespressif__esp_modem.a
Compiling .pio/build/default/managed_components/espressif__libsodium/libsodium/src/libsodium/crypto_core/keccak1600/keccak1600.c.o
Compiling .pio/build/default/managed_components/espressif__libsodium/libsodium/src/libsodium/crypto_core/keccak1600/ref/keccak1600_ref.c.o
Compiling .pio/build/default/managed_components/espressif__libsodium/libsodium/src/libsodium/crypto_core/salsa/ref/core_salsa_ref.c.o
Compiling .pio/build/default/managed_components/espressif__libsodium/libsodium/src/libsodium/crypto_core/softaes/softaes.c.o
Compiling .pio/build/default/managed_components/espressif__libsodium/libsodium/src/libsodium/crypto_generichash/blake2b/generichash_blake2.c.o
Compiling .pio/build/default/managed_components/espressif__libsodium/libsodium/src/libsodium/crypto_generichash/blake2b/ref/blake2b-compress-avx2.c.o
Compiling .pio/build/default/managed_components/espressif__libsodium/libsodium/src/libsodium/crypto_generichash/blake2b/ref/blake2b-compress-ref.c.o
Compiling .pio/build/default/managed_components/espressif__libsodium/libsodium/src/libsodium/crypto_generichash/blake2b/ref/blake2b-compress-ssse3.c.o
Compiling .pio/build/default/managed_components/espressif__libsodium/libsodium/src/libsodium/crypto_generichash/blake2b/ref/blake2b-ref.c.o
Compiling .pio/build/default/managed_components/espressif__libsodium/libsodium/src/libsodium/crypto_generichash/blake2b/ref/generichash_blake2b.c.o
Compiling .pio/build/default/managed_components/espressif__libsodium/libsodium/src/libsodium/crypto_generichash/crypto_generichash.c.o
Compiling .pio/build/default/managed_components/espressif__libsodium/libsodium/src/libsodium/crypto_ipcrypt/crypto_ipcrypt.c.o
Compiling .pio/build/default/managed_components/espressif__libsodium/libsodium/src/libsodium/crypto_ipcrypt/ipcrypt_soft.c.o
Compiling .pio/build/default/managed_components/espressif__libsodium/libsodium/src/libsodium/crypto_hash/crypto_hash.c.o
Compiling .pio/build/default/managed_components/espressif__libsodium/libsodium/src/libsodium/crypto_hash/sha256/hash_sha256.c.o
Compiling .pio/build/default/managed_components/espressif__libsodium/libsodium/src/libsodium/crypto_hash/sha512/hash_sha512.c.o
Compiling .pio/build/default/managed_components/espressif__libsodium/libsodium/src/libsodium/crypto_hash/sha3/hash_sha3.c.o
Compiling .pio/build/default/managed_components/espressif__libsodium/libsodium/src/libsodium/crypto_kdf/blake2b/kdf_blake2b.c.o
Compiling .pio/build/default/managed_components/espressif__libsodium/libsodium/src/libsodium/crypto_kdf/crypto_kdf.c.o
Compiling .pio/build/default/managed_components/espressif__libsodium/libsodium/src/libsodium/crypto_kdf/hkdf/kdf_hkdf_sha256.c.o
Compiling .pio/build/default/managed_components/espressif__libsodium/libsodium/src/libsodium/crypto_kdf/hkdf/kdf_hkdf_sha512.c.o
Compiling .pio/build/default/managed_components/espressif__libsodium/libsodium/src/libsodium/crypto_kem/crypto_kem.c.o
Compiling .pio/build/default/managed_components/espressif__libsodium/libsodium/src/libsodium/crypto_kem/mlkem768/kem_mlkem768.c.o
Compiling .pio/build/default/managed_components/espressif__libsodium/libsodium/src/libsodium/crypto_kem/mlkem768/ref/kem_mlkem768_ref.c.o
Compiling .pio/build/default/managed_components/espressif__libsodium/libsodium/src/libsodium/crypto_kem/xwing/kem_xwing.c.o
Compiling .pio/build/default/managed_components/espressif__libsodium/libsodium/src/libsodium/crypto_kx/crypto_kx.c.o
Compiling .pio/build/default/managed_components/espressif__libsodium/libsodium/src/libsodium/crypto_onetimeauth/crypto_onetimeauth.c.o
Compiling .pio/build/default/managed_components/espressif__libsodium/libsodium/src/libsodium/crypto_onetimeauth/poly1305/donna/poly1305_donna.c.o
Compiling .pio/build/default/managed_components/espressif__libsodium/libsodium/src/libsodium/crypto_onetimeauth/poly1305/onetimeauth_poly1305.c.o
Compiling .pio/build/default/managed_components/espressif__libsodium/libsodium/src/libsodium/crypto_pwhash/argon2/argon2-core.c.o
Compiling .pio/build/default/managed_components/espressif__libsodium/libsodium/src/libsodium/crypto_pwhash/argon2/argon2-encoding.c.o
Compiling .pio/build/default/managed_components/espressif__libsodium/libsodium/src/libsodium/crypto_pwhash/argon2/argon2-fill-block-avx2.c.o
Compiling .pio/build/default/managed_components/espressif__libsodium/libsodium/src/libsodium/crypto_pwhash/argon2/argon2-fill-block-avx512f.c.o
Compiling .pio/build/default/managed_components/espressif__libsodium/libsodium/src/libsodium/crypto_pwhash/argon2/argon2-fill-block-ref.c.o
Compiling .pio/build/default/managed_components/espressif__libsodium/libsodium/src/libsodium/crypto_pwhash/argon2/argon2-fill-block-ssse3.c.o
Compiling .pio/build/default/managed_components/espressif__libsodium/libsodium/src/libsodium/crypto_pwhash/argon2/argon2.c.o
Compiling .pio/build/default/managed_components/espressif__libsodium/libsodium/src/libsodium/crypto_pwhash/argon2/blake2b-long.c.o
Compiling .pio/build/default/managed_components/espressif__libsodium/libsodium/src/libsodium/crypto_pwhash/argon2/pwhash_argon2i.c.o
Compiling .pio/build/default/managed_components/espressif__libsodium/libsodium/src/libsodium/crypto_pwhash/argon2/pwhash_argon2id.c.o
Compiling .pio/build/default/managed_components/espressif__libsodium/libsodium/src/libsodium/crypto_pwhash/crypto_pwhash.c.o
Compiling .pio/build/default/managed_components/espressif__libsodium/libsodium/src/libsodium/crypto_pwhash/scryptsalsa208sha256/crypto_scrypt-common.c.o
Compiling .pio/build/default/managed_components/espressif__libsodium/libsodium/src/libsodium/crypto_pwhash/scryptsalsa208sha256/nosse/pwhash_scryptsalsa208sha256_nosse.c.o
Compiling .pio/build/default/managed_components/espressif__libsodium/libsodium/src/libsodium/crypto_pwhash/scryptsalsa208sha256/pbkdf2-sha256.c.o
Compiling .pio/build/default/managed_components/espressif__libsodium/libsodium/src/libsodium/crypto_pwhash/scryptsalsa208sha256/pwhash_scryptsalsa208sha256.c.o
Compiling .pio/build/default/managed_components/espressif__libsodium/libsodium/src/libsodium/crypto_pwhash/scryptsalsa208sha256/scrypt_platform.c.o
Compiling .pio/build/default/managed_components/espressif__libsodium/libsodium/src/libsodium/crypto_scalarmult/crypto_scalarmult.c.o
Compiling .pio/build/default/managed_components/espressif__libsodium/libsodium/src/libsodium/crypto_scalarmult/curve25519/ref10/x25519_ref10.c.o
Compiling .pio/build/default/managed_components/espressif__libsodium/libsodium/src/libsodium/crypto_scalarmult/curve25519/sandy2x/consts.S.o
Compiling .pio/build/default/managed_components/espressif__libsodium/libsodium/src/libsodium/crypto_scalarmult/curve25519/sandy2x/curve25519_sandy2x.c.o
Compiling .pio/build/default/managed_components/espressif__libsodium/libsodium/src/libsodium/crypto_scalarmult/curve25519/sandy2x/fe51_invert.c.o
Compiling .pio/build/default/managed_components/espressif__libsodium/libsodium/src/libsodium/crypto_scalarmult/curve25519/sandy2x/fe51_mul.S.o
Compiling .pio/build/default/managed_components/espressif__libsodium/libsodium/src/libsodium/crypto_scalarmult/curve25519/sandy2x/fe51_nsquare.S.o
Compiling .pio/build/default/managed_components/espressif__libsodium/libsodium/src/libsodium/crypto_scalarmult/curve25519/sandy2x/fe51_pack.S.o
Compiling .pio/build/default/managed_components/espressif__libsodium/libsodium/src/libsodium/crypto_scalarmult/curve25519/sandy2x/fe_frombytes_sandy2x.c.o
Compiling .pio/build/default/managed_components/espressif__libsodium/libsodium/src/libsodium/crypto_scalarmult/curve25519/sandy2x/ladder.S.o
Compiling .pio/build/default/managed_components/espressif__libsodium/libsodium/src/libsodium/crypto_scalarmult/curve25519/sandy2x/sandy2x.S.o
Compiling .pio/build/default/managed_components/espressif__libsodium/libsodium/src/libsodium/crypto_scalarmult/curve25519/scalarmult_curve25519.c.o
Compiling .pio/build/default/managed_components/espressif__libsodium/libsodium/src/libsodium/crypto_scalarmult/ed25519/ref10/scalarmult_ed25519_ref10.c.o
Compiling .pio/build/default/managed_components/espressif__libsodium/libsodium/src/libsodium/crypto_scalarmult/ristretto255/ref10/scalarmult_ristretto255_ref10.c.o
Compiling .pio/build/default/managed_components/espressif__libsodium/libsodium/src/libsodium/crypto_secretbox/crypto_secretbox.c.o
Compiling .pio/build/default/managed_components/espressif__libsodium/libsodium/src/libsodium/crypto_secretbox/crypto_secretbox_easy.c.o
Compiling .pio/build/default/managed_components/espressif__libsodium/libsodium/src/libsodium/crypto_secretbox/xchacha20poly1305/secretbox_xchacha20poly1305.c.o
Compiling .pio/build/default/managed_components/espressif__libsodium/libsodium/src/libsodium/crypto_secretbox/xsalsa20poly1305/secretbox_xsalsa20poly1305.c.o
Compiling .pio/build/default/managed_components/espressif__libsodium/libsodium/src/libsodium/crypto_secretstream/xchacha20poly1305/secretstream_xchacha20poly1305.c.o
Compiling .pio/build/default/managed_components/espressif__libsodium/libsodium/src/libsodium/crypto_shorthash/crypto_shorthash.c.o
Compiling .pio/build/default/managed_components/espressif__libsodium/libsodium/src/libsodium/crypto_shorthash/siphash24/ref/shorthash_siphash24_ref.c.o
Compiling .pio/build/default/managed_components/espressif__libsodium/libsodium/src/libsodium/crypto_shorthash/siphash24/ref/shorthash_siphashx24_ref.c.o
Compiling .pio/build/default/managed_components/espressif__libsodium/libsodium/src/libsodium/crypto_shorthash/siphash24/shorthash_siphash24.c.o
Compiling .pio/build/default/managed_components/espressif__libsodium/libsodium/src/libsodium/crypto_shorthash/siphash24/shorthash_siphashx24.c.o
Compiling .pio/build/default/managed_components/espressif__libsodium/libsodium/src/libsodium/crypto_sign/crypto_sign.c.o
Compiling .pio/build/default/managed_components/espressif__libsodium/libsodium/src/libsodium/crypto_sign/ed25519/ref10/keypair.c.o
Compiling .pio/build/default/managed_components/espressif__libsodium/libsodium/src/libsodium/crypto_sign/ed25519/ref10/obsolete.c.o
Compiling .pio/build/default/managed_components/espressif__libsodium/libsodium/src/libsodium/crypto_sign/ed25519/ref10/open.c.o
Compiling .pio/build/default/managed_components/espressif__libsodium/libsodium/src/libsodium/crypto_sign/ed25519/ref10/sign.c.o
Compiling .pio/build/default/managed_components/espressif__libsodium/libsodium/src/libsodium/crypto_sign/ed25519/sign_ed25519.c.o
Compiling .pio/build/default/managed_components/espressif__libsodium/libsodium/src/libsodium/crypto_stream/chacha20/dolbeau/chacha20_dolbeau-avx2.c.o
Compiling .pio/build/default/managed_components/espressif__libsodium/libsodium/src/libsodium/crypto_stream/chacha20/dolbeau/chacha20_dolbeau-ssse3.c.o
Compiling .pio/build/default/managed_components/espressif__libsodium/libsodium/src/libsodium/crypto_stream/chacha20/ref/chacha20_ref.c.o
Compiling .pio/build/default/managed_components/espressif__libsodium/libsodium/src/libsodium/crypto_stream/chacha20/stream_chacha20.c.o
Compiling .pio/build/default/managed_components/espressif__libsodium/libsodium/src/libsodium/crypto_stream/crypto_stream.c.o
Compiling .pio/build/default/managed_components/espressif__libsodium/libsodium/src/libsodium/crypto_stream/salsa20/ref/salsa20_ref.c.o
Compiling .pio/build/default/managed_components/espressif__libsodium/libsodium/src/libsodium/crypto_stream/salsa20/stream_salsa20.c.o
Compiling .pio/build/default/managed_components/espressif__libsodium/libsodium/src/libsodium/crypto_stream/salsa20/xmm6/salsa20_xmm6-asm.S.o
Compiling .pio/build/default/managed_components/espressif__libsodium/libsodium/src/libsodium/crypto_stream/salsa20/xmm6/salsa20_xmm6.c.o
Compiling .pio/build/default/managed_components/espressif__libsodium/libsodium/src/libsodium/crypto_stream/salsa20/xmm6int/salsa20_xmm6int-avx2.c.o
Compiling .pio/build/default/managed_components/espressif__libsodium/libsodium/src/libsodium/crypto_stream/salsa20/xmm6int/salsa20_xmm6int-sse2.c.o
Compiling .pio/build/default/managed_components/espressif__libsodium/libsodium/src/libsodium/crypto_stream/salsa2012/ref/stream_salsa2012_ref.c.o
Compiling .pio/build/default/managed_components/espressif__libsodium/libsodium/src/libsodium/crypto_stream/salsa2012/stream_salsa2012.c.o
Compiling .pio/build/default/managed_components/espressif__libsodium/libsodium/src/libsodium/crypto_stream/salsa208/ref/stream_salsa208_ref.c.o
Compiling .pio/build/default/managed_components/espressif__libsodium/libsodium/src/libsodium/crypto_stream/salsa208/stream_salsa208.c.o
Compiling .pio/build/default/managed_components/espressif__libsodium/libsodium/src/libsodium/crypto_stream/xchacha20/stream_xchacha20.c.o
Compiling .pio/build/default/managed_components/espressif__libsodium/libsodium/src/libsodium/crypto_stream/xsalsa20/stream_xsalsa20.c.o
Compiling .pio/build/default/managed_components/espressif__libsodium/libsodium/src/libsodium/crypto_verify/verify.c.o
Compiling .pio/build/default/managed_components/espressif__libsodium/libsodium/src/libsodium/crypto_xof/shake128/xof_shake128.c.o
Compiling .pio/build/default/managed_components/espressif__libsodium/libsodium/src/libsodium/crypto_xof/shake128/ref/shake128_ref.c.o
Compiling .pio/build/default/managed_components/espressif__libsodium/libsodium/src/libsodium/crypto_xof/shake256/xof_shake256.c.o
Compiling .pio/build/default/managed_components/espressif__libsodium/libsodium/src/libsodium/crypto_xof/shake256/ref/shake256_ref.c.o
Compiling .pio/build/default/managed_components/espressif__libsodium/libsodium/src/libsodium/crypto_xof/turboshake128/xof_turboshake128.c.o
Compiling .pio/build/default/managed_components/espressif__libsodium/libsodium/src/libsodium/crypto_xof/turboshake128/ref/turboshake128_ref.c.o
Compiling .pio/build/default/managed_components/espressif__libsodium/libsodium/src/libsodium/crypto_xof/turboshake256/xof_turboshake256.c.o
Compiling .pio/build/default/managed_components/espressif__libsodium/libsodium/src/libsodium/crypto_xof/turboshake256/ref/turboshake256_ref.c.o
Compiling .pio/build/default/managed_components/espressif__libsodium/libsodium/src/libsodium/randombytes/randombytes.c.o
Compiling .pio/build/default/managed_components/espressif__libsodium/libsodium/src/libsodium/sodium/codecs.c.o
Compiling .pio/build/default/managed_components/espressif__libsodium/libsodium/src/libsodium/sodium/core.c.o
Compiling .pio/build/default/managed_components/espressif__libsodium/libsodium/src/libsodium/sodium/runtime.c.o
Compiling .pio/build/default/managed_components/espressif__libsodium/libsodium/src/libsodium/sodium/utils.c.o
Compiling .pio/build/default/managed_components/espressif__libsodium/libsodium/src/libsodium/sodium/version.c.o
Compiling .pio/build/default/managed_components/espressif__libsodium/port/randombytes_esp32.c.o
Compiling .pio/build/default/managed_components/espressif__libsodium/port/crypto_hash_mbedtls/crypto_hash_sha256_mbedtls.c.o
Compiling .pio/build/default/managed_components/espressif__libsodium/port/crypto_hash_mbedtls/crypto_hash_sha512_mbedtls.c.o
Compiling .pio/build/default/managed_components/espressif__mdns/mdns_responder.c.o
Compiling .pio/build/default/managed_components/espressif__mdns/mdns_receive.c.o
Compiling .pio/build/default/managed_components/espressif__mdns/mdns_utils.c.o
Compiling .pio/build/default/managed_components/espressif__mdns/mdns_debug.c.o
Compiling .pio/build/default/managed_components/espressif__mdns/mdns_send.c.o
Compiling .pio/build/default/managed_components/espressif__mdns/mdns_netif.c.o
Compiling .pio/build/default/managed_components/espressif__mdns/mdns_querier.c.o
Archiving .pio/build/default/esp-idf/espressif__libsodium/libespressif__libsodium.a
Compiling .pio/build/default/managed_components/espressif__mdns/mdns_pcb.c.o
Compiling .pio/build/default/managed_components/espressif__mdns/mdns_service.c.o
Indexing .pio/build/default/esp-idf/espressif__libsodium/libespressif__libsodium.a
Compiling .pio/build/default/managed_components/espressif__mdns/mdns_browser.c.o
Compiling .pio/build/default/managed_components/espressif__mdns/mdns_cache.c.o
Compiling .pio/build/default/managed_components/espressif__mdns/mdns_mem_caps.c.o
Compiling .pio/build/default/managed_components/espressif__mdns/mdns_networking_lwip.c.o
Compiling .pio/build/default/managed_components/espressif__mdns/mdns_console.c.o
Compiling .pio/build/default/managed_components/espressif__network_provisioning/src/network_config.c.o
Compiling .pio/build/default/managed_components/espressif__network_provisioning/src/network_scan.c.o
Compiling .pio/build/default/managed_components/espressif__network_provisioning/src/network_ctrl.c.o
Compiling .pio/build/default/managed_components/espressif__network_provisioning/src/manager.c.o
Compiling .pio/build/default/managed_components/espressif__network_provisioning/src/handlers.c.o
Compiling .pio/build/default/managed_components/espressif__network_provisioning/src/scheme_console.c.o
Compiling .pio/build/default/managed_components/espressif__network_provisioning/proto-c/network_config.pb-c.c.o
Compiling .pio/build/default/managed_components/espressif__network_provisioning/proto-c/network_scan.pb-c.c.o
Archiving .pio/build/default/esp-idf/espressif__mdns/libespressif__mdns.a
Compiling .pio/build/default/managed_components/espressif__network_provisioning/proto-c/network_ctrl.pb-c.c.o
Compiling .pio/build/default/managed_components/espressif__network_provisioning/proto-c/network_constants.pb-c.c.o
Compiling .pio/build/default/managed_components/espressif__network_provisioning/src/scheme_softap.c.o
Compiling .pio/build/default/managed_components/espressif__network_provisioning/src/scheme_ble.c.o
Indexing .pio/build/default/esp-idf/espressif__mdns/libespressif__mdns.a
Compiling .pio/build/default/managed_components/espressif__qrcode/esp_qrcode_main.c.o
Compiling .pio/build/default/managed_components/espressif__qrcode/esp_qrcode_wrapper.c.o
Compiling .pio/build/default/managed_components/espressif__qrcode/qrcodegen.c.o
Compiling .pio/build/default/managed_components/espressif__rmaker_cmd_resp/src/cmd_resp.c.o
Compiling .pio/build/default/managed_components/espressif__rmaker_common/src/factory.c.o
Compiling .pio/build/default/managed_components/espressif__rmaker_common/src/esp-mqtt/esp-mqtt-glue.c.o
Compiling .pio/build/default/managed_components/espressif__rmaker_common/src/create_APN3_PPI_string.c.o
Archiving .pio/build/default/esp-idf/espressif__network_provisioning/libespressif__network_provisioning.a
Compiling .pio/build/default/managed_components/espressif__rmaker_common_events/src/common_events.c.o
Compiling .pio/build/default/managed_components/espressif__rmaker_console/src/rmaker_console.c.o
Indexing .pio/build/default/esp-idf/espressif__network_provisioning/libespressif__network_provisioning.a
Archiving .pio/build/default/esp-idf/espressif__rmaker_cmd_resp/libespressif__rmaker_cmd_resp.a
Compiling .pio/build/default/managed_components/espressif__rmaker_console/src/rmaker_common_cmds.c.o
Archiving .pio/build/default/esp-idf/espressif__qrcode/libespressif__qrcode.a
Compiling .pio/build/default/managed_components/espressif__rmaker_system_ctrl/src/system_ctrl.c.o
Indexing .pio/build/default/esp-idf/espressif__rmaker_cmd_resp/libespressif__rmaker_cmd_resp.a
Compiling .pio/build/default/managed_components/espressif__rmaker_time_sync/src/time_sync.c.o
Archiving .pio/build/default/esp-idf/espressif__rmaker_common_events/libespressif__rmaker_common_events.a
Compiling .pio/build/default/managed_components/espressif__rmaker_time_sync/src/timezone.c.o
Indexing .pio/build/default/esp-idf/espressif__qrcode/libespressif__qrcode.a
Archiving .pio/build/default/esp-idf/espressif__rmaker_common/libespressif__rmaker_common.a
Compiling .pio/build/default/managed_components/espressif__rmaker_work_queue/src/work_queue.c.o
Indexing .pio/build/default/esp-idf/espressif__rmaker_common_events/libespressif__rmaker_common_events.a
Compiling .pio/build/default/fatfs/diskio/diskio.c.o
Indexing .pio/build/default/esp-idf/espressif__rmaker_common/libespressif__rmaker_common.a
Archiving .pio/build/default/esp-idf/espressif__rmaker_console/libespressif__rmaker_console.a
Archiving .pio/build/default/esp-idf/espressif__rmaker_system_ctrl/libespressif__rmaker_system_ctrl.a
Compiling .pio/build/default/fatfs/diskio/diskio_rawflash.c.o
Compiling .pio/build/default/fatfs/diskio/diskio_wl.c.o
Archiving .pio/build/default/esp-idf/espressif__rmaker_time_sync/libespressif__rmaker_time_sync.a
Compiling .pio/build/default/fatfs/src/ff.c.o
Archiving .pio/build/default/esp-idf/espressif__rmaker_work_queue/libespressif__rmaker_work_queue.a
Indexing .pio/build/default/esp-idf/espressif__rmaker_system_ctrl/libespressif__rmaker_system_ctrl.a
Indexing .pio/build/default/esp-idf/espressif__rmaker_console/libespressif__rmaker_console.a
Compiling .pio/build/default/fatfs/src/ffunicode.c.o
Indexing .pio/build/default/esp-idf/espressif__rmaker_time_sync/libespressif__rmaker_time_sync.a
Indexing .pio/build/default/esp-idf/espressif__rmaker_work_queue/libespressif__rmaker_work_queue.a
Compiling .pio/build/default/fatfs/port/freertos/ffsystem.c.o
Compiling .pio/build/default/fatfs/diskio/diskio_sdmmc.c.o
Compiling .pio/build/default/fatfs/vfs/vfs_fat.c.o
Compiling .pio/build/default/fatfs/vfs/vfs_fat_sdmmc.c.o
Compiling .pio/build/default/fatfs/vfs/vfs_fat_spiflash.c.o
Compiling .pio/build/default/base64.cpp.o
Compiling .pio/build/default/cbuf.cpp.o
Compiling .pio/build/default/ColorFormat.c.o
Compiling .pio/build/default/chip-debug-report.cpp.o
Compiling .pio/build/default/esp32-hal-adc.c.o
Compiling .pio/build/default/esp32-hal-bt.c.o
Compiling .pio/build/default/esp32-hal-cpu.c.o
Archiving .pio/build/default/esp-idf/fatfs/libfatfs.a
Compiling .pio/build/default/esp32-hal-dac.c.o
Compiling .pio/build/default/esp32-hal-gpio.c.o
Compiling .pio/build/default/esp32-hal-hosted.c.o
Indexing .pio/build/default/esp-idf/fatfs/libfatfs.a
Compiling .pio/build/default/esp32-hal-i2c.c.o
Compiling .pio/build/default/esp32-hal-i2c-ng.c.o
Compiling .pio/build/default/esp32-hal-i2c-slave.c.o
Compiling .pio/build/default/esp32-hal-ledc.c.o
Compiling .pio/build/default/esp32-hal-log-wrapper.c.o
Compiling .pio/build/default/esp32-hal-matrix.c.o
Compiling .pio/build/default/esp32-hal-misc.c.o
Compiling .pio/build/default/esp32-hal-periman.c.o
Compiling .pio/build/default/esp32-hal-ldo.c.o
Compiling .pio/build/default/esp32-hal-psram.c.o
Compiling .pio/build/default/esp32-hal-rgb-led.c.o
Compiling .pio/build/default/esp32-hal-sigmadelta.c.o
Compiling .pio/build/default/esp32-hal-spi.c.o
Compiling .pio/build/default/esp32-hal-time.c.o
Compiling .pio/build/default/esp32-hal-timer.c.o
Compiling .pio/build/default/esp32-hal-tinyusb.c.o
Compiling .pio/build/default/esp32-hal-touch.c.o
Compiling .pio/build/default/esp32-hal-touch-ng.c.o
Compiling .pio/build/default/esp32-hal-uart.c.o
Compiling .pio/build/default/esp32-hal-rmt.c.o
Compiling .pio/build/default/Esp.cpp.o
Compiling .pio/build/default/freertos_stats.cpp.o
Compiling .pio/build/default/FunctionalInterrupt.cpp.o
Compiling .pio/build/default/HardwareSerial.cpp.o
Compiling .pio/build/default/HashBuilder.cpp.o
Compiling .pio/build/default/HEXBuilder.cpp.o
Compiling .pio/build/default/idf_openthread_mpool_wrapper.c.o
Compiling .pio/build/default/IPAddress.cpp.o
Compiling .pio/build/default/cdecode.c.o
Compiling .pio/build/default/cencode.c.o
Compiling .pio/build/default/MacAddress.cpp.o
Compiling .pio/build/default/main.cpp.o
Compiling .pio/build/default/MD5Builder.cpp.o
Compiling .pio/build/default/Print.cpp.o
Compiling .pio/build/default/stdlib_noniso.c.o
Compiling .pio/build/default/Stream.cpp.o
Compiling .pio/build/default/StreamString.cpp.o
Compiling .pio/build/default/StringUtils.cpp.o
Compiling .pio/build/default/Tone.cpp.o
Compiling .pio/build/default/HWCDC.cpp.o
Compiling .pio/build/default/USB.cpp.o
Compiling .pio/build/default/USBCDC.cpp.o
Compiling .pio/build/default/USBMSC.cpp.o
Compiling .pio/build/default/FirmwareMSC.cpp.o
Compiling .pio/build/default/firmware_msc_fat.c.o
Compiling .pio/build/default/wiring_pulse.c.o
Compiling .pio/build/default/wiring_shift.c.o
Compiling .pio/build/default/WMath.cpp.o
Compiling .pio/build/default/WString.cpp.o
Compiling .pio/build/default/ArduinoOTA.cpp.o
Compiling .pio/build/default/AsyncUDP.cpp.o
Compiling .pio/build/default/BLE2901.cpp.o
Compiling .pio/build/default/BLE2902.cpp.o
Compiling .pio/build/default/BLE2904.cpp.o
Compiling .pio/build/default/BLEAddress.cpp.o
Compiling .pio/build/default/BLEAdvertisedDevice.cpp.o
Compiling .pio/build/default/BLEAdvertising.cpp.o
Compiling .pio/build/default/BLEBeacon.cpp.o
Compiling .pio/build/default/BLECharacteristic.cpp.o
Compiling .pio/build/default/BLECharacteristicMap.cpp.o
Compiling .pio/build/default/BLEClient.cpp.o
Compiling .pio/build/default/BLEDescriptor.cpp.o
Compiling .pio/build/default/BLEDescriptorMap.cpp.o
Compiling .pio/build/default/BLEDevice.cpp.o
Compiling .pio/build/default/BLEEddystoneTLM.cpp.o
Compiling .pio/build/default/BLEEddystoneURL.cpp.o
Compiling .pio/build/default/BLEExceptions.cpp.o
Compiling .pio/build/default/BLEHIDDevice.cpp.o
Compiling .pio/build/default/BLERemoteCharacteristic.cpp.o
Compiling .pio/build/default/BLERemoteDescriptor.cpp.o
Compiling .pio/build/default/BLERemoteService.cpp.o
Compiling .pio/build/default/BLEScan.cpp.o
Compiling .pio/build/default/BLESecurity.cpp.o
Compiling .pio/build/default/BLEServer.cpp.o
Compiling .pio/build/default/BLEService.cpp.o
Compiling .pio/build/default/BLEServiceMap.cpp.o
Compiling .pio/build/default/BLEUtils.cpp.o
Compiling .pio/build/default/BLEUUID.cpp.o
Compiling .pio/build/default/BLEValue.cpp.o
Compiling .pio/build/default/FreeRTOS.cpp.o
Compiling .pio/build/default/GeneralUtils.cpp.o
Compiling .pio/build/default/BluetoothSerial.cpp.o
Compiling .pio/build/default/BTAddress.cpp.o
Compiling .pio/build/default/BTAdvertisedDeviceSet.cpp.o
Compiling .pio/build/default/BTScanResultsSet.cpp.o
Compiling .pio/build/default/DNSServer.cpp.o
Compiling .pio/build/default/EEPROM.cpp.o
Compiling .pio/build/default/ESP_Video.cpp.o
Compiling .pio/build/default/ESPmDNS.cpp.o
Compiling .pio/build/default/ETH.cpp.o
Compiling .pio/build/default/FFat.cpp.o
Compiling .pio/build/default/FS.cpp.o
Compiling .pio/build/default/vfs_api.cpp.o
Compiling .pio/build/default/SHA1Builder.cpp.o
Compiling .pio/build/default/SHA2Builder.cpp.o
Compiling .pio/build/default/SHA3Builder.cpp.o
Compiling .pio/build/default/PBKDF2_HMACBuilder.cpp.o
Compiling .pio/build/default/HTTPClient.cpp.o
Compiling .pio/build/default/LittleFS.cpp.o
Compiling .pio/build/default/MatterGenericSwitch.cpp.o
Compiling .pio/build/default/MatterOnOffLight.cpp.o
Compiling .pio/build/default/MatterDimmableLight.cpp.o
Compiling .pio/build/default/MatterColorTemperatureLight.cpp.o
Compiling .pio/build/default/MatterColorLight.cpp.o
Compiling .pio/build/default/MatterEnhancedColorLight.cpp.o
Compiling .pio/build/default/MatterFan.cpp.o
Compiling .pio/build/default/MatterTemperatureSensor.cpp.o
Compiling .pio/build/default/MatterTemperatureControlledCabinet.cpp.o
Compiling .pio/build/default/MatterHumiditySensor.cpp.o
Compiling .pio/build/default/MatterContactSensor.cpp.o
Compiling .pio/build/default/MatterWaterLeakDetector.cpp.o
Compiling .pio/build/default/MatterWaterFreezeDetector.cpp.o
Compiling .pio/build/default/MatterRainSensor.cpp.o
Compiling .pio/build/default/MatterPressureSensor.cpp.o
Compiling .pio/build/default/MatterOccupancySensor.cpp.o
Compiling .pio/build/default/MatterOnOffPlugin.cpp.o
Compiling .pio/build/default/MatterDimmablePlugin.cpp.o
Compiling .pio/build/default/MatterThermostat.cpp.o
Compiling .pio/build/default/MatterWindowCovering.cpp.o
Compiling .pio/build/default/MatterLightSensor.cpp.o
Compiling .pio/build/default/Matter.cpp.o
Compiling .pio/build/default/MatterEndPoint.cpp.o
Compiling .pio/build/default/NetBIOS.cpp.o
Compiling .pio/build/default/NetworkInterface.cpp.o
Compiling .pio/build/default/NetworkEvents.cpp.o
Compiling .pio/build/default/NetworkManager.cpp.o
Compiling .pio/build/default/NetworkClient.cpp.o
Compiling .pio/build/default/NetworkServer.cpp.o
Compiling .pio/build/default/NetworkUdp.cpp.o
Compiling .pio/build/default/OThread.cpp.o
Compiling .pio/build/default/OThreadCLI.cpp.o
Compiling .pio/build/default/OThreadUDP.cpp.o
Compiling .pio/build/default/OThreadCoAP.cpp.o
Compiling .pio/build/default/OThreadCLI_Util.cpp.o
Compiling .pio/build/default/OThreadScan.cpp.o
Compiling .pio/build/default/PPP.cpp.o
Compiling .pio/build/default/Preferences.cpp.o
Compiling .pio/build/default/SD_MMC.cpp.o
Compiling .pio/build/default/SD.cpp.o
Compiling .pio/build/default/sd_diskio.cpp.o
Compiling .pio/build/default/sd_diskio_crc.c.o
Compiling .pio/build/default/SimpleBLE.cpp.o
Compiling .pio/build/default/SPIFFS.cpp.o
Compiling .pio/build/default/SPI.cpp.o
Compiling .pio/build/default/Ticker.cpp.o
Compiling .pio/build/default/Updater.cpp.o
Compiling .pio/build/default/HttpsOTAUpdate.cpp.o
Compiling .pio/build/default/Updater_Signing.cpp.o
Compiling .pio/build/default/WebServer.cpp.o
Compiling .pio/build/default/Parsing.cpp.o
Compiling .pio/build/default/mimetable.cpp.o
Compiling .pio/build/default/MiddlewareChain.cpp.o
Compiling .pio/build/default/AuthenticationMiddleware.cpp.o
Compiling .pio/build/default/CorsMiddleware.cpp.o
Compiling .pio/build/default/LoggingMiddleware.cpp.o
Compiling .pio/build/default/ssl_client.cpp.o
Compiling .pio/build/default/NetworkClientSecure.cpp.o
Compiling .pio/build/default/WiFiAP.cpp.o
Compiling .pio/build/default/WiFi.cpp.o
Compiling .pio/build/default/WiFiGeneric.cpp.o
Compiling .pio/build/default/WiFiMulti.cpp.o
Compiling .pio/build/default/WiFiScan.cpp.o
Compiling .pio/build/default/WiFiSTA.cpp.o
Compiling .pio/build/default/STA.cpp.o
Compiling .pio/build/default/AP.cpp.o
Compiling .pio/build/default/WiFiProv.cpp.o
Compiling .pio/build/default/Wire.cpp.o
Compiling .pio/build/default/ZigbeeCore.cpp.o
Compiling .pio/build/default/ZigbeeEP.cpp.o
Compiling .pio/build/default/ZigbeeHandlers.cpp.o
Compiling .pio/build/default/ZigbeeColorDimmableLight.cpp.o
Compiling .pio/build/default/ZigbeeColorDimmerSwitch.cpp.o
Compiling .pio/build/default/ZigbeeDimmableLight.cpp.o
Compiling .pio/build/default/ZigbeeLight.cpp.o
Compiling .pio/build/default/ZigbeeSwitch.cpp.o
Compiling .pio/build/default/ZigbeeTempSensor.cpp.o
Compiling .pio/build/default/ZigbeeThermostat.cpp.o
Compiling .pio/build/default/ZigbeeFlowSensor.cpp.o
Compiling .pio/build/default/ZigbeePressureSensor.cpp.o
Compiling .pio/build/default/ZigbeeOccupancySensor.cpp.o
Compiling .pio/build/default/ZigbeeCarbonDioxideSensor.cpp.o
Compiling .pio/build/default/ZigbeeContactSwitch.cpp.o
Compiling .pio/build/default/ZigbeeDoorWindowHandle.cpp.o
Compiling .pio/build/default/ZigbeeWindowCovering.cpp.o
Compiling .pio/build/default/ZigbeeVibrationSensor.cpp.o
Compiling .pio/build/default/ZigbeeAnalog.cpp.o
Compiling .pio/build/default/ZigbeeRangeExtender.cpp.o
Compiling .pio/build/default/ZigbeeGateway.cpp.o
Compiling .pio/build/default/ZigbeeWindSpeedSensor.cpp.o
Compiling .pio/build/default/ZigbeeIlluminanceSensor.cpp.o
Compiling .pio/build/default/ZigbeePM25Sensor.cpp.o
Compiling .pio/build/default/ZigbeeElectricalMeasurement.cpp.o
Compiling .pio/build/default/ZigbeeBinary.cpp.o
Compiling .pio/build/default/ZigbeePowerOutlet.cpp.o
Compiling .pio/build/default/ZigbeeFanControl.cpp.o
Compiling .pio/build/default/ZigbeeMultistate.cpp.o
Compiling .pio/build/default/freertos/heap_idf.c.o
Compiling .pio/build/default/freertos/app_startup.c.o
Compiling .pio/build/default/freertos/port_common.c.o
Compiling .pio/build/default/freertos/port_systick.c.o
Compiling .pio/build/default/freertos/FreeRTOS-Kernel/list.c.o
Compiling .pio/build/default/freertos/FreeRTOS-Kernel/queue.c.o
Compiling .pio/build/default/freertos/FreeRTOS-Kernel/tasks.c.o
Compiling .pio/build/default/freertos/FreeRTOS-Kernel/timers.c.o
Compiling .pio/build/default/freertos/FreeRTOS-Kernel/event_groups.c.o
Compiling .pio/build/default/freertos/FreeRTOS-Kernel/stream_buffer.c.o
Compiling .pio/build/default/freertos/FreeRTOS-Kernel/portable/riscv/port.c.o
Compiling .pio/build/default/freertos/FreeRTOS-Kernel/portable/riscv/portasm.S.o
Compiling .pio/build/default/freertos/esp_additions/freertos_compatibility.c.o
Compiling .pio/build/default/freertos/esp_additions/idf_additions_event_groups.c.o
Compiling .pio/build/default/freertos/esp_additions/idf_additions.c.o
Archiving .pio/build/default/esp-idf/framework-arduinoespressif32/libframework-arduinoespressif32.a
Compiling .pio/build/default/hal/hal_utils.c.o
Compiling .pio/build/default/hal/efuse_hal.c.o
Compiling .pio/build/default/hal/esp32c3/efuse_hal.c.o
Compiling .pio/build/default/hal/wdt_hal_iram.c.o
Compiling .pio/build/default/hal/mmu_hal.c.o
Compiling .pio/build/default/hal/cache_hal.c.o
Archiving .pio/build/default/esp-idf/freertos/libfreertos.a
Indexing .pio/build/default/esp-idf/framework-arduinoespressif32/libframework-arduinoespressif32.a
Compiling .pio/build/default/hal/color_hal.c.o
Compiling .pio/build/default/hal/spi_flash_hal.c.o
Indexing .pio/build/default/esp-idf/freertos/libfreertos.a
Compiling .pio/build/default/hal/spi_flash_hal_iram.c.o
Compiling .pio/build/default/hal/spi_flash_encrypt_hal_iram.c.o
Compiling .pio/build/default/hal/esp32c3/clk_tree_hal.c.o
Compiling .pio/build/default/hal/systimer_hal.c.o
Compiling .pio/build/default/hal/uart_hal.c.o
Compiling .pio/build/default/hal/uart_hal_iram.c.o
Compiling .pio/build/default/hal/gpio_hal.c.o
Compiling .pio/build/default/hal/timer_hal.c.o
Compiling .pio/build/default/hal/ledc_hal.c.o
Compiling .pio/build/default/hal/ledc_hal_iram.c.o
Compiling .pio/build/default/hal/i2c_hal.c.o
Compiling .pio/build/default/hal/i2c_hal_iram.c.o
Compiling .pio/build/default/hal/rmt_hal.c.o
Compiling .pio/build/default/hal/uhci_hal.c.o
Compiling .pio/build/default/hal/twai_hal_v1.c.o
Compiling .pio/build/default/hal/gdma_hal_top.c.o
Compiling .pio/build/default/hal/gdma_hal_ahb_v1.c.o
Compiling .pio/build/default/hal/i2s_hal.c.o
Compiling .pio/build/default/hal/sdm_hal.c.o
Compiling .pio/build/default/hal/adc_hal_common.c.o
Compiling .pio/build/default/hal/adc_oneshot_hal.c.o
Compiling .pio/build/default/hal/adc_hal.c.o
Compiling .pio/build/default/hal/mpi_hal.c.o
Compiling .pio/build/default/hal/sha_hal.c.o
Compiling .pio/build/default/hal/aes_hal.c.o
Compiling .pio/build/default/hal/brownout_hal.c.o
Compiling .pio/build/default/hal/spi_hal.c.o
Compiling .pio/build/default/hal/spi_hal_iram.c.o
Compiling .pio/build/default/hal/spi_slave_hal.c.o
Compiling .pio/build/default/hal/spi_slave_hal_iram.c.o
Compiling .pio/build/default/hal/spi_slave_hd_hal.c.o
Compiling .pio/build/default/hal/spi_flash_hal_gpspi.c.o
Compiling .pio/build/default/hal/hmac_hal.c.o
Compiling .pio/build/default/hal/ds_hal.c.o
Compiling .pio/build/default/hal/usb_serial_jtag_hal.c.o
Compiling .pio/build/default/hal/xt_wdt_hal.c.o
Compiling .pio/build/default/hal/esp32c3/rtc_cntl_hal.c.o
Compiling .pio/build/default/heap/heap_caps_base.c.o
Compiling .pio/build/default/heap/heap_caps.c.o
Compiling .pio/build/default/heap/heap_caps_init.c.o
Compiling .pio/build/default/heap/multi_heap.c.o
Compiling .pio/build/default/heap/tlsf/tlsf.c.o
Compiling .pio/build/default/heap/multi_heap_poisoning.c.o
Compiling .pio/build/default/heap/port/memory_layout_utils.c.o
Archiving .pio/build/default/esp-idf/hal/libhal.a
Compiling .pio/build/default/heap/port/esp32c3/memory_layout.c.o
Compiling .pio/build/default/http_parser/http_parser.c.o
Compiling .pio/build/default/managed_components/joltwallet__littlefs/src/littlefs/lfs.c.o
Indexing .pio/build/default/esp-idf/hal/libhal.a
Compiling .pio/build/default/managed_components/joltwallet__littlefs/src/littlefs/lfs_util.c.o
Compiling .pio/build/default/managed_components/joltwallet__littlefs/src/esp_littlefs.c.o
Compiling .pio/build/default/managed_components/joltwallet__littlefs/src/littlefs_esp_part.c.o
Compiling .pio/build/default/managed_components/joltwallet__littlefs/src/lfs_config.c.o
Compiling .pio/build/default/json/cJSON/cJSON.c.o
Archiving .pio/build/default/esp-idf/heap/libheap.a
Compiling .pio/build/default/json/cJSON/cJSON_Utils.c.o
Indexing .pio/build/default/esp-idf/heap/libheap.a
Compiling .pio/build/default/log/src/log_timestamp_common.c.o
Compiling .pio/build/default/log/src/os/log_timestamp.c.o
Compiling .pio/build/default/log/src/os/log_lock.c.o
Archiving .pio/build/default/esp-idf/http_parser/libhttp_parser.a
Compiling .pio/build/default/log/src/buffer/log_buffers.c.o
Compiling .pio/build/default/log/src/os/util.c.o
Compiling .pio/build/default/log/src/util.c.o
Compiling .pio/build/default/log/src/log_format_text.c.o
Compiling .pio/build/default/log/src/log_print.c.o
Indexing .pio/build/default/esp-idf/http_parser/libhttp_parser.a
Archiving .pio/build/default/esp-idf/json/libjson.a
Compiling .pio/build/default/log/src/log.c.o
Compiling .pio/build/default/log/src/os/log_write.c.o
Compiling .pio/build/default/log/src/log_level/log_level.c.o
Indexing .pio/build/default/esp-idf/json/libjson.a
Compiling .pio/build/default/log/src/log_level/tag_log_level/tag_log_level.c.o
Archiving .pio/build/default/esp-idf/joltwallet__littlefs/libjoltwallet__littlefs.a
Compiling .pio/build/default/log/src/log_level/tag_log_level/linked_list/log_linked_list.c.o
Compiling .pio/build/default/log/src/log_level/tag_log_level/cache/log_binary_heap.c.o
Compiling .pio/build/default/lwip/apps/sntp/sntp.c.o
Indexing .pio/build/default/esp-idf/joltwallet__littlefs/libjoltwallet__littlefs.a
Compiling .pio/build/default/lwip/lwip/src/api/api_lib.c.o
Compiling .pio/build/default/lwip/lwip/src/api/api_msg.c.o
Compiling .pio/build/default/lwip/lwip/src/api/err.c.o
Compiling .pio/build/default/lwip/lwip/src/api/if_api.c.o
Compiling .pio/build/default/lwip/lwip/src/api/netbuf.c.o
Compiling .pio/build/default/lwip/lwip/src/api/netdb.c.o
Archiving .pio/build/default/esp-idf/log/liblog.a
Compiling .pio/build/default/lwip/lwip/src/api/netifapi.c.o
Indexing .pio/build/default/esp-idf/log/liblog.a
Compiling .pio/build/default/lwip/lwip/src/api/sockets.c.o
Compiling .pio/build/default/lwip/lwip/src/api/tcpip.c.o
Compiling .pio/build/default/lwip/lwip/src/apps/sntp/sntp.c.o
Compiling .pio/build/default/lwip/lwip/src/apps/netbiosns/netbiosns.c.o
Compiling .pio/build/default/lwip/lwip/src/core/def.c.o
Compiling .pio/build/default/lwip/lwip/src/core/dns.c.o
Compiling .pio/build/default/lwip/lwip/src/core/inet_chksum.c.o
Compiling .pio/build/default/lwip/lwip/src/core/init.c.o
Compiling .pio/build/default/lwip/lwip/src/core/ip.c.o
Compiling .pio/build/default/lwip/lwip/src/core/mem.c.o
Compiling .pio/build/default/lwip/lwip/src/core/memp.c.o
Compiling .pio/build/default/lwip/lwip/src/core/netif.c.o
Compiling .pio/build/default/lwip/lwip/src/core/pbuf.c.o
Compiling .pio/build/default/lwip/lwip/src/core/raw.c.o
Compiling .pio/build/default/lwip/lwip/src/core/stats.c.o
Compiling .pio/build/default/lwip/lwip/src/core/sys.c.o
Compiling .pio/build/default/lwip/lwip/src/core/tcp.c.o
Compiling .pio/build/default/lwip/lwip/src/core/tcp_in.c.o
Compiling .pio/build/default/lwip/lwip/src/core/tcp_out.c.o
Compiling .pio/build/default/lwip/lwip/src/core/timeouts.c.o
Compiling .pio/build/default/lwip/lwip/src/core/udp.c.o
Compiling .pio/build/default/lwip/lwip/src/core/ipv4/autoip.c.o
Compiling .pio/build/default/lwip/lwip/src/core/ipv4/dhcp.c.o
Compiling .pio/build/default/lwip/lwip/src/core/ipv4/etharp.c.o
Compiling .pio/build/default/lwip/lwip/src/core/ipv4/icmp.c.o
Compiling .pio/build/default/lwip/lwip/src/core/ipv4/igmp.c.o
Compiling .pio/build/default/lwip/lwip/src/core/ipv4/ip4.c.o
Compiling .pio/build/default/lwip/lwip/src/core/ipv4/ip4_napt.c.o
Compiling .pio/build/default/lwip/lwip/src/core/ipv4/ip4_addr.c.o
Compiling .pio/build/default/lwip/lwip/src/core/ipv4/ip4_frag.c.o
Compiling .pio/build/default/lwip/lwip/src/core/ipv6/dhcp6.c.o
Compiling .pio/build/default/lwip/lwip/src/core/ipv6/ethip6.c.o
Compiling .pio/build/default/lwip/lwip/src/core/ipv6/icmp6.c.o
Compiling .pio/build/default/lwip/lwip/src/core/ipv6/inet6.c.o
Compiling .pio/build/default/lwip/lwip/src/core/ipv6/ip6.c.o
Compiling .pio/build/default/lwip/lwip/src/core/ipv6/ip6_addr.c.o
Compiling .pio/build/default/lwip/lwip/src/core/ipv6/ip6_frag.c.o
Compiling .pio/build/default/lwip/lwip/src/core/ipv6/mld6.c.o
Compiling .pio/build/default/lwip/lwip/src/core/ipv6/nd6.c.o
Compiling .pio/build/default/lwip/lwip/src/netif/ethernet.c.o
Compiling .pio/build/default/lwip/lwip/src/netif/bridgeif.c.o
Compiling .pio/build/default/lwip/lwip/src/netif/bridgeif_fdb.c.o
Compiling .pio/build/default/lwip/lwip/src/netif/slipif.c.o
Compiling .pio/build/default/lwip/lwip/src/netif/ppp/auth.c.o
Compiling .pio/build/default/lwip/lwip/src/netif/ppp/ccp.c.o
Compiling .pio/build/default/lwip/lwip/src/netif/ppp/chap-md5.c.o
Compiling .pio/build/default/lwip/lwip/src/netif/ppp/chap-new.c.o
Compiling .pio/build/default/lwip/lwip/src/netif/ppp/chap_ms.c.o
Compiling .pio/build/default/lwip/lwip/src/netif/ppp/demand.c.o
Compiling .pio/build/default/lwip/lwip/src/netif/ppp/eap.c.o
Compiling .pio/build/default/lwip/lwip/src/netif/ppp/ecp.c.o
Compiling .pio/build/default/lwip/lwip/src/netif/ppp/eui64.c.o
Compiling .pio/build/default/lwip/lwip/src/netif/ppp/fsm.c.o
Compiling .pio/build/default/lwip/lwip/src/netif/ppp/ipcp.c.o
Compiling .pio/build/default/lwip/lwip/src/netif/ppp/ipv6cp.c.o
Compiling .pio/build/default/lwip/lwip/src/netif/ppp/lcp.c.o
Compiling .pio/build/default/lwip/lwip/src/netif/ppp/magic.c.o
Compiling .pio/build/default/lwip/lwip/src/netif/ppp/mppe.c.o
Compiling .pio/build/default/lwip/lwip/src/netif/ppp/multilink.c.o
Compiling .pio/build/default/lwip/lwip/src/netif/ppp/ppp.c.o
Compiling .pio/build/default/lwip/lwip/src/netif/ppp/pppapi.c.o
Compiling .pio/build/default/lwip/lwip/src/netif/ppp/pppcrypt.c.o
Compiling .pio/build/default/lwip/lwip/src/netif/ppp/pppoe.c.o
Compiling .pio/build/default/lwip/lwip/src/netif/ppp/pppol2tp.c.o
Compiling .pio/build/default/lwip/lwip/src/netif/ppp/pppos.c.o
Compiling .pio/build/default/lwip/lwip/src/netif/ppp/upap.c.o
Compiling .pio/build/default/lwip/lwip/src/netif/ppp/utils.c.o
Compiling .pio/build/default/lwip/lwip/src/netif/ppp/vj.c.o
Compiling .pio/build/default/lwip/port/hooks/tcp_isn_default.c.o
Compiling .pio/build/default/lwip/port/hooks/lwip_default_hooks.c.o
Compiling .pio/build/default/lwip/port/debug/lwip_debug.c.o
Compiling .pio/build/default/lwip/port/sockets_ext.c.o
Compiling .pio/build/default/lwip/port/freertos/sys_arch.c.o
Compiling .pio/build/default/lwip/port/if_index.c.o
Compiling .pio/build/default/lwip/port/acd_dhcp_check.c.o
Compiling .pio/build/default/lwip/port/esp32xx/vfs_lwip.c.o
Compiling .pio/build/default/lwip/apps/ping/esp_ping.c.o
Compiling .pio/build/default/lwip/apps/ping/ping.c.o
Compiling .pio/build/default/lwip/apps/ping/ping_sock.c.o
Compiling .pio/build/default/lwip/lwip/src/netif/ppp/polarssl/arc4.c.o
Compiling .pio/build/default/lwip/lwip/src/netif/ppp/polarssl/des.c.o
Compiling .pio/build/default/lwip/lwip/src/netif/ppp/polarssl/md4.c.o
Compiling .pio/build/default/lwip/lwip/src/netif/ppp/polarssl/md5.c.o
Compiling .pio/build/default/lwip/lwip/src/netif/ppp/polarssl/sha1.c.o
Compiling .pio/build/default/lwip/apps/dhcpserver/dhcpserver.c.o
Compiling .pio/build/default/mbedtls/esp_crt_bundle/esp_crt_bundle.c.o
Compiling .pio/build/default/x509_crt_bundle.S.o
Compiling .pio/build/default/mqtt/esp-mqtt/mqtt_client.c.o
Compiling .pio/build/default/mqtt/esp-mqtt/lib/mqtt_msg.c.o
Compiling .pio/build/default/mqtt/esp-mqtt/lib/mqtt_outbox.c.o
Compiling .pio/build/default/mqtt/esp-mqtt/lib/platform_esp32_idf.c.o
Compiling .pio/build/default/newlib/src/init.c.o
Compiling .pio/build/default/newlib/src/abort.c.o
Archiving .pio/build/default/esp-idf/mbedtls/libmbedtls.a
Archiving .pio/build/default/esp-idf/lwip/liblwip.a
Indexing .pio/build/default/esp-idf/mbedtls/libmbedtls.a
Compiling .pio/build/default/newlib/src/assert.c.o
Compiling .pio/build/default/newlib/src/heap.c.o
Compiling .pio/build/default/newlib/src/locks.c.o
Indexing .pio/build/default/esp-idf/lwip/liblwip.a
Compiling .pio/build/default/newlib/src/poll.c.o
Compiling .pio/build/default/newlib/src/pthread.c.o
Compiling .pio/build/default/newlib/src/random.c.o
Archiving .pio/build/default/esp-idf/mqtt/libmqtt.a
Compiling .pio/build/default/newlib/src/getentropy.c.o
Compiling .pio/build/default/newlib/src/termios.c.o
Compiling .pio/build/default/newlib/src/stdatomic.c.o
Compiling .pio/build/default/newlib/src/time.c.o
Compiling .pio/build/default/newlib/src/sysconf.c.o
Indexing .pio/build/default/esp-idf/mqtt/libmqtt.a
Compiling .pio/build/default/newlib/src/realpath.c.o
Compiling .pio/build/default/newlib/src/scandir.c.o
Compiling .pio/build/default/newlib/src/syscalls.c.o
Compiling .pio/build/default/newlib/src/reent_syscalls.c.o
Compiling .pio/build/default/newlib/src/port/esp_time_impl.c.o
Compiling .pio/build/default/newlib/src/flockfile.c.o
Compiling .pio/build/default/newlib/src/reent_init.c.o
Compiling .pio/build/default/newlib/src/newlib_init.c.o
Compiling .pio/build/default/nvs_flash/src/nvs_api.cpp.o
Compiling .pio/build/default/nvs_flash/src/nvs_cxx_api.cpp.o
Compiling .pio/build/default/nvs_flash/src/nvs_item_hash_list.cpp.o
Compiling .pio/build/default/nvs_flash/src/nvs_page.cpp.o
Compiling .pio/build/default/nvs_flash/src/nvs_pagemanager.cpp.o
Compiling .pio/build/default/nvs_flash/src/nvs_storage.cpp.o
Compiling .pio/build/default/nvs_flash/src/nvs_handle_simple.cpp.o
Archiving .pio/build/default/esp-idf/newlib/libnewlib.a
Indexing .pio/build/default/esp-idf/newlib/libnewlib.a
Compiling .pio/build/default/nvs_flash/src/nvs_handle_locked.cpp.o
Compiling .pio/build/default/nvs_flash/src/nvs_partition.cpp.o
Compiling .pio/build/default/nvs_flash/src/nvs_partition_lookup.cpp.o
Compiling .pio/build/default/nvs_flash/src/nvs_partition_manager.cpp.o
Compiling .pio/build/default/nvs_flash/src/nvs_types.cpp.o
Compiling .pio/build/default/nvs_flash/src/nvs_platform.cpp.o
Compiling .pio/build/default/nvs_flash/src/nvs_bootloader.c.o
Compiling .pio/build/default/nvs_flash/src/nvs_encrypted_partition.cpp.o
Compiling .pio/build/default/nvs_flash/src/nvs_bootloader_aes.c.o
Compiling .pio/build/default/nvs_flash/src/nvs_bootloader_xts_aes.c.o
Compiling .pio/build/default/nvs_sec_provider/nvs_sec_provider.c.o
Compiling .pio/build/default/openthread/src/spinel/esp_radio_spinel.cpp.o
Compiling .pio/build/default/openthread/src/spinel/esp_radio_spinel_uart_interface.cpp.o
Compiling .pio/build/default/openthread/src/port/esp_openthread_alarm.c.o
Compiling .pio/build/default/openthread/src/port/esp_openthread_logging.c.o
Archiving .pio/build/default/esp-idf/nvs_sec_provider/libnvs_sec_provider.a
Indexing .pio/build/default/esp-idf/nvs_sec_provider/libnvs_sec_provider.a
Compiling .pio/build/default/openthread/openthread/src/lib/spinel/spinel.c.o
Compiling .pio/build/default/openthread/openthread/src/lib/spinel/spinel_buffer.cpp.o
Compiling .pio/build/default/openthread/openthread/src/lib/spinel/spinel_decoder.cpp.o
Compiling .pio/build/default/openthread/openthread/src/lib/spinel/spinel_encoder.cpp.o
Compiling .pio/build/default/openthread/openthread/src/lib/spinel/spinel_helper.cpp.o
Compiling .pio/build/default/openthread/openthread/src/lib/spinel/radio_spinel.cpp.o
Compiling .pio/build/default/openthread/openthread/src/lib/spinel/spinel_driver.cpp.o
Compiling .pio/build/default/openthread/openthread/src/lib/spinel/logger.cpp.o
Compiling .pio/build/default/openthread/openthread/src/lib/hdlc/hdlc.cpp.o
Archiving .pio/build/default/esp-idf/nvs_flash/libnvs_flash.a
Compiling .pio/build/default/openthread/openthread/src/lib/platform/exit_code.c.o
Compiling .pio/build/default/openthread/openthread/src/core/api/error_api.cpp.o
Indexing .pio/build/default/esp-idf/nvs_flash/libnvs_flash.a
Compiling .pio/build/default/openthread/openthread/src/core/api/logging_api.cpp.o
Compiling .pio/build/default/openthread/openthread/src/core/common/error.cpp.o
Compiling .pio/build/default/openthread/openthread/src/core/common/log.cpp.o
Compiling .pio/build/default/openthread/openthread/src/core/common/string.cpp.o
Compiling .pio/build/default/openthread/openthread/src/core/mac/mac_frame.cpp.o
Compiling .pio/build/default/protobuf-c/protobuf-c/protobuf-c/protobuf-c.c.o
Compiling .pio/build/default/protocomm/src/common/protocomm.c.o
Compiling .pio/build/default/protocomm/proto-c/constants.pb-c.c.o
Compiling .pio/build/default/protocomm/proto-c/sec0.pb-c.c.o
Compiling .pio/build/default/protocomm/proto-c/sec1.pb-c.c.o
Compiling .pio/build/default/protocomm/proto-c/sec2.pb-c.c.o
Compiling .pio/build/default/protocomm/proto-c/session.pb-c.c.o
Compiling .pio/build/default/protocomm/src/transports/protocomm_console.c.o
Compiling .pio/build/default/protocomm/src/transports/protocomm_httpd.c.o
Archiving .pio/build/default/esp-idf/openthread/libopenthread.a
Compiling .pio/build/default/protocomm/src/security/security0.c.o
Archiving .pio/build/default/esp-idf/protobuf-c/libprotobuf-c.a
Compiling .pio/build/default/protocomm/src/security/security1.c.o
Compiling .pio/build/default/protocomm/src/security/security2.c.o
Compiling .pio/build/default/protocomm/src/crypto/srp6a/esp_srp.c.o
Indexing .pio/build/default/esp-idf/protobuf-c/libprotobuf-c.a
Indexing .pio/build/default/esp-idf/openthread/libopenthread.a
Compiling .pio/build/default/protocomm/src/crypto/srp6a/esp_srp_mpi.c.o
Compiling .pio/build/default/protocomm/src/transports/protocomm_nimble.c.o
Compiling .pio/build/default/pthread/pthread.c.o
Compiling .pio/build/default/pthread/pthread_cond_var.c.o
Compiling .pio/build/default/pthread/pthread_local_storage.c.o
Compiling .pio/build/default/pthread/pthread_rwlock.c.o
Compiling .pio/build/default/pthread/pthread_semaphore.c.o
Compiling .pio/build/default/riscv/instruction_decode.c.o
Compiling .pio/build/default/riscv/interrupt.c.o
Compiling .pio/build/default/riscv/rv_utils.c.o
Compiling .pio/build/default/riscv/vectors.S.o
Archiving .pio/build/default/esp-idf/protocomm/libprotocomm.a
Compiling .pio/build/default/riscv/interrupt_intc.c.o
Compiling .pio/build/default/riscv/vectors_intc.S.o
Compiling .pio/build/default/rt/FreeRTOS_POSIX_mqueue.c.o
Archiving .pio/build/default/esp-idf/pthread/libpthread.a
Compiling .pio/build/default/rt/FreeRTOS_POSIX_utils.c.o
Indexing .pio/build/default/esp-idf/protocomm/libprotocomm.a
Compiling .pio/build/default/sdmmc/sdmmc_cmd.c.o
Compiling .pio/build/default/sdmmc/sdmmc_common.c.o
Indexing .pio/build/default/esp-idf/pthread/libpthread.a
Compiling .pio/build/default/sdmmc/sdmmc_init.c.o
Archiving .pio/build/default/esp-idf/riscv/libriscv.a
Compiling .pio/build/default/sdmmc/sdmmc_io.c.o
Compiling .pio/build/default/sdmmc/sdmmc_mmc.c.o
Compiling .pio/build/default/sdmmc/sdmmc_sd.c.o
Archiving .pio/build/default/esp-idf/rt/librt.a
Indexing .pio/build/default/esp-idf/riscv/libriscv.a
Compiling .pio/build/default/sdmmc/sd_pwr_ctrl/sd_pwr_ctrl.c.o
Indexing .pio/build/default/esp-idf/rt/librt.a
Compiling .pio/build/default/soc/lldesc.c.o
Compiling .pio/build/default/soc/dport_access_common.c.o
Compiling .pio/build/default/soc/esp32c3/interrupts.c.o
Compiling .pio/build/default/soc/esp32c3/gpio_periph.c.o
Compiling .pio/build/default/soc/esp32c3/uart_periph.c.o
Compiling .pio/build/default/soc/esp32c3/adc_periph.c.o
Compiling .pio/build/default/soc/esp32c3/dedic_gpio_periph.c.o
Archiving .pio/build/default/esp-idf/sdmmc/libsdmmc.a
Compiling .pio/build/default/soc/esp32c3/gdma_periph.c.o
Compiling .pio/build/default/soc/esp32c3/spi_periph.c.o
Compiling .pio/build/default/soc/esp32c3/ledc_periph.c.o
Compiling .pio/build/default/soc/esp32c3/rmt_periph.c.o
Indexing .pio/build/default/esp-idf/sdmmc/libsdmmc.a
Compiling .pio/build/default/soc/esp32c3/sdm_periph.c.o
Compiling .pio/build/default/soc/esp32c3/i2s_periph.c.o
Compiling .pio/build/default/soc/esp32c3/i2c_periph.c.o
Compiling .pio/build/default/soc/esp32c3/temperature_sensor_periph.c.o
Compiling .pio/build/default/soc/esp32c3/timer_periph.c.o
Compiling .pio/build/default/soc/esp32c3/mpi_periph.c.o
Compiling .pio/build/default/soc/esp32c3/twai_periph.c.o
Compiling .pio/build/default/soc/esp32c3/wdt_periph.c.o
Compiling .pio/build/default/soc/esp32c3/power_supply_periph.c.o
Compiling .pio/build/default/spi_flash/flash_brownout_hook.c.o
Compiling .pio/build/default/spi_flash/spi_flash_chip_drivers.c.o
Compiling .pio/build/default/spi_flash/spi_flash_chip_generic.c.o
Compiling .pio/build/default/spi_flash/spi_flash_chip_issi.c.o
Compiling .pio/build/default/spi_flash/spi_flash_chip_mxic.c.o
Compiling .pio/build/default/spi_flash/spi_flash_chip_gd.c.o
Compiling .pio/build/default/spi_flash/spi_flash_chip_winbond.c.o
Archiving .pio/build/default/esp-idf/soc/libsoc.a
Compiling .pio/build/default/spi_flash/spi_flash_chip_boya.c.o
Compiling .pio/build/default/spi_flash/spi_flash_chip_mxic_opi.c.o
Compiling .pio/build/default/spi_flash/spi_flash_chip_th.c.o
Indexing .pio/build/default/esp-idf/soc/libsoc.a
Compiling .pio/build/default/spi_flash/memspi_host_driver.c.o
Compiling .pio/build/default/spi_flash/cache_utils.c.o
Compiling .pio/build/default/spi_flash/flash_mmap.c.o
Compiling .pio/build/default/spi_flash/flash_ops.c.o
Compiling .pio/build/default/spi_flash/spi_flash_wrap.c.o
Compiling .pio/build/default/spi_flash/esp_flash_api.c.o
Compiling .pio/build/default/spi_flash/esp_flash_spi_init.c.o
Compiling .pio/build/default/spi_flash/spi_flash_os_func_app.c.o
Compiling .pio/build/default/spi_flash/spi_flash_os_func_noos.c.o
Compiling .pio/build/default/spiffs/spiffs_api.c.o
Compiling .pio/build/default/spiffs/spiffs/src/spiffs_cache.c.o
Compiling .pio/build/default/spiffs/spiffs/src/spiffs_check.c.o
Compiling .pio/build/default/spiffs/spiffs/src/spiffs_gc.c.o
Compiling .pio/build/default/spiffs/spiffs/src/spiffs_hydrogen.c.o
Compiling .pio/build/default/spiffs/spiffs/src/spiffs_nucleus.c.o
Compiling .pio/build/default/spiffs/esp_spiffs.c.o
Archiving .pio/build/default/esp-idf/spi_flash/libspi_flash.a
Compiling .pio/build/default/tcp_transport/transport.c.o
Compiling .pio/build/default/tcp_transport/transport_ssl.c.o
Indexing .pio/build/default/esp-idf/spi_flash/libspi_flash.a
Compiling .pio/build/default/tcp_transport/transport_internal.c.o
Compiling .pio/build/default/tcp_transport/transport_socks_proxy.c.o
Compiling .pio/build/default/tcp_transport/transport_ws.c.o
Compiling .pio/build/default/unity/unity/src/unity.c.o
Compiling .pio/build/default/unity/unity_compat.c.o
Compiling .pio/build/default/unity/unity_runner.c.o
Compiling .pio/build/default/unity/unity_utils_freertos.c.o
Compiling .pio/build/default/unity/unity_utils_cache.c.o
Compiling .pio/build/default/unity/unity_utils_memory.c.o
Archiving .pio/build/default/esp-idf/spiffs/libspiffs.a
Compiling .pio/build/default/unity/unity_port_esp32.c.o
Archiving .pio/build/default/esp-idf/tcp_transport/libtcp_transport.a
Compiling .pio/build/default/unity/port/esp/unity_utils_memory_esp.c.o
Indexing .pio/build/default/esp-idf/spiffs/libspiffs.a
Compiling .pio/build/default/vfs/vfs.c.o
Compiling .pio/build/default/vfs/vfs_eventfd.c.o
Indexing .pio/build/default/esp-idf/tcp_transport/libtcp_transport.a
Compiling .pio/build/default/vfs/vfs_semihost.c.o
Compiling .pio/build/default/vfs/nullfs.c.o
Compiling .pio/build/default/wear_levelling/Partition.cpp.o
Compiling .pio/build/default/wear_levelling/SPI_Flash.cpp.o
Archiving .pio/build/default/esp-idf/unity/libunity.a
Compiling .pio/build/default/wear_levelling/WL_Ext_Perf.cpp.o
Compiling .pio/build/default/wear_levelling/WL_Ext_Safe.cpp.o
Indexing .pio/build/default/esp-idf/unity/libunity.a
Compiling .pio/build/default/wear_levelling/WL_Flash.cpp.o
Compiling .pio/build/default/wear_levelling/crc32.cpp.o
Compiling .pio/build/default/wear_levelling/wear_levelling.cpp.o
Compiling .pio/build/default/wifi_provisioning/src/wifi_config.c.o
Compiling .pio/build/default/wifi_provisioning/src/wifi_scan.c.o
Compiling .pio/build/default/wifi_provisioning/src/wifi_ctrl.c.o
Archiving .pio/build/default/esp-idf/vfs/libvfs.a
Compiling .pio/build/default/wifi_provisioning/src/manager.c.o
Compiling .pio/build/default/wifi_provisioning/src/handlers.c.o
Compiling .pio/build/default/wifi_provisioning/src/scheme_console.c.o
Archiving .pio/build/default/esp-idf/wear_levelling/libwear_levelling.a
Indexing .pio/build/default/esp-idf/vfs/libvfs.a
Compiling .pio/build/default/wifi_provisioning/proto-c/wifi_config.pb-c.c.o
Compiling .pio/build/default/wifi_provisioning/proto-c/wifi_scan.pb-c.c.o
Compiling .pio/build/default/wifi_provisioning/proto-c/wifi_ctrl.pb-c.c.o
Indexing .pio/build/default/esp-idf/wear_levelling/libwear_levelling.a
Compiling .pio/build/default/wifi_provisioning/proto-c/wifi_constants.pb-c.c.o
Compiling .pio/build/default/wifi_provisioning/src/scheme_softap.c.o
Compiling .pio/build/default/wifi_provisioning/src/scheme_ble.c.o
Compiling .pio/build/default/wpa_supplicant/port/os_xtensa.c.o
Compiling .pio/build/default/wpa_supplicant/port/eloop.c.o
Compiling .pio/build/default/wpa_supplicant/src/ap/ap_config.c.o
Compiling .pio/build/default/wpa_supplicant/src/ap/ieee802_1x.c.o
Compiling .pio/build/default/wpa_supplicant/src/ap/wpa_auth.c.o
Compiling .pio/build/default/wpa_supplicant/src/ap/wpa_auth_ie.c.o
Compiling .pio/build/default/wpa_supplicant/src/ap/pmksa_cache_auth.c.o
Archiving .pio/build/default/esp-idf/wifi_provisioning/libwifi_provisioning.a
Compiling .pio/build/default/wpa_supplicant/src/ap/sta_info.c.o
Compiling .pio/build/default/wpa_supplicant/src/ap/ieee802_11.c.o
Compiling .pio/build/default/wpa_supplicant/src/ap/comeback_token.c.o
Indexing .pio/build/default/esp-idf/wifi_provisioning/libwifi_provisioning.a
Compiling .pio/build/default/wpa_supplicant/src/common/sae.c.o
Compiling .pio/build/default/wpa_supplicant/src/common/dragonfly.c.o
Compiling .pio/build/default/wpa_supplicant/src/common/wpa_common.c.o
Compiling .pio/build/default/wpa_supplicant/src/utils/bitfield.c.o
Compiling .pio/build/default/wpa_supplicant/src/crypto/aes-siv.c.o
Compiling .pio/build/default/wpa_supplicant/src/crypto/sha256-kdf.c.o
Compiling .pio/build/default/wpa_supplicant/src/crypto/ccmp.c.o
Compiling .pio/build/default/wpa_supplicant/src/crypto/aes-gcm.c.o
Compiling .pio/build/default/wpa_supplicant/src/crypto/crypto_ops.c.o
Compiling .pio/build/default/wpa_supplicant/src/crypto/dh_group5.c.o
Compiling .pio/build/default/wpa_supplicant/src/crypto/dh_groups.c.o
Compiling .pio/build/default/wpa_supplicant/src/crypto/ms_funcs.c.o
Compiling .pio/build/default/wpa_supplicant/src/crypto/sha1-tlsprf.c.o
Compiling .pio/build/default/wpa_supplicant/src/crypto/sha256-tlsprf.c.o
Compiling .pio/build/default/wpa_supplicant/src/crypto/sha384-tlsprf.c.o
Compiling .pio/build/default/wpa_supplicant/src/crypto/sha256-prf.c.o
Compiling .pio/build/default/wpa_supplicant/src/crypto/sha1-prf.c.o
Compiling .pio/build/default/wpa_supplicant/src/crypto/sha384-prf.c.o
Compiling .pio/build/default/wpa_supplicant/src/crypto/md4-internal.c.o
Compiling .pio/build/default/wpa_supplicant/src/crypto/sha1-tprf.c.o
Compiling .pio/build/default/wpa_supplicant/src/eap_common/eap_wsc_common.c.o
Compiling .pio/build/default/wpa_supplicant/src/common/ieee802_11_common.c.o
Compiling .pio/build/default/wpa_supplicant/src/eap_peer/chap.c.o
Compiling .pio/build/default/wpa_supplicant/src/eap_peer/eap.c.o
Compiling .pio/build/default/wpa_supplicant/src/eap_peer/eap_common.c.o
Compiling .pio/build/default/wpa_supplicant/src/eap_peer/eap_mschapv2.c.o
Compiling .pio/build/default/wpa_supplicant/src/eap_peer/eap_peap.c.o
Compiling .pio/build/default/wpa_supplicant/src/eap_peer/eap_peap_common.c.o
Compiling .pio/build/default/wpa_supplicant/src/eap_peer/eap_tls.c.o
Compiling .pio/build/default/wpa_supplicant/src/eap_peer/eap_tls_common.c.o
Compiling .pio/build/default/wpa_supplicant/src/eap_peer/eap_ttls.c.o
Compiling .pio/build/default/wpa_supplicant/src/eap_peer/mschapv2.c.o
Compiling .pio/build/default/wpa_supplicant/src/eap_peer/eap_fast.c.o
Compiling .pio/build/default/wpa_supplicant/src/eap_peer/eap_fast_common.c.o
Compiling .pio/build/default/wpa_supplicant/src/eap_peer/eap_fast_pac.c.o
Compiling .pio/build/default/wpa_supplicant/src/rsn_supp/pmksa_cache.c.o
Compiling .pio/build/default/wpa_supplicant/src/rsn_supp/wpa.c.o
Compiling .pio/build/default/wpa_supplicant/src/rsn_supp/wpa_ie.c.o
Compiling .pio/build/default/wpa_supplicant/src/utils/base64.c.o
Compiling .pio/build/default/wpa_supplicant/src/utils/common.c.o
Compiling .pio/build/default/wpa_supplicant/src/utils/ext_password.c.o
Compiling .pio/build/default/wpa_supplicant/src/utils/uuid.c.o
Compiling .pio/build/default/wpa_supplicant/src/utils/wpabuf.c.o
Compiling .pio/build/default/wpa_supplicant/src/utils/wpa_debug.c.o
Compiling .pio/build/default/wpa_supplicant/src/utils/json.c.o
Compiling .pio/build/default/wpa_supplicant/src/wps/wps.c.o
Compiling .pio/build/default/wpa_supplicant/src/wps/wps_attr_build.c.o
Compiling .pio/build/default/wpa_supplicant/src/wps/wps_attr_parse.c.o
Compiling .pio/build/default/wpa_supplicant/src/wps/wps_attr_process.c.o
Compiling .pio/build/default/wpa_supplicant/src/wps/wps_common.c.o
Compiling .pio/build/default/wpa_supplicant/src/wps/wps_dev_attr.c.o
Compiling .pio/build/default/wpa_supplicant/src/wps/wps_enrollee.c.o
Compiling .pio/build/default/wpa_supplicant/src/common/sae_pk.c.o
Compiling .pio/build/default/wpa_supplicant/src/common/bss.c.o
Compiling .pio/build/default/wpa_supplicant/src/common/scan.c.o
Compiling .pio/build/default/wpa_supplicant/esp_supplicant/src/esp_scan.c.o
Compiling .pio/build/default/wpa_supplicant/esp_supplicant/src/esp_eap_client.c.o
Compiling .pio/build/default/wpa_supplicant/esp_supplicant/src/esp_wpa2_api_port.c.o
Compiling .pio/build/default/wpa_supplicant/esp_supplicant/src/esp_wpa_main.c.o
Compiling .pio/build/default/wpa_supplicant/esp_supplicant/src/esp_wpas_glue.c.o
Compiling .pio/build/default/wpa_supplicant/esp_supplicant/src/esp_common.c.o
Compiling .pio/build/default/wpa_supplicant/esp_supplicant/src/esp_wps.c.o
Compiling .pio/build/default/wpa_supplicant/esp_supplicant/src/esp_wpa3.c.o
Compiling .pio/build/default/wpa_supplicant/esp_supplicant/src/esp_owe.c.o
Compiling .pio/build/default/wpa_supplicant/esp_supplicant/src/esp_hostap.c.o
Compiling .pio/build/default/wpa_supplicant/esp_supplicant/src/crypto/tls_mbedtls.c.o
Compiling .pio/build/default/wpa_supplicant/src/common/rrm.c.o
Compiling .pio/build/default/wpa_supplicant/src/common/wnm_sta.c.o
Compiling .pio/build/default/wpa_supplicant/src/rsn_supp/wpa_ft.c.o
Compiling .pio/build/default/wpa_supplicant/esp_supplicant/src/crypto/crypto_mbedtls.c.o
Compiling .pio/build/default/wpa_supplicant/esp_supplicant/src/crypto/crypto_mbedtls-bignum.c.o
Compiling .pio/build/default/wpa_supplicant/esp_supplicant/src/crypto/crypto_mbedtls-rsa.c.o
Compiling .pio/build/default/wpa_supplicant/esp_supplicant/src/crypto/crypto_mbedtls-ec.c.o
Compiling .pio/build/default/wpa_supplicant/esp_supplicant/src/crypto/fastpsk.c.o
Compiling .pio/build/default/wpa_supplicant/src/crypto/rc4.c.o
Compiling .pio/build/default/wpa_supplicant/src/crypto/des-internal.c.o
Compiling .pio/build/default/wpa_supplicant/src/crypto/aes-wrap.c.o
Compiling .pio/build/default/wpa_supplicant/src/crypto/aes-unwrap.c.o
Compiling .pio/build/default/wpa_supplicant/src/crypto/aes-ccm.c.o
Compiling .pio/build/default/wpa_supplicant/src/common/mbo.c.o
Compiling .pio/build/default/mbedtls/mbedtls/3rdparty/everest/library/everest.c.o
Compiling .pio/build/default/mbedtls/mbedtls/3rdparty/everest/library/x25519.c.o
Compiling .pio/build/default/mbedtls/mbedtls/3rdparty/everest/library/Hacl_Curve25519_joined.c.o
Compiling .pio/build/default/mbedtls/mbedtls/library/aes.c.o
Compiling .pio/build/default/mbedtls/mbedtls/library/aesni.c.o
Compiling .pio/build/default/mbedtls/mbedtls/library/aesce.c.o
Compiling .pio/build/default/mbedtls/mbedtls/library/aria.c.o
Compiling .pio/build/default/mbedtls/mbedtls/library/asn1parse.c.o
Archiving .pio/build/default/esp-idf/wpa_supplicant/libwpa_supplicant.a
Compiling .pio/build/default/mbedtls/mbedtls/library/asn1write.c.o
Archiving .pio/build/default/esp-idf/mbedtls/mbedtls/3rdparty/everest/libeverest.a
Compiling .pio/build/default/mbedtls/mbedtls/library/base64.c.o
Compiling .pio/build/default/mbedtls/mbedtls/library/bignum.c.o
Compiling .pio/build/default/mbedtls/mbedtls/library/bignum_core.c.o
Indexing .pio/build/default/esp-idf/mbedtls/mbedtls/3rdparty/everest/libeverest.a
Indexing .pio/build/default/esp-idf/wpa_supplicant/libwpa_supplicant.a
Compiling .pio/build/default/mbedtls/mbedtls/library/bignum_mod.c.o
Compiling .pio/build/default/mbedtls/mbedtls/library/bignum_mod_raw.c.o
Compiling .pio/build/default/mbedtls/mbedtls/library/block_cipher.c.o
Compiling .pio/build/default/mbedtls/mbedtls/library/camellia.c.o
Compiling .pio/build/default/mbedtls/mbedtls/library/ccm.c.o
Compiling .pio/build/default/mbedtls/mbedtls/library/chacha20.c.o
Compiling .pio/build/default/mbedtls/mbedtls/library/chachapoly.c.o
Compiling .pio/build/default/mbedtls/mbedtls/library/cipher.c.o
Compiling .pio/build/default/mbedtls/mbedtls/library/cipher_wrap.c.o
Compiling .pio/build/default/mbedtls/mbedtls/library/constant_time.c.o
Compiling .pio/build/default/mbedtls/mbedtls/library/cmac.c.o
Compiling .pio/build/default/mbedtls/mbedtls/library/ctr_drbg.c.o
Compiling .pio/build/default/mbedtls/mbedtls/library/des.c.o
Compiling .pio/build/default/mbedtls/mbedtls/library/dhm.c.o
Compiling .pio/build/default/mbedtls/mbedtls/library/ecdh.c.o
Compiling .pio/build/default/mbedtls/mbedtls/library/ecdsa.c.o
Compiling .pio/build/default/mbedtls/mbedtls/library/ecjpake.c.o
Compiling .pio/build/default/mbedtls/mbedtls/library/ecp.c.o
Compiling .pio/build/default/mbedtls/mbedtls/library/ecp_curves.c.o
Compiling .pio/build/default/mbedtls/mbedtls/library/ecp_curves_new.c.o
Compiling .pio/build/default/mbedtls/mbedtls/library/entropy.c.o
Compiling .pio/build/default/mbedtls/mbedtls/library/entropy_poll.c.o
Compiling .pio/build/default/mbedtls/mbedtls/library/error.c.o
Compiling .pio/build/default/mbedtls/mbedtls/library/gcm.c.o
Compiling .pio/build/default/mbedtls/mbedtls/library/hkdf.c.o
Compiling .pio/build/default/mbedtls/mbedtls/library/hmac_drbg.c.o
Compiling .pio/build/default/mbedtls/mbedtls/library/lmots.c.o
Compiling .pio/build/default/mbedtls/mbedtls/library/lms.c.o
Compiling .pio/build/default/mbedtls/mbedtls/library/md.c.o
Compiling .pio/build/default/mbedtls/mbedtls/library/md5.c.o
Compiling .pio/build/default/mbedtls/mbedtls/library/memory_buffer_alloc.c.o
Compiling .pio/build/default/mbedtls/mbedtls/library/nist_kw.c.o
Compiling .pio/build/default/mbedtls/mbedtls/library/oid.c.o
Compiling .pio/build/default/mbedtls/mbedtls/library/padlock.c.o
Compiling .pio/build/default/mbedtls/mbedtls/library/pem.c.o
Compiling .pio/build/default/mbedtls/mbedtls/library/pk.c.o
Compiling .pio/build/default/mbedtls/mbedtls/library/pk_ecc.c.o
Compiling .pio/build/default/mbedtls/mbedtls/library/pk_wrap.c.o
Compiling .pio/build/default/mbedtls/mbedtls/library/pkcs12.c.o
Compiling .pio/build/default/mbedtls/mbedtls/library/pkcs5.c.o
Compiling .pio/build/default/mbedtls/mbedtls/library/pkparse.c.o
Compiling .pio/build/default/mbedtls/mbedtls/library/pkwrite.c.o
Compiling .pio/build/default/mbedtls/mbedtls/library/platform.c.o
Compiling .pio/build/default/mbedtls/mbedtls/library/platform_util.c.o
Compiling .pio/build/default/mbedtls/mbedtls/library/poly1305.c.o
Compiling .pio/build/default/mbedtls/mbedtls/library/psa_crypto.c.o
Compiling .pio/build/default/mbedtls/mbedtls/library/psa_crypto_aead.c.o
Compiling .pio/build/default/mbedtls/mbedtls/library/psa_crypto_cipher.c.o
Compiling .pio/build/default/mbedtls/mbedtls/library/psa_crypto_client.c.o
Compiling .pio/build/default/mbedtls/mbedtls/library/psa_crypto_driver_wrappers_no_static.c.o
Compiling .pio/build/default/mbedtls/mbedtls/library/psa_crypto_ecp.c.o
Compiling .pio/build/default/mbedtls/mbedtls/library/psa_crypto_ffdh.c.o
Compiling .pio/build/default/mbedtls/mbedtls/library/psa_crypto_hash.c.o
Compiling .pio/build/default/mbedtls/mbedtls/library/psa_crypto_mac.c.o
Compiling .pio/build/default/mbedtls/mbedtls/library/psa_crypto_pake.c.o
Compiling .pio/build/default/mbedtls/mbedtls/library/psa_crypto_rsa.c.o
Compiling .pio/build/default/mbedtls/mbedtls/library/psa_crypto_random.c.o
Compiling .pio/build/default/mbedtls/mbedtls/library/psa_crypto_se.c.o
Compiling .pio/build/default/mbedtls/mbedtls/library/psa_crypto_slot_management.c.o
Compiling .pio/build/default/mbedtls/mbedtls/library/psa_crypto_storage.c.o
Compiling .pio/build/default/mbedtls/mbedtls/library/psa_its_file.c.o
Compiling .pio/build/default/mbedtls/mbedtls/library/psa_util.c.o
Compiling .pio/build/default/mbedtls/mbedtls/library/ripemd160.c.o
Compiling .pio/build/default/mbedtls/mbedtls/library/rsa.c.o
Compiling .pio/build/default/mbedtls/mbedtls/library/rsa_alt_helpers.c.o
Compiling .pio/build/default/mbedtls/mbedtls/library/sha1.c.o
Compiling .pio/build/default/mbedtls/mbedtls/library/sha256.c.o
Compiling .pio/build/default/mbedtls/mbedtls/library/sha512.c.o
Compiling .pio/build/default/mbedtls/mbedtls/library/sha3.c.o
Compiling .pio/build/default/mbedtls/mbedtls/library/threading.c.o
Compiling .pio/build/default/mbedtls/mbedtls/library/timing.c.o
Compiling .pio/build/default/mbedtls/mbedtls/library/version.c.o
Compiling .pio/build/default/mbedtls/mbedtls/library/version_features.c.o
Compiling .pio/build/default/mbedtls/port/sha/core/esp_sha_gdma_impl.c.o
Compiling .pio/build/default/mbedtls/port/aes/dma/esp_aes_gdma_impl.c.o
Compiling .pio/build/default/mbedtls/port/aes/dma/esp_aes_dma_core.c.o
Compiling .pio/build/default/mbedtls/port/crypto_shared_gdma/esp_crypto_shared_gdma.c.o
Compiling .pio/build/default/mbedtls/port/esp_hardware.c.o
Compiling .pio/build/default/mbedtls/port/esp_mem.c.o
Compiling .pio/build/default/mbedtls/port/esp_timing.c.o
Compiling .pio/build/default/mbedtls/port/aes/esp_aes_xts.c.o
Compiling .pio/build/default/mbedtls/port/aes/esp_aes_common.c.o
Compiling .pio/build/default/mbedtls/port/aes/dma/esp_aes.c.o
Compiling .pio/build/default/mbedtls/port/sha/esp_sha.c.o
Compiling .pio/build/default/mbedtls/port/sha/core/sha.c.o
Compiling .pio/build/default/mbedtls/port/esp_ds/esp_rsa_sign_alt.c.o
Compiling .pio/build/default/mbedtls/port/esp_ds/esp_rsa_dec_alt.c.o
Compiling .pio/build/default/mbedtls/port/esp_ds/esp_ds_common.c.o
Compiling .pio/build/default/mbedtls/port/esp_hmac_pbkdf2.c.o
Compiling .pio/build/default/mbedtls/port/bignum/esp_bignum.c.o
Compiling .pio/build/default/mbedtls/port/bignum/bignum_alt.c.o
Compiling .pio/build/default/mbedtls/port/sha/core/esp_sha1.c.o
Compiling .pio/build/default/mbedtls/port/sha/core/esp_sha256.c.o
Compiling .pio/build/default/mbedtls/port/sha/core/esp_sha512.c.o
Compiling .pio/build/default/mbedtls/port/aes/esp_aes_gcm.c.o
Compiling .pio/build/default/mbedtls/port/md/esp_md.c.o
Compiling .pio/build/default/mbedtls/mbedtls/library/debug.c.o
Compiling .pio/build/default/mbedtls/mbedtls/library/mps_reader.c.o
Compiling .pio/build/default/mbedtls/mbedtls/library/mps_trace.c.o
Compiling .pio/build/default/mbedtls/mbedtls/library/ssl_cache.c.o
Compiling .pio/build/default/mbedtls/mbedtls/library/ssl_ciphersuites.c.o
Compiling .pio/build/default/mbedtls/mbedtls/library/ssl_client.c.o
Compiling .pio/build/default/mbedtls/mbedtls/library/ssl_cookie.c.o
Compiling .pio/build/default/mbedtls/mbedtls/library/ssl_debug_helpers_generated.c.o
Archiving .pio/build/default/esp-idf/mbedtls/mbedtls/library/libmbedcrypto.a
Compiling .pio/build/default/mbedtls/mbedtls/library/ssl_msg.c.o
Compiling .pio/build/default/mbedtls/mbedtls/library/ssl_ticket.c.o
Compiling .pio/build/default/mbedtls/mbedtls/library/ssl_tls.c.o
Compiling .pio/build/default/mbedtls/mbedtls/library/ssl_tls12_client.c.o
Indexing .pio/build/default/esp-idf/mbedtls/mbedtls/library/libmbedcrypto.a
Compiling .pio/build/default/mbedtls/mbedtls/library/ssl_tls12_server.c.o
Compiling .pio/build/default/mbedtls/mbedtls/library/ssl_tls13_keys.c.o
Compiling .pio/build/default/mbedtls/mbedtls/library/ssl_tls13_server.c.o
Compiling .pio/build/default/mbedtls/mbedtls/library/ssl_tls13_client.c.o
Compiling .pio/build/default/mbedtls/mbedtls/library/ssl_tls13_generic.c.o
Compiling .pio/build/default/mbedtls/port/mbedtls_debug.c.o
Compiling .pio/build/default/mbedtls/port/esp_platform_time.c.o
Compiling .pio/build/default/mbedtls/port/net_sockets.c.o
Compiling .pio/build/default/mbedtls/mbedtls/library/pkcs7.c.o
Compiling .pio/build/default/mbedtls/mbedtls/library/x509.c.o
Compiling .pio/build/default/mbedtls/mbedtls/library/x509_create.c.o
Compiling .pio/build/default/mbedtls/mbedtls/library/x509_crl.c.o
Compiling .pio/build/default/mbedtls/mbedtls/library/x509_crt.c.o
Compiling .pio/build/default/mbedtls/mbedtls/library/x509_csr.c.o
Compiling .pio/build/default/mbedtls/mbedtls/library/x509write.c.o
Archiving .pio/build/default/esp-idf/mbedtls/mbedtls/library/libmbedtls.a
Compiling .pio/build/default/mbedtls/mbedtls/library/x509write_crt.c.o
Compiling .pio/build/default/mbedtls/mbedtls/library/x509write_csr.c.o
Indexing .pio/build/default/esp-idf/mbedtls/mbedtls/library/libmbedtls.a
Compiling .pio/build/default/mbedtls/mbedtls/3rdparty/p256-m/p256-m_driver_entrypoints.c.o
Compiling .pio/build/default/mbedtls/mbedtls/3rdparty/p256-m/p256-m/p256-m.c.o
Generating partitions .pio/build/default/partitions.bin
Archiving .pio/build/default/esp-idf/mbedtls/mbedtls/3rdparty/p256-m/libp256m.a
Archiving .pio/build/default/esp-idf/mbedtls/mbedtls/library/libmbedx509.a
Indexing .pio/build/default/esp-idf/mbedtls/mbedtls/3rdparty/p256-m/libp256m.a
Indexing .pio/build/default/esp-idf/mbedtls/mbedtls/library/libmbedx509.a
Generating project linker script .pio/build/default/sections.ld
patch_animatedgif_before_link([".pio/build/default/firmware.elf"], [".pio/build/default/.dummy/sketch.cpp.o", ".pio/build/default/.dummy/arduino-lib-builder-gcc.c.o", ".pio/build/default/.dummy/arduino-lib-builder-cpp.cpp.o", ".pio/build/default/.dummy/arduino-lib-builder-as.S.o"])
Linking .pio/build/default/firmware.elf
                            Memory Type Usage Summary                             
┏━━━━━━━━━━━━━━━━━━━━━┳━━━━━━━━━━━━━━┳━━━━━━━━━━┳━━━━━━━━━━━━━━━━┳━━━━━━━━━━━━━━━┓
┃ Memory Type/Section ┃ Used [bytes] ┃ Used [%] ┃ Remain [bytes] ┃ Total [bytes] ┃
┡━━━━━━━━━━━━━━━━━━━━━╇━━━━━━━━━━━━━━╇━━━━━━━━━━╇━━━━━━━━━━━━━━━━╇━━━━━━━━━━━━━━━┩
│ Flash Code          │       168112 │          │                │               │
│    .text            │       168112 │          │                │               │
│ Flash Data          │        73768 │          │                │               │
│    .rodata          │        61824 │          │                │               │
│    .eh_frame        │        11412 │          │                │               │
│    .init_array      │          276 │          │                │               │
│    .appdesc         │          256 │          │                │               │
│ DRAM                │        71332 │     22.2 │         249964 │        321296 │
│    .text            │        56892 │    17.71 │                │               │
│    .data            │         7840 │     2.44 │                │               │
│    .bss             │         6600 │     2.05 │                │               │
└─────────────────────┴──────────────┴──────────┴────────────────┴───────────────┘
Total image size: 306612 bytes (.bin may be padded larger)
Note: The reported total sizes may be smaller than those in the technical reference manual due to reserved memory and application configuration. The total flash size available for the application is not included by default, as it cannot be reliably determined due to the presence of other data like the bootloader, partition table, and application partition size.
Retrieving maximum program size .pio/build/default/firmware.elf
Checking size .pio/build/default/firmware.elf
Advanced Memory Usage is available via "PlatformIO Home > Project Inspect"
RAM:   [          ]   4.4% (used 14440 bytes from 327680 bytes)
Flash: [          ]   4.5% (used 294668 bytes from 6553600 bytes)
*** Copied compiled esp32c3 IDF libraries to Arduino framework ***
*** Starting Arduino compile default with custom libraries ***
Processing default (platform: https://github.com/pioarduino/platform-espressif32/releases/download/55.03.311/platform-espressif32.zip; board: esp32-c3-devkitm-1; framework: arduino)
--------------------------------------------------------------------------------
Verbose mode can be enabled via `-v, --verbose` option
Patched wolfSSL settings: .pio/libdeps/default/Arduino-wolfSSL/src/user_settings.h
Generated: src/network/html/HomePageHtml.generated.h
  Original: 4514 bytes
  Minified: 4226 bytes (93.6%)
  Compressed: 1446 bytes (32.0%)
Generated: src/network/html/SettingsPageHtml.generated.h
  Original: 26295 bytes
  Minified: 33788 bytes (128.5%)
  Compressed: 8366 bytes (31.8%)
Generated: src/network/html/FontsPageHtml.generated.h
  Original: 10940 bytes
  Minified: 10772 bytes (98.5%)
  Compressed: 3285 bytes (30.0%)
Generated: src/network/html/RunnerPageHtml.generated.h
  Original: 860 bytes
  Minified: 8163 bytes (949.2%)
  Compressed: 3072 bytes (357.2%)
Generated: src/network/html/FilesPageHtml.generated.h
  Original: 228244 bytes
  Minified: 231626 bytes (101.5%)
  Compressed: 54576 bytes (23.9%)
Generated: src/network/html/js/jszip_minJs.generated.h
  Original: 97630 bytes
  Minified: 97630 bytes (100.0%)
  Compressed: 28379 bytes (29.1%)
Language              Code  BCP47        Own  Fallback  Unused  Data (B)
--------------------  ----  -----------  ---  --------  ------  --------
English               EN    en           544  0         8       8996    
العربية               AR    ar           443  101       5       13362   
Беларуская            BE    be           434  110       5       15049   
Български             BG    bg           424  120       5       15386   
Bosanski              BS    bs           434  110       5       8932    
Català                CA    ca           544  0         8       11832   
Valencià              CAV   ca-valencia  544  0         8       11790   
Čeština               CS    cs           434  110       5       9304    
Dansk                 DA    da           323  221       4       5507    
Deutsch               DE    de           514  30        8       9417    
Español               ES    es           544  0         8       11276   
فارسی                 FA    fa           454  90        5       14503   
Suomi                 FI    fi           295  249       2       5665    
Français              FR    fr           491  53        8       9628    
עברית                 HE    he           515  29        8       13051   
Magyar                HU    hu           434  110       5       9780    
Bahasa Indonesia      ID    id           434  110       5       8355    
Italiano              IT    it           515  29        8       9681    
Қазақша               KK    kk           434  110       5       15203   
Lietuvių              LT    lt           434  110       5       7725    
Norsk bokmål          NB    nb           434  110       5       7919    
Nederlands            NL    nl           323  221       4       5573    
Orangutan             OOK   ook          327  217       4       2583    
Polski                PL    pl           434  110       5       8813    
Português (Brasil)    PT    pt-BR        515  29        8       10026   
Português (Portugal)  P2    pt-PT        515  29        8       10785   
Română                RO    ro           323  221       4       6320    
Русский               RU    ru           536  8         8       17393   
Slovenčina            SK    sk           434  110       5       9436    
Slovenščina           SI    sl           434  110       5       8866    
Svenska               SV    sv           453  91        5       8687    
Türkçe                TR    tr           435  109       5       8864    
Українська            UK    uk           436  108       5       15473   
Tiếng Việt            VI    vi           515  29        8       11388   

  Total: 544  |  Used in code: 536  |  Never used: 8
  Flash: 346,568 B strings (deduped)  +  36,992 B offset tables  =  383,560 B

  Stripping 8 unused string(s) from output.

Code generation complete!
  Languages: 34
  String keys: 536
CrossPoint build version: 1.6.5-dev-detached-223c20b48
CONFIGURATION: https://docs.platformio.org/page/boards/espressif32/esp32-c3-devkitm-1.html
PLATFORM: Espressif 32 (55.3.311) > Espressif ESP32-C3-DevKitM-1
HARDWARE: ESP32C3 160MHz, 320KB RAM, 16MB Flash
DEBUG: Current (cmsis-dap) External (cmsis-dap, esp-bridge, esp-builtin, esp-prog, esp-prog-2, iot-bus-jtag, jlink, minimodule, olimex-arm-usb-ocd, olimex-arm-usb-ocd-h, olimex-arm-usb-tiny-h, olimex-jtag-tiny, tumpa)
PACKAGES: 
 - contrib-piohome @ 3.4.4 
 - framework-arduinoespressif32 @ 3.3.11 
 - framework-arduinoespressif32-libs @ 5.5.5+sha.b774170ff46 
 - framework-espidf @ 3.50505.0 (5.5.5) 
 - tool-cmake @ 4.0.3 
 - tool-cppcheck @ 2.20.1 
 - tool-esp-rom-elfs @ 2024.10.11 
 - tool-esptoolpy @ 5.3.0 
 - tool-ninja @ 1.13.1 
 - tool-riscv32-esp-elf-gdb @ 17.1.0+20260402 
 - tool-scons @ 4.40801.0 (4.8.1) 
 - toolchain-riscv32-esp @ 14.2.0+20260121
[ComponentManager] Processed 1 ignored libraries
[ComponentManager] Session completed with 1 changes
LDF: Library Dependency Finder -> https://bit.ly/configure-pio-ldf
LDF Modes: Finder ~ chain, Compatibility ~ soft
Found 100 compatible libraries
Scanning dependencies...
Dependency Graph
|-- BatteryMonitor @ 2.0.0
|-- InputManager @ 2.0.0
|-- HapticManager @ 1.0.0
|-- EInkDisplay @ 2.0.0
|-- SDCardManager @ 2.0.0
|-- UsbMassStorage @ 1.0.0
|-- BoardConfig @ 2.0.0
|-- XteinkDetect @ 1.0.0
|-- PowerManager @ 1.0.0
|-- MemoryManager @ 1.0.0
|-- FrontlightManager @ 1.0.0
|-- Rtc @ 1.0.0
|-- Imu @ 1.0.0
|-- SecureNet @ 1.0.0
|-- JsonSax @ 1.0.0
|-- CatalogList @ 1.0.0
|-- ContentProtection @ 0.1.0
|-- FreeInkUI @ 0.1.0
|-- Icons @ 1.0.0
|-- FreeInkFont @ 0.1.0
|-- ArduinoJson @ 7.4.2
|-- SdFat @ 2.3.1
|-- QRCode @ 0.0.1
|-- PNGdec @ 1.1.6
|-- JPEGDEC @ 1.2.7+sha.8628297
|-- AnimatedGIF @ 2.2.0+sha.67cfaca
|-- WebSockets @ 2.7.3
|-- Arduino-wolfSSL @ 5.7.2
|-- I18n
|-- Logging
|-- Serialization
|-- hal
|-- GfxRenderer
|-- Memory
|-- EpdFont
|-- FsHelpers
|-- WiFi @ 3.3.11
|-- Epub
|-- Xtc
|-- LibraryIndex
|-- OpdsParser
|-- Utf8
|-- ESPmDNS @ 3.3.11
|-- DNSServer @ 3.3.11
|-- TrustedTime
|-- KOReaderSync
|-- MiniBidi
|-- SPI @ 3.3.11
|-- DeviceSecret
|-- JsonParser
|-- InflateReader
|-- Networking @ 3.3.11
|-- WebServer @ 3.3.11
Building in release mode
Applied SdFat patch: 0001-invalidate-failed-cache-fill.patch
Applied SdFat patch: 0002-allow-separate-fat-cache-override.patch
Compiling .pio/build/default/liba14/Wire/Wire.cpp.o
Compiling .pio/build/default/lib819/BatteryMonitor/BatteryMonitor.cpp.o
Compiling .pio/build/default/libb52/InputManager/InputManager.cpp.o
Compiling .pio/build/default/lib882/HapticManager/HapticManager.cpp.o
Compiling .pio/build/default/lib0b7/SPI/SPI.cpp.o
Compiling .pio/build/default/libace/FreeInkDisplay/FreeInkDisplay.cpp.o
Compiling .pio/build/default/libace/FreeInkDisplay/bus/EpdBus.cpp.o
Compiling .pio/build/default/libace/FreeInkDisplay/driver/Ed2208M5Driver.cpp.o
Compiling .pio/build/default/libace/FreeInkDisplay/driver/It8951Driver.cpp.o
Compiling .pio/build/default/libace/FreeInkDisplay/driver/LgfxEpdDriver.cpp.o
Compiling .pio/build/default/libace/FreeInkDisplay/driver/M5OfficialDriver.cpp.o
Compiling .pio/build/default/libace/FreeInkDisplay/driver/PaperMonoDriver.cpp.o
Compiling .pio/build/default/libace/FreeInkDisplay/driver/Ssd1677Driver.cpp.o
Compiling .pio/build/default/libace/FreeInkDisplay/driver/Uc8179Driver.cpp.o
Compiling .pio/build/default/libace/FreeInkDisplay/driver/Uc8253MurphyDriver.cpp.o
Compiling .pio/build/default/libace/FreeInkDisplay/driver/Uc8253X3Driver.cpp.o
Compiling .pio/build/default/libace/FreeInkDisplay/driver/Uc8279Driver.cpp.o
Compiling .pio/build/default/libace/FreeInkDisplay/driver/Uc8279X4Driver.cpp.o
Compiling .pio/build/default/libace/FreeInkDisplay/driver/Uc8279cA4Driver.cpp.o
Compiling .pio/build/default/lib2fb/SdFat/ExFatLib/ExFatDbg.cpp.o
Compiling .pio/build/default/lib2fb/SdFat/ExFatLib/ExFatFile.cpp.o
Compiling .pio/build/default/lib2fb/SdFat/ExFatLib/ExFatFilePrint.cpp.o
Compiling .pio/build/default/lib2fb/SdFat/ExFatLib/ExFatFileWrite.cpp.o
Compiling .pio/build/default/lib2fb/SdFat/ExFatLib/ExFatFormatter.cpp.o
Compiling .pio/build/default/lib2fb/SdFat/ExFatLib/ExFatName.cpp.o
Compiling .pio/build/default/lib2fb/SdFat/ExFatLib/ExFatPartition.cpp.o
Compiling .pio/build/default/lib2fb/SdFat/ExFatLib/ExFatVolume.cpp.o
Compiling .pio/build/default/lib2fb/SdFat/FatLib/FatDbg.cpp.o
Compiling .pio/build/default/lib2fb/SdFat/FatLib/FatFile.cpp.o
Compiling .pio/build/default/lib2fb/SdFat/FatLib/FatFileLFN.cpp.o
Compiling .pio/build/default/lib2fb/SdFat/FatLib/FatFilePrint.cpp.o
Compiling .pio/build/default/lib2fb/SdFat/FatLib/FatFileSFN.cpp.o
Compiling .pio/build/default/lib2fb/SdFat/FatLib/FatFormatter.cpp.o
Compiling .pio/build/default/lib2fb/SdFat/FatLib/FatName.cpp.o
Compiling .pio/build/default/lib2fb/SdFat/FatLib/FatPartition.cpp.o
Compiling .pio/build/default/lib2fb/SdFat/FatLib/FatVolume.cpp.o
Compiling .pio/build/default/lib2fb/SdFat/FreeStack.cpp.o
Compiling .pio/build/default/lib2fb/SdFat/FsLib/FsFile.cpp.o
Compiling .pio/build/default/lib2fb/SdFat/FsLib/FsNew.cpp.o
Compiling .pio/build/default/lib2fb/SdFat/FsLib/FsVolume.cpp.o
Compiling .pio/build/default/lib2fb/SdFat/MinimumSerial.cpp.o
Compiling .pio/build/default/lib2fb/SdFat/SdCard/PioSdio/PioSdioCard.cpp.o
Compiling .pio/build/default/lib2fb/SdFat/SdCard/SdCardInfo.cpp.o
Compiling .pio/build/default/lib2fb/SdFat/SdCard/SdSpiCard/SdSpiCard.cpp.o
Compiling .pio/build/default/lib2fb/SdFat/SdCard/SdSpiCard/SpiDriver/SdSpiChipSelect.cpp.o
Compiling .pio/build/default/lib2fb/SdFat/SdCard/SdSpiCard/SpiDriver/SdSpiDue.cpp.o
Compiling .pio/build/default/lib2fb/SdFat/SdCard/SdSpiCard/SpiDriver/SdSpiSTM32Core.cpp.o
Compiling .pio/build/default/lib2fb/SdFat/SdCard/SdSpiCard/SpiDriver/SdSpiTeensy3.cpp.o
Compiling .pio/build/default/lib2fb/SdFat/SdCard/TeensySdio/TeensySdio.cpp.o
Compiling .pio/build/default/lib2fb/SdFat/common/FmtNumber.cpp.o
Compiling .pio/build/default/lib2fb/SdFat/common/FsCache.cpp.o
Compiling .pio/build/default/lib2fb/SdFat/common/FsDateTime.cpp.o
Compiling .pio/build/default/lib2fb/SdFat/common/FsName.cpp.o
Compiling .pio/build/default/lib2fb/SdFat/common/FsStructs.cpp.o
Compiling .pio/build/default/lib2fb/SdFat/common/FsUtf.cpp.o
Compiling .pio/build/default/lib2fb/SdFat/common/PrintBasic.cpp.o
Compiling .pio/build/default/lib2fb/SdFat/common/upcase.cpp.o
Compiling .pio/build/default/lib2fb/SdFat/iostream/StdioStream.cpp.o
Compiling .pio/build/default/lib2fb/SdFat/iostream/StreamBaseClass.cpp.o
Compiling .pio/build/default/lib2fb/SdFat/iostream/istream.cpp.o
Compiling .pio/build/default/lib2fb/SdFat/iostream/ostream.cpp.o
Compiling .pio/build/default/lib97e/SDCardManager/SDCardManager.cpp.o
Compiling .pio/build/default/lib97e/SDCardManager/SdmmcBlockDevice.cpp.o
Compiling .pio/build/default/libfb9/UsbMassStorage/UsbMassStorage.cpp.o
Compiling .pio/build/default/libd9c/XteinkDetect/XteinkDetect.cpp.o
Compiling .pio/build/default/libbf1/PowerManager/PowerManager.cpp.o
Compiling .pio/build/default/lib3a7/MemoryManager/MemoryManager.cpp.o
Compiling .pio/build/default/libd1b/Logging/Logging.cpp.o
Compiling .pio/build/default/lib3d9/FrontlightManager/FrontlightManager.cpp.o
Compiling .pio/build/default/lib8a8/Rtc/Rtc.cpp.o
Compiling .pio/build/default/lib1b2/Imu/Imu.cpp.o
Compiling .pio/build/default/lib0c8/Network/NetworkClient.cpp.o
Compiling .pio/build/default/lib0c8/Network/NetworkEvents.cpp.o
Compiling .pio/build/default/lib0c8/Network/NetworkInterface.cpp.o
Compiling .pio/build/default/lib0c8/Network/NetworkManager.cpp.o
Compiling .pio/build/default/lib0c8/Network/NetworkServer.cpp.o
Compiling .pio/build/default/lib0c8/Network/NetworkUdp.cpp.o
Compiling .pio/build/default/libc47/WiFi/AP.cpp.o
Compiling .pio/build/default/libc47/WiFi/STA.cpp.o
Compiling .pio/build/default/libc47/WiFi/WiFi.cpp.o
Compiling .pio/build/default/libc47/WiFi/WiFiAP.cpp.o
Compiling .pio/build/default/libc47/WiFi/WiFiGeneric.cpp.o
Compiling .pio/build/default/libc47/WiFi/WiFiMulti.cpp.o
Compiling .pio/build/default/libc47/WiFi/WiFiSTA.cpp.o
Compiling .pio/build/default/libc47/WiFi/WiFiScan.cpp.o
Compiling .pio/build/default/lib0cf/PNGdec/PNGdec.cpp.o
Compiling .pio/build/default/lib0cf/PNGdec/adler32.c.o
Compiling .pio/build/default/lib0cf/PNGdec/crc32.c.o
Compiling .pio/build/default/lib0cf/PNGdec/infback.c.o
Compiling .pio/build/default/lib0cf/PNGdec/inffast.c.o
Compiling .pio/build/default/lib0cf/PNGdec/inflate.c.o
Compiling .pio/build/default/lib0cf/PNGdec/inftrees.c.o
Compiling .pio/build/default/lib0cf/PNGdec/s3_simd_rgb565.S.o
Compiling .pio/build/default/lib0cf/PNGdec/zutil.c.o
Compiling .pio/build/default/lib78f/Arduino-wolfSSL/src/bio.c.o
Compiling .pio/build/default/lib78f/Arduino-wolfSSL/src/conf.c.o
Compiling .pio/build/default/lib78f/Arduino-wolfSSL/src/crl.c.o
Compiling .pio/build/default/lib78f/Arduino-wolfSSL/src/dtls.c.o
Compiling .pio/build/default/lib78f/Arduino-wolfSSL/src/dtls13.c.o
In file included from .pio/libdeps/default/Arduino-wolfSSL/src/wolfssl/wolfcrypt/settings.h:318,
                 from .pio/libdeps/default/Arduino-wolfSSL/src/src/bio.c:26:
.pio/libdeps/default/Arduino-wolfSSL/src/user_settings.h:297:13: warning: "NO_WOLFSSL_ESP32_CRYPT_RSA_PRI" redefined
  297 |     #define NO_WOLFSSL_ESP32_CRYPT_RSA_PRI
      |             ^~~~~~~~~~~~~~~~~~~~~~~~~~~~~~
<command-line>: note: this is the location of the previous definition
Compiling .pio/build/default/lib78f/Arduino-wolfSSL/src/internal.c.o
In file included from .pio/libdeps/default/Arduino-wolfSSL/src/wolfssl/wolfcrypt/settings.h:318,
                 from .pio/libdeps/default/Arduino-wolfSSL/src/src/conf.c:27:
.pio/libdeps/default/Arduino-wolfSSL/src/user_settings.h:297:13: warning: "NO_WOLFSSL_ESP32_CRYPT_RSA_PRI" redefined
  297 |     #define NO_WOLFSSL_ESP32_CRYPT_RSA_PRI
      |             ^~~~~~~~~~~~~~~~~~~~~~~~~~~~~~
<command-line>: note: this is the location of the previous definition
Compiling .pio/build/default/lib78f/Arduino-wolfSSL/src/keys.c.o
Compiling .pio/build/default/lib78f/Arduino-wolfSSL/src/ocsp.c.o
In file included from .pio/libdeps/default/Arduino-wolfSSL/src/wolfssl/wolfcrypt/settings.h:318,
                 from .pio/libdeps/default/Arduino-wolfSSL/src/src/crl.c:39:
.pio/libdeps/default/Arduino-wolfSSL/src/user_settings.h:297:13: warning: "NO_WOLFSSL_ESP32_CRYPT_RSA_PRI" redefined
  297 |     #define NO_WOLFSSL_ESP32_CRYPT_RSA_PRI
      |             ^~~~~~~~~~~~~~~~~~~~~~~~~~~~~~
<command-line>: note: this is the location of the previous definition
Compiling .pio/build/default/lib78f/Arduino-wolfSSL/src/pk.c.o
In file included from .pio/libdeps/default/Arduino-wolfSSL/src/wolfssl/wolfcrypt/settings.h:318,
                 from .pio/libdeps/default/Arduino-wolfSSL/src/src/dtls13.c:26:
.pio/libdeps/default/Arduino-wolfSSL/src/user_settings.h:297:13: warning: "NO_WOLFSSL_ESP32_CRYPT_RSA_PRI" redefined
  297 |     #define NO_WOLFSSL_ESP32_CRYPT_RSA_PRI
      |             ^~~~~~~~~~~~~~~~~~~~~~~~~~~~~~
<command-line>: note: this is the location of the previous definition
Compiling .pio/build/default/lib78f/Arduino-wolfSSL/src/quic.c.o
In file included from .pio/libdeps/default/Arduino-wolfSSL/src/wolfssl/wolfcrypt/settings.h:318,
                 from .pio/libdeps/default/Arduino-wolfSSL/src/src/dtls.c:53:
.pio/libdeps/default/Arduino-wolfSSL/src/user_settings.h:297:13: warning: "NO_WOLFSSL_ESP32_CRYPT_RSA_PRI" redefined
  297 |     #define NO_WOLFSSL_ESP32_CRYPT_RSA_PRI
      |             ^~~~~~~~~~~~~~~~~~~~~~~~~~~~~~
<command-line>: note: this is the location of the previous definition
Compiling .pio/build/default/lib78f/Arduino-wolfSSL/src/sniffer.c.o
In file included from .pio/libdeps/default/Arduino-wolfSSL/src/wolfssl/wolfcrypt/settings.h:318,
                 from .pio/libdeps/default/Arduino-wolfSSL/src/src/internal.c:28:
.pio/libdeps/default/Arduino-wolfSSL/src/user_settings.h:297:13: warning: "NO_WOLFSSL_ESP32_CRYPT_RSA_PRI" redefined
  297 |     #define NO_WOLFSSL_ESP32_CRYPT_RSA_PRI
      |             ^~~~~~~~~~~~~~~~~~~~~~~~~~~~~~
<command-line>: note: this is the location of the previous definition
Compiling .pio/build/default/lib78f/Arduino-wolfSSL/src/ssl.c.o
In file included from .pio/libdeps/default/Arduino-wolfSSL/src/wolfssl/wolfcrypt/settings.h:318,
                 from .pio/libdeps/default/Arduino-wolfSSL/src/src/ocsp.c:29:
.pio/libdeps/default/Arduino-wolfSSL/src/user_settings.h:297:13: warning: "NO_WOLFSSL_ESP32_CRYPT_RSA_PRI" redefined
  297 |     #define NO_WOLFSSL_ESP32_CRYPT_RSA_PRI
      |             ^~~~~~~~~~~~~~~~~~~~~~~~~~~~~~
<command-line>: note: this is the location of the previous definition
Compiling .pio/build/default/lib78f/Arduino-wolfSSL/src/ssl_asn1.c.o
In file included from .pio/libdeps/default/Arduino-wolfSSL/src/wolfssl/wolfcrypt/settings.h:318,
                 from .pio/libdeps/default/Arduino-wolfSSL/src/src/keys.c:29:
.pio/libdeps/default/Arduino-wolfSSL/src/user_settings.h:297:13: warning: "NO_WOLFSSL_ESP32_CRYPT_RSA_PRI" redefined
  297 |     #define NO_WOLFSSL_ESP32_CRYPT_RSA_PRI
      |             ^~~~~~~~~~~~~~~~~~~~~~~~~~~~~~
<command-line>: note: this is the location of the previous definition
In file included from .pio/libdeps/default/Arduino-wolfSSL/src/wolfssl/wolfcrypt/settings.h:318,
                 from .pio/libdeps/default/Arduino-wolfSSL/src/src/pk.c:26:
.pio/libdeps/default/Arduino-wolfSSL/src/user_settings.h:297:13: warning: "NO_WOLFSSL_ESP32_CRYPT_RSA_PRI" redefined
  297 |     #define NO_WOLFSSL_ESP32_CRYPT_RSA_PRI
      |             ^~~~~~~~~~~~~~~~~~~~~~~~~~~~~~
<command-line>: note: this is the location of the previous definition
Compiling .pio/build/default/lib78f/Arduino-wolfSSL/src/ssl_bn.c.o
In file included from .pio/libdeps/default/Arduino-wolfSSL/src/wolfssl/wolfcrypt/settings.h:318,
                 from .pio/libdeps/default/Arduino-wolfSSL/src/src/quic.c:29:
.pio/libdeps/default/Arduino-wolfSSL/src/user_settings.h:297:13: warning: "NO_WOLFSSL_ESP32_CRYPT_RSA_PRI" redefined
  297 |     #define NO_WOLFSSL_ESP32_CRYPT_RSA_PRI
      |             ^~~~~~~~~~~~~~~~~~~~~~~~~~~~~~
<command-line>: note: this is the location of the previous definition
In file included from .pio/libdeps/default/Arduino-wolfSSL/src/wolfssl/wolfcrypt/settings.h:318,
                 from .pio/libdeps/default/Arduino-wolfSSL/src/src/sniffer.c:27:
.pio/libdeps/default/Arduino-wolfSSL/src/user_settings.h:297:13: warning: "NO_WOLFSSL_ESP32_CRYPT_RSA_PRI" redefined
  297 |     #define NO_WOLFSSL_ESP32_CRYPT_RSA_PRI
      |             ^~~~~~~~~~~~~~~~~~~~~~~~~~~~~~
<command-line>: note: this is the location of the previous definition
Compiling .pio/build/default/lib78f/Arduino-wolfSSL/src/ssl_certman.c.o
In file included from .pio/libdeps/default/Arduino-wolfSSL/src/wolfssl/wolfcrypt/settings.h:318,
                 from .pio/libdeps/default/Arduino-wolfSSL/src/src/ssl.c:27:
.pio/libdeps/default/Arduino-wolfSSL/src/user_settings.h:297:13: warning: "NO_WOLFSSL_ESP32_CRYPT_RSA_PRI" redefined
  297 |     #define NO_WOLFSSL_ESP32_CRYPT_RSA_PRI
      |             ^~~~~~~~~~~~~~~~~~~~~~~~~~~~~~
<command-line>: note: this is the location of the previous definition
Compiling .pio/build/default/lib78f/Arduino-wolfSSL/src/ssl_crypto.c.o
In file included from .pio/libdeps/default/Arduino-wolfSSL/src/wolfssl/wolfcrypt/settings.h:318,
                 from .pio/libdeps/default/Arduino-wolfSSL/src/src/ssl_asn1.c:26:
.pio/libdeps/default/Arduino-wolfSSL/src/user_settings.h:297:13: warning: "NO_WOLFSSL_ESP32_CRYPT_RSA_PRI" redefined
  297 |     #define NO_WOLFSSL_ESP32_CRYPT_RSA_PRI
      |             ^~~~~~~~~~~~~~~~~~~~~~~~~~~~~~
<command-line>: note: this is the location of the previous definition
Compiling .pio/build/default/lib78f/Arduino-wolfSSL/src/ssl_load.c.o
In file included from .pio/libdeps/default/Arduino-wolfSSL/src/wolfssl/wolfcrypt/settings.h:318,
                 from .pio/libdeps/default/Arduino-wolfSSL/src/src/ssl_bn.c:26:
.pio/libdeps/default/Arduino-wolfSSL/src/user_settings.h:297:13: warning: "NO_WOLFSSL_ESP32_CRYPT_RSA_PRI" redefined
  297 |     #define NO_WOLFSSL_ESP32_CRYPT_RSA_PRI
      |             ^~~~~~~~~~~~~~~~~~~~~~~~~~~~~~
<command-line>: note: this is the location of the previous definition
Compiling .pio/build/default/lib78f/Arduino-wolfSSL/src/ssl_misc.c.o
Compiling .pio/build/default/lib78f/Arduino-wolfSSL/src/ssl_p7p12.c.o
In file included from .pio/libdeps/default/Arduino-wolfSSL/src/wolfssl/wolfcrypt/settings.h:318,
                 from .pio/libdeps/default/Arduino-wolfSSL/src/src/ssl_certman.c:26:
.pio/libdeps/default/Arduino-wolfSSL/src/user_settings.h:297:13: warning: "NO_WOLFSSL_ESP32_CRYPT_RSA_PRI" redefined
  297 |     #define NO_WOLFSSL_ESP32_CRYPT_RSA_PRI
      |             ^~~~~~~~~~~~~~~~~~~~~~~~~~~~~~
<command-line>: note: this is the location of the previous definition
Compiling .pio/build/default/lib78f/Arduino-wolfSSL/src/ssl_sess.c.o
In file included from .pio/libdeps/default/Arduino-wolfSSL/src/wolfssl/wolfcrypt/settings.h:318,
                 from .pio/libdeps/default/Arduino-wolfSSL/src/src/ssl_crypto.c:27:
.pio/libdeps/default/Arduino-wolfSSL/src/user_settings.h:297:13: warning: "NO_WOLFSSL_ESP32_CRYPT_RSA_PRI" redefined
  297 |     #define NO_WOLFSSL_ESP32_CRYPT_RSA_PRI
      |             ^~~~~~~~~~~~~~~~~~~~~~~~~~~~~~
<command-line>: note: this is the location of the previous definition
Compiling .pio/build/default/lib78f/Arduino-wolfSSL/src/tls.c.o
In file included from .pio/libdeps/default/Arduino-wolfSSL/src/wolfssl/wolfcrypt/settings.h:318,
                 from .pio/libdeps/default/Arduino-wolfSSL/src/src/ssl_load.c:27:
.pio/libdeps/default/Arduino-wolfSSL/src/user_settings.h:297:13: warning: "NO_WOLFSSL_ESP32_CRYPT_RSA_PRI" redefined
  297 |     #define NO_WOLFSSL_ESP32_CRYPT_RSA_PRI
      |             ^~~~~~~~~~~~~~~~~~~~~~~~~~~~~~
<command-line>: note: this is the location of the previous definition
Compiling .pio/build/default/lib78f/Arduino-wolfSSL/src/tls13.c.o
In file included from .pio/libdeps/default/Arduino-wolfSSL/src/wolfssl/wolfcrypt/settings.h:318,
                 from .pio/libdeps/default/Arduino-wolfSSL/src/src/ssl_misc.c:26:
.pio/libdeps/default/Arduino-wolfSSL/src/user_settings.h:297:13: warning: "NO_WOLFSSL_ESP32_CRYPT_RSA_PRI" redefined
  297 |     #define NO_WOLFSSL_ESP32_CRYPT_RSA_PRI
      |             ^~~~~~~~~~~~~~~~~~~~~~~~~~~~~~
<command-line>: note: this is the location of the previous definition
Compiling .pio/build/default/lib78f/Arduino-wolfSSL/src/wolfio.c.o
In file included from .pio/libdeps/default/Arduino-wolfSSL/src/wolfssl/wolfcrypt/settings.h:318,
                 from .pio/libdeps/default/Arduino-wolfSSL/src/src/ssl_p7p12.c:26:
.pio/libdeps/default/Arduino-wolfSSL/src/user_settings.h:297:13: warning: "NO_WOLFSSL_ESP32_CRYPT_RSA_PRI" redefined
  297 |     #define NO_WOLFSSL_ESP32_CRYPT_RSA_PRI
      |             ^~~~~~~~~~~~~~~~~~~~~~~~~~~~~~
<command-line>: note: this is the location of the previous definition
Compiling .pio/build/default/lib78f/Arduino-wolfSSL/src/x509.c.o
In file included from .pio/libdeps/default/Arduino-wolfSSL/src/wolfssl/wolfcrypt/settings.h:318,
                 from .pio/libdeps/default/Arduino-wolfSSL/src/src/ssl_sess.c:27:
.pio/libdeps/default/Arduino-wolfSSL/src/user_settings.h:297:13: warning: "NO_WOLFSSL_ESP32_CRYPT_RSA_PRI" redefined
  297 |     #define NO_WOLFSSL_ESP32_CRYPT_RSA_PRI
      |             ^~~~~~~~~~~~~~~~~~~~~~~~~~~~~~
<command-line>: note: this is the location of the previous definition
Compiling .pio/build/default/lib78f/Arduino-wolfSSL/src/x509_str.c.o
In file included from .pio/libdeps/default/Arduino-wolfSSL/src/wolfssl/wolfcrypt/settings.h:318,
                 from .pio/libdeps/default/Arduino-wolfSSL/src/src/tls.c:28:
.pio/libdeps/default/Arduino-wolfSSL/src/user_settings.h:297:13: warning: "NO_WOLFSSL_ESP32_CRYPT_RSA_PRI" redefined
  297 |     #define NO_WOLFSSL_ESP32_CRYPT_RSA_PRI
      |             ^~~~~~~~~~~~~~~~~~~~~~~~~~~~~~
<command-line>: note: this is the location of the previous definition
Compiling .pio/build/default/lib78f/Arduino-wolfSSL/wolfcrypt/src/aes.c.o
In file included from .pio/libdeps/default/Arduino-wolfSSL/src/wolfssl/wolfcrypt/settings.h:318,
                 from .pio/libdeps/default/Arduino-wolfSSL/src/src/tls13.c:95:
.pio/libdeps/default/Arduino-wolfSSL/src/user_settings.h:297:13: warning: "NO_WOLFSSL_ESP32_CRYPT_RSA_PRI" redefined
  297 |     #define NO_WOLFSSL_ESP32_CRYPT_RSA_PRI
      |             ^~~~~~~~~~~~~~~~~~~~~~~~~~~~~~
<command-line>: note: this is the location of the previous definition
Compiling .pio/build/default/lib78f/Arduino-wolfSSL/wolfcrypt/src/arc4.c.o
In file included from .pio/libdeps/default/Arduino-wolfSSL/src/wolfssl/wolfcrypt/settings.h:318,
                 from .pio/libdeps/default/Arduino-wolfSSL/src/src/wolfio.c:31:
.pio/libdeps/default/Arduino-wolfSSL/src/user_settings.h:297:13: warning: "NO_WOLFSSL_ESP32_CRYPT_RSA_PRI" redefined
  297 |     #define NO_WOLFSSL_ESP32_CRYPT_RSA_PRI
      |             ^~~~~~~~~~~~~~~~~~~~~~~~~~~~~~
<command-line>: note: this is the location of the previous definition
Compiling .pio/build/default/lib78f/Arduino-wolfSSL/wolfcrypt/src/asm.c.o
In file included from .pio/libdeps/default/Arduino-wolfSSL/src/wolfssl/wolfcrypt/settings.h:318,
                 from .pio/libdeps/default/Arduino-wolfSSL/src/src/x509.c:27:
.pio/libdeps/default/Arduino-wolfSSL/src/user_settings.h:297:13: warning: "NO_WOLFSSL_ESP32_CRYPT_RSA_PRI" redefined
  297 |     #define NO_WOLFSSL_ESP32_CRYPT_RSA_PRI
      |             ^~~~~~~~~~~~~~~~~~~~~~~~~~~~~~
<command-line>: note: this is the location of the previous definition
In file included from .pio/libdeps/default/Arduino-wolfSSL/src/wolfssl/wolfcrypt/settings.h:318,
                 from .pio/libdeps/default/Arduino-wolfSSL/src/src/x509_str.c:27:
.pio/libdeps/default/Arduino-wolfSSL/src/user_settings.h:297:13: warning: "NO_WOLFSSL_ESP32_CRYPT_RSA_PRI" redefined
  297 |     #define NO_WOLFSSL_ESP32_CRYPT_RSA_PRI
      |             ^~~~~~~~~~~~~~~~~~~~~~~~~~~~~~
<command-line>: note: this is the location of the previous definition
In file included from .pio/libdeps/default/Arduino-wolfSSL/src/wolfssl/wolfcrypt/settings.h:318,
                 from .pio/libdeps/default/Arduino-wolfSSL/src/wolfcrypt/src/aes.c:35:
.pio/libdeps/default/Arduino-wolfSSL/src/user_settings.h:297:13: warning: "NO_WOLFSSL_ESP32_CRYPT_RSA_PRI" redefined
  297 |     #define NO_WOLFSSL_ESP32_CRYPT_RSA_PRI
      |             ^~~~~~~~~~~~~~~~~~~~~~~~~~~~~~
<command-line>: note: this is the location of the previous definition
Compiling .pio/build/default/lib78f/Arduino-wolfSSL/wolfcrypt/src/asn.c.o
In file included from .pio/libdeps/default/Arduino-wolfSSL/src/wolfssl/wolfcrypt/settings.h:318,
                 from .pio/libdeps/default/Arduino-wolfSSL/src/wolfcrypt/src/arc4.c:27:
.pio/libdeps/default/Arduino-wolfSSL/src/user_settings.h:297:13: warning: "NO_WOLFSSL_ESP32_CRYPT_RSA_PRI" redefined
  297 |     #define NO_WOLFSSL_ESP32_CRYPT_RSA_PRI
      |             ^~~~~~~~~~~~~~~~~~~~~~~~~~~~~~
<command-line>: note: this is the location of the previous definition
Compiling .pio/build/default/lib78f/Arduino-wolfSSL/wolfcrypt/src/async.c.o
In file included from .pio/libdeps/default/Arduino-wolfSSL/src/wolfssl/wolfcrypt/settings.h:318,
                 from .pio/libdeps/default/Arduino-wolfSSL/src/wolfcrypt/src/asm.c:27:
.pio/libdeps/default/Arduino-wolfSSL/src/user_settings.h:297:13: warning: "NO_WOLFSSL_ESP32_CRYPT_RSA_PRI" redefined
  297 |     #define NO_WOLFSSL_ESP32_CRYPT_RSA_PRI
      |             ^~~~~~~~~~~~~~~~~~~~~~~~~~~~~~
<command-line>: note: this is the location of the previous definition
Compiling .pio/build/default/lib78f/Arduino-wolfSSL/wolfcrypt/src/bio.c.o
Compiling .pio/build/default/lib78f/Arduino-wolfSSL/wolfcrypt/src/blake2b.c.o
Compiling .pio/build/default/lib78f/Arduino-wolfSSL/wolfcrypt/src/blake2s.c.o
In file included from .pio/libdeps/default/Arduino-wolfSSL/src/wolfssl/wolfcrypt/settings.h:318,
                 from .pio/libdeps/default/Arduino-wolfSSL/src/wolfcrypt/src/asn.c:41:
.pio/libdeps/default/Arduino-wolfSSL/src/user_settings.h:297:13: warning: "NO_WOLFSSL_ESP32_CRYPT_RSA_PRI" redefined
  297 |     #define NO_WOLFSSL_ESP32_CRYPT_RSA_PRI
      |             ^~~~~~~~~~~~~~~~~~~~~~~~~~~~~~
<command-line>: note: this is the location of the previous definition
Compiling .pio/build/default/lib78f/Arduino-wolfSSL/wolfcrypt/src/camellia.c.o
Compiling .pio/build/default/lib78f/Arduino-wolfSSL/wolfcrypt/src/chacha.c.o
In file included from .pio/libdeps/default/Arduino-wolfSSL/src/wolfssl/wolfcrypt/settings.h:318,
                 from .pio/libdeps/default/Arduino-wolfSSL/src/wolfcrypt/src/bio.c:26:
.pio/libdeps/default/Arduino-wolfSSL/src/user_settings.h:297:13: warning: "NO_WOLFSSL_ESP32_CRYPT_RSA_PRI" redefined
  297 |     #define NO_WOLFSSL_ESP32_CRYPT_RSA_PRI
      |             ^~~~~~~~~~~~~~~~~~~~~~~~~~~~~~
<command-line>: note: this is the location of the previous definition
Compiling .pio/build/default/lib78f/Arduino-wolfSSL/wolfcrypt/src/chacha20_poly1305.c.o
In file included from .pio/libdeps/default/Arduino-wolfSSL/src/wolfssl/wolfcrypt/settings.h:318,
                 from .pio/libdeps/default/Arduino-wolfSSL/src/wolfcrypt/src/blake2b.c:40:
.pio/libdeps/default/Arduino-wolfSSL/src/user_settings.h:297:13: warning: "NO_WOLFSSL_ESP32_CRYPT_RSA_PRI" redefined
  297 |     #define NO_WOLFSSL_ESP32_CRYPT_RSA_PRI
      |             ^~~~~~~~~~~~~~~~~~~~~~~~~~~~~~
<command-line>: note: this is the location of the previous definition
Compiling .pio/build/default/lib78f/Arduino-wolfSSL/wolfcrypt/src/cmac.c.o
In file included from .pio/libdeps/default/Arduino-wolfSSL/src/wolfssl/wolfcrypt/settings.h:318,
                 from .pio/libdeps/default/Arduino-wolfSSL/src/wolfcrypt/src/blake2s.c:40:
.pio/libdeps/default/Arduino-wolfSSL/src/user_settings.h:297:13: warning: "NO_WOLFSSL_ESP32_CRYPT_RSA_PRI" redefined
  297 |     #define NO_WOLFSSL_ESP32_CRYPT_RSA_PRI
      |             ^~~~~~~~~~~~~~~~~~~~~~~~~~~~~~
<command-line>: note: this is the location of the previous definition
Compiling .pio/build/default/lib78f/Arduino-wolfSSL/wolfcrypt/src/coding.c.o
In file included from .pio/libdeps/default/Arduino-wolfSSL/src/wolfssl/wolfcrypt/settings.h:318,
                 from .pio/libdeps/default/Arduino-wolfSSL/src/wolfcrypt/src/camellia.c:60:
.pio/libdeps/default/Arduino-wolfSSL/src/user_settings.h:297:13: warning: "NO_WOLFSSL_ESP32_CRYPT_RSA_PRI" redefined
  297 |     #define NO_WOLFSSL_ESP32_CRYPT_RSA_PRI
      |             ^~~~~~~~~~~~~~~~~~~~~~~~~~~~~~
<command-line>: note: this is the location of the previous definition
Compiling .pio/build/default/lib78f/Arduino-wolfSSL/wolfcrypt/src/compress.c.o
In file included from .pio/libdeps/default/Arduino-wolfSSL/src/wolfssl/wolfcrypt/settings.h:318,
                 from .pio/libdeps/default/Arduino-wolfSSL/src/wolfcrypt/src/chacha.c:36:
.pio/libdeps/default/Arduino-wolfSSL/src/user_settings.h:297:13: warning: "NO_WOLFSSL_ESP32_CRYPT_RSA_PRI" redefined
  297 |     #define NO_WOLFSSL_ESP32_CRYPT_RSA_PRI
      |             ^~~~~~~~~~~~~~~~~~~~~~~~~~~~~~
<command-line>: note: this is the location of the previous definition
Compiling .pio/build/default/lib78f/Arduino-wolfSSL/wolfcrypt/src/cpuid.c.o
In file included from .pio/libdeps/default/Arduino-wolfSSL/src/wolfssl/wolfcrypt/settings.h:318,
                 from .pio/libdeps/default/Arduino-wolfSSL/src/wolfcrypt/src/chacha20_poly1305.c:34:
.pio/libdeps/default/Arduino-wolfSSL/src/user_settings.h:297:13: warning: "NO_WOLFSSL_ESP32_CRYPT_RSA_PRI" redefined
  297 |     #define NO_WOLFSSL_ESP32_CRYPT_RSA_PRI
      |             ^~~~~~~~~~~~~~~~~~~~~~~~~~~~~~
<command-line>: note: this is the location of the previous definition
Compiling .pio/build/default/lib78f/Arduino-wolfSSL/wolfcrypt/src/cryptocb.c.o
In file included from .pio/libdeps/default/Arduino-wolfSSL/src/wolfssl/wolfcrypt/settings.h:318,
                 from .pio/libdeps/default/Arduino-wolfSSL/src/wolfcrypt/src/cmac.c:27:
.pio/libdeps/default/Arduino-wolfSSL/src/user_settings.h:297:13: warning: "NO_WOLFSSL_ESP32_CRYPT_RSA_PRI" redefined
  297 |     #define NO_WOLFSSL_ESP32_CRYPT_RSA_PRI
      |             ^~~~~~~~~~~~~~~~~~~~~~~~~~~~~~
<command-line>: note: this is the location of the previous definition
Compiling .pio/build/default/lib78f/Arduino-wolfSSL/wolfcrypt/src/curve25519.c.o
In file included from .pio/libdeps/default/Arduino-wolfSSL/src/wolfssl/wolfcrypt/settings.h:318,
                 from .pio/libdeps/default/Arduino-wolfSSL/src/wolfcrypt/src/coding.c:27:
.pio/libdeps/default/Arduino-wolfSSL/src/user_settings.h:297:13: warning: "NO_WOLFSSL_ESP32_CRYPT_RSA_PRI" redefined
  297 |     #define NO_WOLFSSL_ESP32_CRYPT_RSA_PRI
      |             ^~~~~~~~~~~~~~~~~~~~~~~~~~~~~~
<command-line>: note: this is the location of the previous definition
Compiling .pio/build/default/lib78f/Arduino-wolfSSL/wolfcrypt/src/curve448.c.o
In file included from .pio/libdeps/default/Arduino-wolfSSL/src/wolfssl/wolfcrypt/settings.h:318,
                 from .pio/libdeps/default/Arduino-wolfSSL/src/wolfcrypt/src/compress.c:28:
.pio/libdeps/default/Arduino-wolfSSL/src/user_settings.h:297:13: warning: "NO_WOLFSSL_ESP32_CRYPT_RSA_PRI" redefined
  297 |     #define NO_WOLFSSL_ESP32_CRYPT_RSA_PRI
      |             ^~~~~~~~~~~~~~~~~~~~~~~~~~~~~~
<command-line>: note: this is the location of the previous definition
Compiling .pio/build/default/lib78f/Arduino-wolfSSL/wolfcrypt/src/des3.c.o
In file included from .pio/libdeps/default/Arduino-wolfSSL/src/wolfssl/wolfcrypt/settings.h:318,
                 from .pio/libdeps/default/Arduino-wolfSSL/src/wolfcrypt/src/cpuid.c:27:
.pio/libdeps/default/Arduino-wolfSSL/src/user_settings.h:297:13: warning: "NO_WOLFSSL_ESP32_CRYPT_RSA_PRI" redefined
  297 |     #define NO_WOLFSSL_ESP32_CRYPT_RSA_PRI
      |             ^~~~~~~~~~~~~~~~~~~~~~~~~~~~~~
<command-line>: note: this is the location of the previous definition
Compiling .pio/build/default/lib78f/Arduino-wolfSSL/wolfcrypt/src/dh.c.o
In file included from .pio/libdeps/default/Arduino-wolfSSL/src/wolfssl/wolfcrypt/settings.h:318,
                 from .pio/libdeps/default/Arduino-wolfSSL/src/wolfcrypt/src/cryptocb.c:43:
.pio/libdeps/default/Arduino-wolfSSL/src/user_settings.h:297:13: warning: "NO_WOLFSSL_ESP32_CRYPT_RSA_PRI" redefined
  297 |     #define NO_WOLFSSL_ESP32_CRYPT_RSA_PRI
      |             ^~~~~~~~~~~~~~~~~~~~~~~~~~~~~~
<command-line>: note: this is the location of the previous definition
Compiling .pio/build/default/lib78f/Arduino-wolfSSL/wolfcrypt/src/dilithium.c.o
In file included from .pio/libdeps/default/Arduino-wolfSSL/src/wolfssl/wolfcrypt/settings.h:318,
                 from .pio/libdeps/default/Arduino-wolfSSL/src/wolfcrypt/src/curve25519.c:30:
.pio/libdeps/default/Arduino-wolfSSL/src/user_settings.h:297:13: warning: "NO_WOLFSSL_ESP32_CRYPT_RSA_PRI" redefined
  297 |     #define NO_WOLFSSL_ESP32_CRYPT_RSA_PRI
      |             ^~~~~~~~~~~~~~~~~~~~~~~~~~~~~~
<command-line>: note: this is the location of the previous definition
Compiling .pio/build/default/lib78f/Arduino-wolfSSL/wolfcrypt/src/dsa.c.o
In file included from .pio/libdeps/default/Arduino-wolfSSL/src/wolfssl/wolfcrypt/settings.h:318,
                 from .pio/libdeps/default/Arduino-wolfSSL/src/wolfcrypt/src/curve448.c:32:
.pio/libdeps/default/Arduino-wolfSSL/src/user_settings.h:297:13: warning: "NO_WOLFSSL_ESP32_CRYPT_RSA_PRI" redefined
  297 |     #define NO_WOLFSSL_ESP32_CRYPT_RSA_PRI
      |             ^~~~~~~~~~~~~~~~~~~~~~~~~~~~~~
<command-line>: note: this is the location of the previous definition
Compiling .pio/build/default/lib78f/Arduino-wolfSSL/wolfcrypt/src/ecc.c.o
In file included from .pio/libdeps/default/Arduino-wolfSSL/src/wolfssl/wolfcrypt/settings.h:318,
                 from .pio/libdeps/default/Arduino-wolfSSL/src/wolfcrypt/src/des3.c:27:
.pio/libdeps/default/Arduino-wolfSSL/src/user_settings.h:297:13: warning: "NO_WOLFSSL_ESP32_CRYPT_RSA_PRI" redefined
  297 |     #define NO_WOLFSSL_ESP32_CRYPT_RSA_PRI
      |             ^~~~~~~~~~~~~~~~~~~~~~~~~~~~~~
<command-line>: note: this is the location of the previous definition
Compiling .pio/build/default/lib78f/Arduino-wolfSSL/wolfcrypt/src/ecc_fp.c.o
In file included from .pio/libdeps/default/Arduino-wolfSSL/src/wolfssl/wolfcrypt/settings.h:318,
                 from .pio/libdeps/default/Arduino-wolfSSL/src/wolfcrypt/src/dh.c:27:
.pio/libdeps/default/Arduino-wolfSSL/src/user_settings.h:297:13: warning: "NO_WOLFSSL_ESP32_CRYPT_RSA_PRI" redefined
  297 |     #define NO_WOLFSSL_ESP32_CRYPT_RSA_PRI
      |             ^~~~~~~~~~~~~~~~~~~~~~~~~~~~~~
<command-line>: note: this is the location of the previous definition
Compiling .pio/build/default/lib78f/Arduino-wolfSSL/wolfcrypt/src/eccsi.c.o
In file included from .pio/libdeps/default/Arduino-wolfSSL/src/wolfssl/wolfcrypt/settings.h:318,
                 from .pio/libdeps/default/Arduino-wolfSSL/src/wolfcrypt/src/dilithium.c:119:
.pio/libdeps/default/Arduino-wolfSSL/src/user_settings.h:297:13: warning: "NO_WOLFSSL_ESP32_CRYPT_RSA_PRI" redefined
  297 |     #define NO_WOLFSSL_ESP32_CRYPT_RSA_PRI
      |             ^~~~~~~~~~~~~~~~~~~~~~~~~~~~~~
<command-line>: note: this is the location of the previous definition
Compiling .pio/build/default/lib78f/Arduino-wolfSSL/wolfcrypt/src/ed25519.c.o
In file included from .pio/libdeps/default/Arduino-wolfSSL/src/wolfssl/wolfcrypt/settings.h:318,
                 from .pio/libdeps/default/Arduino-wolfSSL/src/wolfcrypt/src/dsa.c:27:
.pio/libdeps/default/Arduino-wolfSSL/src/user_settings.h:297:13: warning: "NO_WOLFSSL_ESP32_CRYPT_RSA_PRI" redefined
  297 |     #define NO_WOLFSSL_ESP32_CRYPT_RSA_PRI
      |             ^~~~~~~~~~~~~~~~~~~~~~~~~~~~~~
<command-line>: note: this is the location of the previous definition
Compiling .pio/build/default/lib78f/Arduino-wolfSSL/wolfcrypt/src/ed448.c.o
In file included from .pio/libdeps/default/Arduino-wolfSSL/src/wolfssl/wolfcrypt/settings.h:318,
                 from .pio/libdeps/default/Arduino-wolfSSL/src/wolfcrypt/src/ecc.c:29:
.pio/libdeps/default/Arduino-wolfSSL/src/user_settings.h:297:13: warning: "NO_WOLFSSL_ESP32_CRYPT_RSA_PRI" redefined
  297 |     #define NO_WOLFSSL_ESP32_CRYPT_RSA_PRI
      |             ^~~~~~~~~~~~~~~~~~~~~~~~~~~~~~
<command-line>: note: this is the location of the previous definition
Compiling .pio/build/default/lib78f/Arduino-wolfSSL/wolfcrypt/src/error.c.o
Compiling .pio/build/default/lib78f/Arduino-wolfSSL/wolfcrypt/src/evp.c.o
In file included from .pio/libdeps/default/Arduino-wolfSSL/src/wolfssl/wolfcrypt/settings.h:318,
                 from .pio/libdeps/default/Arduino-wolfSSL/src/wolfcrypt/src/eccsi.c:28:
.pio/libdeps/default/Arduino-wolfSSL/src/user_settings.h:297:13: warning: "NO_WOLFSSL_ESP32_CRYPT_RSA_PRI" redefined
  297 |     #define NO_WOLFSSL_ESP32_CRYPT_RSA_PRI
      |             ^~~~~~~~~~~~~~~~~~~~~~~~~~~~~~
<command-line>: note: this is the location of the previous definition
Compiling .pio/build/default/lib78f/Arduino-wolfSSL/wolfcrypt/src/ext_kyber.c.o
In file included from .pio/libdeps/default/Arduino-wolfSSL/src/wolfssl/wolfcrypt/settings.h:318,
                 from .pio/libdeps/default/Arduino-wolfSSL/src/wolfcrypt/src/ed25519.c:36:
.pio/libdeps/default/Arduino-wolfSSL/src/user_settings.h:297:13: warning: "NO_WOLFSSL_ESP32_CRYPT_RSA_PRI" redefined
  297 |     #define NO_WOLFSSL_ESP32_CRYPT_RSA_PRI
      |             ^~~~~~~~~~~~~~~~~~~~~~~~~~~~~~
<command-line>: note: this is the location of the previous definition
Compiling .pio/build/default/lib78f/Arduino-wolfSSL/wolfcrypt/src/ext_lms.c.o
In file included from .pio/libdeps/default/Arduino-wolfSSL/src/wolfssl/wolfcrypt/settings.h:318,
                 from .pio/libdeps/default/Arduino-wolfSSL/src/wolfcrypt/src/ed448.c:38:
.pio/libdeps/default/Arduino-wolfSSL/src/user_settings.h:297:13: warning: "NO_WOLFSSL_ESP32_CRYPT_RSA_PRI" redefined
  297 |     #define NO_WOLFSSL_ESP32_CRYPT_RSA_PRI
      |             ^~~~~~~~~~~~~~~~~~~~~~~~~~~~~~
<command-line>: note: this is the location of the previous definition
Compiling .pio/build/default/lib78f/Arduino-wolfSSL/wolfcrypt/src/ext_xmss.c.o
In file included from .pio/libdeps/default/Arduino-wolfSSL/src/wolfssl/wolfcrypt/settings.h:318,
                 from .pio/libdeps/default/Arduino-wolfSSL/src/wolfcrypt/src/error.c:27:
.pio/libdeps/default/Arduino-wolfSSL/src/user_settings.h:297:13: warning: "NO_WOLFSSL_ESP32_CRYPT_RSA_PRI" redefined
  297 |     #define NO_WOLFSSL_ESP32_CRYPT_RSA_PRI
      |             ^~~~~~~~~~~~~~~~~~~~~~~~~~~~~~
<command-line>: note: this is the location of the previous definition
Compiling .pio/build/default/lib78f/Arduino-wolfSSL/wolfcrypt/src/falcon.c.o
In file included from .pio/libdeps/default/Arduino-wolfSSL/src/wolfssl/wolfcrypt/settings.h:318,
                 from .pio/libdeps/default/Arduino-wolfSSL/src/wolfcrypt/src/evp.c:27:
.pio/libdeps/default/Arduino-wolfSSL/src/user_settings.h:297:13: warning: "NO_WOLFSSL_ESP32_CRYPT_RSA_PRI" redefined
  297 |     #define NO_WOLFSSL_ESP32_CRYPT_RSA_PRI
      |             ^~~~~~~~~~~~~~~~~~~~~~~~~~~~~~
<command-line>: note: this is the location of the previous definition
Compiling .pio/build/default/lib78f/Arduino-wolfSSL/wolfcrypt/src/fe_448.c.o
In file included from .pio/libdeps/default/Arduino-wolfSSL/src/wolfssl/wolfcrypt/settings.h:318,
                 from .pio/libdeps/default/Arduino-wolfSSL/src/wolfcrypt/src/ext_kyber.c:26:
.pio/libdeps/default/Arduino-wolfSSL/src/user_settings.h:297:13: warning: "NO_WOLFSSL_ESP32_CRYPT_RSA_PRI" redefined
  297 |     #define NO_WOLFSSL_ESP32_CRYPT_RSA_PRI
      |             ^~~~~~~~~~~~~~~~~~~~~~~~~~~~~~
<command-line>: note: this is the location of the previous definition
Compiling .pio/build/default/lib78f/Arduino-wolfSSL/wolfcrypt/src/fe_low_mem.c.o
In file included from .pio/libdeps/default/Arduino-wolfSSL/src/wolfssl/wolfcrypt/settings.h:318,
                 from .pio/libdeps/default/Arduino-wolfSSL/src/wolfcrypt/src/ext_lms.c:26:
.pio/libdeps/default/Arduino-wolfSSL/src/user_settings.h:297:13: warning: "NO_WOLFSSL_ESP32_CRYPT_RSA_PRI" redefined
  297 |     #define NO_WOLFSSL_ESP32_CRYPT_RSA_PRI
      |             ^~~~~~~~~~~~~~~~~~~~~~~~~~~~~~
<command-line>: note: this is the location of the previous definition
Compiling .pio/build/default/lib78f/Arduino-wolfSSL/wolfcrypt/src/fe_operations.c.o
In file included from .pio/libdeps/default/Arduino-wolfSSL/src/wolfssl/wolfcrypt/settings.h:318,
                 from .pio/libdeps/default/Arduino-wolfSSL/src/wolfcrypt/src/ext_xmss.c:26:
.pio/libdeps/default/Arduino-wolfSSL/src/user_settings.h:297:13: warning: "NO_WOLFSSL_ESP32_CRYPT_RSA_PRI" redefined
  297 |     #define NO_WOLFSSL_ESP32_CRYPT_RSA_PRI
      |             ^~~~~~~~~~~~~~~~~~~~~~~~~~~~~~
<command-line>: note: this is the location of the previous definition
Compiling .pio/build/default/lib78f/Arduino-wolfSSL/wolfcrypt/src/fips.c.o
In file included from .pio/libdeps/default/Arduino-wolfSSL/src/wolfssl/wolfcrypt/settings.h:318,
                 from .pio/libdeps/default/Arduino-wolfSSL/src/wolfcrypt/src/falcon.c:29:
.pio/libdeps/default/Arduino-wolfSSL/src/user_settings.h:297:13: warning: "NO_WOLFSSL_ESP32_CRYPT_RSA_PRI" redefined
  297 |     #define NO_WOLFSSL_ESP32_CRYPT_RSA_PRI
      |             ^~~~~~~~~~~~~~~~~~~~~~~~~~~~~~
<command-line>: note: this is the location of the previous definition
Compiling .pio/build/default/lib78f/Arduino-wolfSSL/wolfcrypt/src/fips_test.c.o
In file included from .pio/libdeps/default/Arduino-wolfSSL/src/wolfssl/wolfcrypt/settings.h:318,
                 from .pio/libdeps/default/Arduino-wolfSSL/src/wolfcrypt/src/fe_448.c:31:
.pio/libdeps/default/Arduino-wolfSSL/src/user_settings.h:297:13: warning: "NO_WOLFSSL_ESP32_CRYPT_RSA_PRI" redefined
  297 |     #define NO_WOLFSSL_ESP32_CRYPT_RSA_PRI
      |             ^~~~~~~~~~~~~~~~~~~~~~~~~~~~~~
<command-line>: note: this is the location of the previous definition
Compiling .pio/build/default/lib78f/Arduino-wolfSSL/wolfcrypt/src/ge_448.c.o
In file included from .pio/libdeps/default/Arduino-wolfSSL/src/wolfssl/wolfcrypt/settings.h:318,
                 from .pio/libdeps/default/Arduino-wolfSSL/src/wolfcrypt/src/fe_low_mem.c:29:
.pio/libdeps/default/Arduino-wolfSSL/src/user_settings.h:297:13: warning: "NO_WOLFSSL_ESP32_CRYPT_RSA_PRI" redefined
  297 |     #define NO_WOLFSSL_ESP32_CRYPT_RSA_PRI
      |             ^~~~~~~~~~~~~~~~~~~~~~~~~~~~~~
<command-line>: note: this is the location of the previous definition
Compiling .pio/build/default/lib78f/Arduino-wolfSSL/wolfcrypt/src/ge_low_mem.c.o
In file included from .pio/libdeps/default/Arduino-wolfSSL/src/wolfssl/wolfcrypt/settings.h:318,
                 from .pio/libdeps/default/Arduino-wolfSSL/src/wolfcrypt/src/fe_operations.c:29:
.pio/libdeps/default/Arduino-wolfSSL/src/user_settings.h:297:13: warning: "NO_WOLFSSL_ESP32_CRYPT_RSA_PRI" redefined
  297 |     #define NO_WOLFSSL_ESP32_CRYPT_RSA_PRI
      |             ^~~~~~~~~~~~~~~~~~~~~~~~~~~~~~
<command-line>: note: this is the location of the previous definition
Compiling .pio/build/default/lib78f/Arduino-wolfSSL/wolfcrypt/src/ge_operations.c.o
Compiling .pio/build/default/lib78f/Arduino-wolfSSL/wolfcrypt/src/hash.c.o
Compiling .pio/build/default/lib78f/Arduino-wolfSSL/wolfcrypt/src/hmac.c.o
In file included from .pio/libdeps/default/Arduino-wolfSSL/src/wolfssl/wolfcrypt/settings.h:318,
                 from .pio/libdeps/default/Arduino-wolfSSL/src/wolfcrypt/src/ge_448.c:31:
.pio/libdeps/default/Arduino-wolfSSL/src/user_settings.h:297:13: warning: "NO_WOLFSSL_ESP32_CRYPT_RSA_PRI" redefined
  297 |     #define NO_WOLFSSL_ESP32_CRYPT_RSA_PRI
      |             ^~~~~~~~~~~~~~~~~~~~~~~~~~~~~~
<command-line>: note: this is the location of the previous definition
Compiling .pio/build/default/lib78f/Arduino-wolfSSL/wolfcrypt/src/hpke.c.o
In file included from .pio/libdeps/default/Arduino-wolfSSL/src/wolfssl/wolfcrypt/settings.h:318,
                 from .pio/libdeps/default/Arduino-wolfSSL/src/wolfcrypt/src/ge_low_mem.c:29:
.pio/libdeps/default/Arduino-wolfSSL/src/user_settings.h:297:13: warning: "NO_WOLFSSL_ESP32_CRYPT_RSA_PRI" redefined
  297 |     #define NO_WOLFSSL_ESP32_CRYPT_RSA_PRI
      |             ^~~~~~~~~~~~~~~~~~~~~~~~~~~~~~
<command-line>: note: this is the location of the previous definition
Compiling .pio/build/default/lib78f/Arduino-wolfSSL/wolfcrypt/src/integer.c.o
In file included from .pio/libdeps/default/Arduino-wolfSSL/src/wolfssl/wolfcrypt/settings.h:318,
                 from .pio/libdeps/default/Arduino-wolfSSL/src/wolfcrypt/src/ge_operations.c:30:
.pio/libdeps/default/Arduino-wolfSSL/src/user_settings.h:297:13: warning: "NO_WOLFSSL_ESP32_CRYPT_RSA_PRI" redefined
  297 |     #define NO_WOLFSSL_ESP32_CRYPT_RSA_PRI
      |             ^~~~~~~~~~~~~~~~~~~~~~~~~~~~~~
<command-line>: note: this is the location of the previous definition
Compiling .pio/build/default/lib78f/Arduino-wolfSSL/wolfcrypt/src/kdf.c.o
In file included from .pio/libdeps/default/Arduino-wolfSSL/src/wolfssl/wolfcrypt/settings.h:318,
                 from .pio/libdeps/default/Arduino-wolfSSL/src/wolfcrypt/src/hash.c:27:
.pio/libdeps/default/Arduino-wolfSSL/src/user_settings.h:297:13: warning: "NO_WOLFSSL_ESP32_CRYPT_RSA_PRI" redefined
  297 |     #define NO_WOLFSSL_ESP32_CRYPT_RSA_PRI
      |             ^~~~~~~~~~~~~~~~~~~~~~~~~~~~~~
<command-line>: note: this is the location of the previous definition
Compiling .pio/build/default/lib78f/Arduino-wolfSSL/wolfcrypt/src/logging.c.o
In file included from .pio/libdeps/default/Arduino-wolfSSL/src/wolfssl/wolfcrypt/settings.h:318,
                 from .pio/libdeps/default/Arduino-wolfSSL/src/wolfssl/wolfcrypt/wc_port.h:29,
                 from .pio/libdeps/default/Arduino-wolfSSL/src/wolfcrypt/src/hmac.c:27:
.pio/libdeps/default/Arduino-wolfSSL/src/user_settings.h:297:13: warning: "NO_WOLFSSL_ESP32_CRYPT_RSA_PRI" redefined
  297 |     #define NO_WOLFSSL_ESP32_CRYPT_RSA_PRI
      |             ^~~~~~~~~~~~~~~~~~~~~~~~~~~~~~
<command-line>: note: this is the location of the previous definition
Compiling .pio/build/default/lib78f/Arduino-wolfSSL/wolfcrypt/src/md2.c.o
In file included from .pio/libdeps/default/Arduino-wolfSSL/src/wolfssl/wolfcrypt/settings.h:318,
                 from .pio/libdeps/default/Arduino-wolfSSL/src/wolfcrypt/src/hpke.c:30:
.pio/libdeps/default/Arduino-wolfSSL/src/user_settings.h:297:13: warning: "NO_WOLFSSL_ESP32_CRYPT_RSA_PRI" redefined
  297 |     #define NO_WOLFSSL_ESP32_CRYPT_RSA_PRI
      |             ^~~~~~~~~~~~~~~~~~~~~~~~~~~~~~
<command-line>: note: this is the location of the previous definition
Compiling .pio/build/default/lib78f/Arduino-wolfSSL/wolfcrypt/src/md4.c.o
In file included from .pio/libdeps/default/Arduino-wolfSSL/src/wolfssl/wolfcrypt/settings.h:318,
                 from .pio/libdeps/default/Arduino-wolfSSL/src/wolfcrypt/src/integer.c:35:
.pio/libdeps/default/Arduino-wolfSSL/src/user_settings.h:297:13: warning: "NO_WOLFSSL_ESP32_CRYPT_RSA_PRI" redefined
  297 |     #define NO_WOLFSSL_ESP32_CRYPT_RSA_PRI
      |             ^~~~~~~~~~~~~~~~~~~~~~~~~~~~~~
<command-line>: note: this is the location of the previous definition
Compiling .pio/build/default/lib78f/Arduino-wolfSSL/wolfcrypt/src/md5.c.o
In file included from .pio/libdeps/default/Arduino-wolfSSL/src/wolfssl/wolfcrypt/settings.h:318,
                 from .pio/libdeps/default/Arduino-wolfSSL/src/wolfssl/wolfcrypt/wc_port.h:29,
                 from .pio/libdeps/default/Arduino-wolfSSL/src/wolfcrypt/src/kdf.c:27:
.pio/libdeps/default/Arduino-wolfSSL/src/user_settings.h:297:13: warning: "NO_WOLFSSL_ESP32_CRYPT_RSA_PRI" redefined
  297 |     #define NO_WOLFSSL_ESP32_CRYPT_RSA_PRI
      |             ^~~~~~~~~~~~~~~~~~~~~~~~~~~~~~
<command-line>: note: this is the location of the previous definition
Compiling .pio/build/default/lib78f/Arduino-wolfSSL/wolfcrypt/src/memory.c.o
In file included from .pio/libdeps/default/Arduino-wolfSSL/src/wolfssl/wolfcrypt/settings.h:318,
                 from .pio/libdeps/default/Arduino-wolfSSL/src/wolfcrypt/src/logging.c:27:
.pio/libdeps/default/Arduino-wolfSSL/src/user_settings.h:297:13: warning: "NO_WOLFSSL_ESP32_CRYPT_RSA_PRI" redefined
  297 |     #define NO_WOLFSSL_ESP32_CRYPT_RSA_PRI
      |             ^~~~~~~~~~~~~~~~~~~~~~~~~~~~~~
<command-line>: note: this is the location of the previous definition
Compiling .pio/build/default/lib78f/Arduino-wolfSSL/wolfcrypt/src/misc.c.o
In file included from .pio/libdeps/default/Arduino-wolfSSL/src/wolfssl/wolfcrypt/settings.h:318,
                 from .pio/libdeps/default/Arduino-wolfSSL/src/wolfcrypt/src/md2.c:28:
.pio/libdeps/default/Arduino-wolfSSL/src/user_settings.h:297:13: warning: "NO_WOLFSSL_ESP32_CRYPT_RSA_PRI" redefined
  297 |     #define NO_WOLFSSL_ESP32_CRYPT_RSA_PRI
      |             ^~~~~~~~~~~~~~~~~~~~~~~~~~~~~~
<command-line>: note: this is the location of the previous definition
Compiling .pio/build/default/lib78f/Arduino-wolfSSL/wolfcrypt/src/pkcs12.c.o
In file included from .pio/libdeps/default/Arduino-wolfSSL/src/wolfssl/wolfcrypt/settings.h:318,
                 from .pio/libdeps/default/Arduino-wolfSSL/src/wolfcrypt/src/md4.c:27:
.pio/libdeps/default/Arduino-wolfSSL/src/user_settings.h:297:13: warning: "NO_WOLFSSL_ESP32_CRYPT_RSA_PRI" redefined
  297 |     #define NO_WOLFSSL_ESP32_CRYPT_RSA_PRI
      |             ^~~~~~~~~~~~~~~~~~~~~~~~~~~~~~
<command-line>: note: this is the location of the previous definition
Compiling .pio/build/default/lib78f/Arduino-wolfSSL/wolfcrypt/src/pkcs7.c.o
In file included from .pio/libdeps/default/Arduino-wolfSSL/src/wolfssl/wolfcrypt/settings.h:318,
                 from .pio/libdeps/default/Arduino-wolfSSL/src/wolfcrypt/src/md5.c:28:
.pio/libdeps/default/Arduino-wolfSSL/src/user_settings.h:297:13: warning: "NO_WOLFSSL_ESP32_CRYPT_RSA_PRI" redefined
  297 |     #define NO_WOLFSSL_ESP32_CRYPT_RSA_PRI
      |             ^~~~~~~~~~~~~~~~~~~~~~~~~~~~~~
<command-line>: note: this is the location of the previous definition
Compiling .pio/build/default/lib78f/Arduino-wolfSSL/wolfcrypt/src/poly1305.c.o
In file included from .pio/libdeps/default/Arduino-wolfSSL/src/wolfssl/wolfcrypt/settings.h:318,
                 from .pio/libdeps/default/Arduino-wolfSSL/src/wolfssl/wolfcrypt/types.h:34,
                 from .pio/libdeps/default/Arduino-wolfSSL/src/wolfcrypt/src/memory.c:34:
.pio/libdeps/default/Arduino-wolfSSL/src/user_settings.h:297:13: warning: "NO_WOLFSSL_ESP32_CRYPT_RSA_PRI" redefined
  297 |     #define NO_WOLFSSL_ESP32_CRYPT_RSA_PRI
      |             ^~~~~~~~~~~~~~~~~~~~~~~~~~~~~~
<command-line>: note: this is the location of the previous definition
Compiling .pio/build/default/lib78f/Arduino-wolfSSL/wolfcrypt/src/port/Espressif/esp32_aes.c.o
In file included from .pio/libdeps/default/Arduino-wolfSSL/src/wolfssl/wolfcrypt/settings.h:318,
                 from .pio/libdeps/default/Arduino-wolfSSL/src/wolfcrypt/src/misc.c:32:
.pio/libdeps/default/Arduino-wolfSSL/src/user_settings.h:297:13: warning: "NO_WOLFSSL_ESP32_CRYPT_RSA_PRI" redefined
  297 |     #define NO_WOLFSSL_ESP32_CRYPT_RSA_PRI
      |             ^~~~~~~~~~~~~~~~~~~~~~~~~~~~~~
<command-line>: note: this is the location of the previous definition
Compiling .pio/build/default/lib78f/Arduino-wolfSSL/wolfcrypt/src/port/Espressif/esp32_mp.c.o
In file included from .pio/libdeps/default/Arduino-wolfSSL/src/wolfssl/wolfcrypt/settings.h:318,
                 from .pio/libdeps/default/Arduino-wolfSSL/src/wolfcrypt/src/pkcs12.c:28:
.pio/libdeps/default/Arduino-wolfSSL/src/user_settings.h:297:13: warning: "NO_WOLFSSL_ESP32_CRYPT_RSA_PRI" redefined
  297 |     #define NO_WOLFSSL_ESP32_CRYPT_RSA_PRI
      |             ^~~~~~~~~~~~~~~~~~~~~~~~~~~~~~
<command-line>: note: this is the location of the previous definition
Compiling .pio/build/default/lib78f/Arduino-wolfSSL/wolfcrypt/src/port/Espressif/esp32_sha.c.o
In file included from .pio/libdeps/default/Arduino-wolfSSL/src/wolfssl/wolfcrypt/settings.h:318,
                 from .pio/libdeps/default/Arduino-wolfSSL/src/wolfcrypt/src/pkcs7.c:27:
.pio/libdeps/default/Arduino-wolfSSL/src/user_settings.h:297:13: warning: "NO_WOLFSSL_ESP32_CRYPT_RSA_PRI" redefined
  297 |     #define NO_WOLFSSL_ESP32_CRYPT_RSA_PRI
      |             ^~~~~~~~~~~~~~~~~~~~~~~~~~~~~~
<command-line>: note: this is the location of the previous definition
Compiling .pio/build/default/lib78f/Arduino-wolfSSL/wolfcrypt/src/port/Espressif/esp32_util.c.o
In file included from .pio/libdeps/default/Arduino-wolfSSL/src/wolfssl/wolfcrypt/settings.h:318,
                 from .pio/libdeps/default/Arduino-wolfSSL/src/wolfcrypt/src/poly1305.c:36:
.pio/libdeps/default/Arduino-wolfSSL/src/user_settings.h:297:13: warning: "NO_WOLFSSL_ESP32_CRYPT_RSA_PRI" redefined
  297 |     #define NO_WOLFSSL_ESP32_CRYPT_RSA_PRI
      |             ^~~~~~~~~~~~~~~~~~~~~~~~~~~~~~
<command-line>: note: this is the location of the previous definition
Compiling .pio/build/default/lib78f/Arduino-wolfSSL/wolfcrypt/src/port/Espressif/esp_sdk_mem_lib.c.o
In file included from .pio/libdeps/default/Arduino-wolfSSL/src/wolfssl/wolfcrypt/settings.h:318,
                 from .pio/libdeps/default/Arduino-wolfSSL/src/wolfcrypt/src/port/Espressif/esp32_aes.c:33:
.pio/libdeps/default/Arduino-wolfSSL/src/user_settings.h:297:13: warning: "NO_WOLFSSL_ESP32_CRYPT_RSA_PRI" redefined
  297 |     #define NO_WOLFSSL_ESP32_CRYPT_RSA_PRI
      |             ^~~~~~~~~~~~~~~~~~~~~~~~~~~~~~
<command-line>: note: this is the location of the previous definition
Compiling .pio/build/default/lib78f/Arduino-wolfSSL/wolfcrypt/src/port/Espressif/esp_sdk_time_lib.c.o
In file included from .pio/libdeps/default/Arduino-wolfSSL/src/wolfssl/wolfcrypt/settings.h:318,
                 from .pio/libdeps/default/Arduino-wolfSSL/src/wolfcrypt/src/port/Espressif/esp32_mp.c:47:
.pio/libdeps/default/Arduino-wolfSSL/src/user_settings.h:297:13: warning: "NO_WOLFSSL_ESP32_CRYPT_RSA_PRI" redefined
  297 |     #define NO_WOLFSSL_ESP32_CRYPT_RSA_PRI
      |             ^~~~~~~~~~~~~~~~~~~~~~~~~~~~~~
<command-line>: note: this is the location of the previous definition
Compiling .pio/build/default/lib78f/Arduino-wolfSSL/wolfcrypt/src/port/Espressif/esp_sdk_wifi_lib.c.o
In file included from .pio/libdeps/default/Arduino-wolfSSL/src/wolfssl/wolfcrypt/settings.h:318,
                 from .pio/libdeps/default/Arduino-wolfSSL/src/wolfcrypt/src/port/Espressif/esp32_sha.c:33:
.pio/libdeps/default/Arduino-wolfSSL/src/user_settings.h:297:13: warning: "NO_WOLFSSL_ESP32_CRYPT_RSA_PRI" redefined
  297 |     #define NO_WOLFSSL_ESP32_CRYPT_RSA_PRI
      |             ^~~~~~~~~~~~~~~~~~~~~~~~~~~~~~
<command-line>: note: this is the location of the previous definition
Compiling .pio/build/default/lib78f/Arduino-wolfSSL/wolfcrypt/src/port/atmel/atmel.c.o
In file included from .pio/libdeps/default/Arduino-wolfSSL/src/wolfssl/wolfcrypt/settings.h:318,
                 from .pio/libdeps/default/Arduino-wolfSSL/src/wolfcrypt/src/port/Espressif/esp32_util.c:28:
.pio/libdeps/default/Arduino-wolfSSL/src/user_settings.h:297:13: warning: "NO_WOLFSSL_ESP32_CRYPT_RSA_PRI" redefined
  297 |     #define NO_WOLFSSL_ESP32_CRYPT_RSA_PRI
      |             ^~~~~~~~~~~~~~~~~~~~~~~~~~~~~~
<command-line>: note: this is the location of the previous definition
Compiling .pio/build/default/lib78f/Arduino-wolfSSL/wolfcrypt/src/pwdbased.c.o
In file included from .pio/libdeps/default/Arduino-wolfSSL/src/wolfssl/wolfcrypt/settings.h:318,
                 from .pio/libdeps/default/Arduino-wolfSSL/src/wolfcrypt/src/port/Espressif/esp_sdk_mem_lib.c:30:
.pio/libdeps/default/Arduino-wolfSSL/src/user_settings.h:297:13: warning: "NO_WOLFSSL_ESP32_CRYPT_RSA_PRI" redefined
  297 |     #define NO_WOLFSSL_ESP32_CRYPT_RSA_PRI
      |             ^~~~~~~~~~~~~~~~~~~~~~~~~~~~~~
<command-line>: note: this is the location of the previous definition
Compiling .pio/build/default/lib78f/Arduino-wolfSSL/wolfcrypt/src/random.c.o
In file included from .pio/libdeps/default/Arduino-wolfSSL/src/wolfssl/wolfcrypt/settings.h:318,
                 from .pio/libdeps/default/Arduino-wolfSSL/src/wolfcrypt/src/port/Espressif/esp_sdk_time_lib.c:28:
.pio/libdeps/default/Arduino-wolfSSL/src/user_settings.h:297:13: warning: "NO_WOLFSSL_ESP32_CRYPT_RSA_PRI" redefined
  297 |     #define NO_WOLFSSL_ESP32_CRYPT_RSA_PRI
      |             ^~~~~~~~~~~~~~~~~~~~~~~~~~~~~~
<command-line>: note: this is the location of the previous definition
Compiling .pio/build/default/lib78f/Arduino-wolfSSL/wolfcrypt/src/rc2.c.o
In file included from .pio/libdeps/default/Arduino-wolfSSL/src/wolfssl/wolfcrypt/settings.h:318,
                 from .pio/libdeps/default/Arduino-wolfSSL/src/wolfcrypt/src/port/Espressif/esp_sdk_wifi_lib.c:28:
.pio/libdeps/default/Arduino-wolfSSL/src/user_settings.h:297:13: warning: "NO_WOLFSSL_ESP32_CRYPT_RSA_PRI" redefined
  297 |     #define NO_WOLFSSL_ESP32_CRYPT_RSA_PRI
      |             ^~~~~~~~~~~~~~~~~~~~~~~~~~~~~~
<command-line>: note: this is the location of the previous definition
Compiling .pio/build/default/lib78f/Arduino-wolfSSL/wolfcrypt/src/ripemd.c.o
In file included from .pio/libdeps/default/Arduino-wolfSSL/src/wolfssl/wolfcrypt/settings.h:318,
                 from .pio/libdeps/default/Arduino-wolfSSL/src/wolfcrypt/src/port/atmel/atmel.c:26:
.pio/libdeps/default/Arduino-wolfSSL/src/user_settings.h:297:13: warning: "NO_WOLFSSL_ESP32_CRYPT_RSA_PRI" redefined
  297 |     #define NO_WOLFSSL_ESP32_CRYPT_RSA_PRI
      |             ^~~~~~~~~~~~~~~~~~~~~~~~~~~~~~
<command-line>: note: this is the location of the previous definition
Compiling .pio/build/default/lib78f/Arduino-wolfSSL/wolfcrypt/src/rsa.c.o
In file included from .pio/libdeps/default/Arduino-wolfSSL/src/wolfssl/wolfcrypt/settings.h:318,
                 from .pio/libdeps/default/Arduino-wolfSSL/src/wolfcrypt/src/pwdbased.c:27:
.pio/libdeps/default/Arduino-wolfSSL/src/user_settings.h:297:13: warning: "NO_WOLFSSL_ESP32_CRYPT_RSA_PRI" redefined
  297 |     #define NO_WOLFSSL_ESP32_CRYPT_RSA_PRI
      |             ^~~~~~~~~~~~~~~~~~~~~~~~~~~~~~
<command-line>: note: this is the location of the previous definition
Compiling .pio/build/default/lib78f/Arduino-wolfSSL/wolfcrypt/src/sakke.c.o
In file included from .pio/libdeps/default/Arduino-wolfSSL/src/wolfssl/wolfcrypt/settings.h:318,
                 from .pio/libdeps/default/Arduino-wolfSSL/src/wolfcrypt/src/random.c:32:
.pio/libdeps/default/Arduino-wolfSSL/src/user_settings.h:297:13: warning: "NO_WOLFSSL_ESP32_CRYPT_RSA_PRI" redefined
  297 |     #define NO_WOLFSSL_ESP32_CRYPT_RSA_PRI
      |             ^~~~~~~~~~~~~~~~~~~~~~~~~~~~~~
<command-line>: note: this is the location of the previous definition
Compiling .pio/build/default/lib78f/Arduino-wolfSSL/wolfcrypt/src/selftest.c.o
In file included from .pio/libdeps/default/Arduino-wolfSSL/src/wolfssl/wolfcrypt/settings.h:318,
                 from .pio/libdeps/default/Arduino-wolfSSL/src/wolfcrypt/src/rc2.c:32:
.pio/libdeps/default/Arduino-wolfSSL/src/user_settings.h:297:13: warning: "NO_WOLFSSL_ESP32_CRYPT_RSA_PRI" redefined
  297 |     #define NO_WOLFSSL_ESP32_CRYPT_RSA_PRI
      |             ^~~~~~~~~~~~~~~~~~~~~~~~~~~~~~
<command-line>: note: this is the location of the previous definition
Compiling .pio/build/default/lib78f/Arduino-wolfSSL/wolfcrypt/src/sha.c.o
In file included from .pio/libdeps/default/Arduino-wolfSSL/src/wolfssl/wolfcrypt/settings.h:318,
                 from .pio/libdeps/default/Arduino-wolfSSL/src/wolfcrypt/src/ripemd.c:28:
.pio/libdeps/default/Arduino-wolfSSL/src/user_settings.h:297:13: warning: "NO_WOLFSSL_ESP32_CRYPT_RSA_PRI" redefined
  297 |     #define NO_WOLFSSL_ESP32_CRYPT_RSA_PRI
      |             ^~~~~~~~~~~~~~~~~~~~~~~~~~~~~~
<command-line>: note: this is the location of the previous definition
Compiling .pio/build/default/lib78f/Arduino-wolfSSL/wolfcrypt/src/sha256.c.o
In file included from .pio/libdeps/default/Arduino-wolfSSL/src/wolfssl/wolfcrypt/settings.h:318,
                 from .pio/libdeps/default/Arduino-wolfSSL/src/wolfcrypt/src/rsa.c:33:
.pio/libdeps/default/Arduino-wolfSSL/src/user_settings.h:297:13: warning: "NO_WOLFSSL_ESP32_CRYPT_RSA_PRI" redefined
  297 |     #define NO_WOLFSSL_ESP32_CRYPT_RSA_PRI
      |             ^~~~~~~~~~~~~~~~~~~~~~~~~~~~~~
<command-line>: note: this is the location of the previous definition
Compiling .pio/build/default/lib78f/Arduino-wolfSSL/wolfcrypt/src/sha3.c.o
In file included from .pio/libdeps/default/Arduino-wolfSSL/src/wolfssl/wolfcrypt/settings.h:318,
                 from .pio/libdeps/default/Arduino-wolfSSL/src/wolfcrypt/src/sakke.c:28:
.pio/libdeps/default/Arduino-wolfSSL/src/user_settings.h:297:13: warning: "NO_WOLFSSL_ESP32_CRYPT_RSA_PRI" redefined
  297 |     #define NO_WOLFSSL_ESP32_CRYPT_RSA_PRI
      |             ^~~~~~~~~~~~~~~~~~~~~~~~~~~~~~
<command-line>: note: this is the location of the previous definition
Compiling .pio/build/default/lib78f/Arduino-wolfSSL/wolfcrypt/src/sha512.c.o
Compiling .pio/build/default/lib78f/Arduino-wolfSSL/wolfcrypt/src/signature.c.o
In file included from .pio/libdeps/default/Arduino-wolfSSL/src/wolfssl/wolfcrypt/settings.h:318,
                 from .pio/libdeps/default/Arduino-wolfSSL/src/wolfcrypt/src/sha.c:27:
.pio/libdeps/default/Arduino-wolfSSL/src/user_settings.h:297:13: warning: "NO_WOLFSSL_ESP32_CRYPT_RSA_PRI" redefined
  297 |     #define NO_WOLFSSL_ESP32_CRYPT_RSA_PRI
      |             ^~~~~~~~~~~~~~~~~~~~~~~~~~~~~~
<command-line>: note: this is the location of the previous definition
Compiling .pio/build/default/lib78f/Arduino-wolfSSL/wolfcrypt/src/siphash.c.o
In file included from .pio/libdeps/default/Arduino-wolfSSL/src/wolfssl/wolfcrypt/settings.h:318,
                 from .pio/libdeps/default/Arduino-wolfSSL/src/wolfcrypt/src/sha256.c:45:
.pio/libdeps/default/Arduino-wolfSSL/src/user_settings.h:297:13: warning: "NO_WOLFSSL_ESP32_CRYPT_RSA_PRI" redefined
  297 |     #define NO_WOLFSSL_ESP32_CRYPT_RSA_PRI
      |             ^~~~~~~~~~~~~~~~~~~~~~~~~~~~~~
<command-line>: note: this is the location of the previous definition
Compiling .pio/build/default/lib78f/Arduino-wolfSSL/wolfcrypt/src/sm2.c.o
In file included from .pio/libdeps/default/Arduino-wolfSSL/src/wolfssl/wolfcrypt/settings.h:318,
                 from .pio/libdeps/default/Arduino-wolfSSL/src/wolfcrypt/src/sha3.c:27:
.pio/libdeps/default/Arduino-wolfSSL/src/user_settings.h:297:13: warning: "NO_WOLFSSL_ESP32_CRYPT_RSA_PRI" redefined
  297 |     #define NO_WOLFSSL_ESP32_CRYPT_RSA_PRI
      |             ^~~~~~~~~~~~~~~~~~~~~~~~~~~~~~
<command-line>: note: this is the location of the previous definition
Compiling .pio/build/default/lib78f/Arduino-wolfSSL/wolfcrypt/src/sm3.c.o
In file included from .pio/libdeps/default/Arduino-wolfSSL/src/wolfssl/wolfcrypt/settings.h:318,
                 from .pio/libdeps/default/Arduino-wolfSSL/src/wolfcrypt/src/sha512.c:27:
.pio/libdeps/default/Arduino-wolfSSL/src/user_settings.h:297:13: warning: "NO_WOLFSSL_ESP32_CRYPT_RSA_PRI" redefined
  297 |     #define NO_WOLFSSL_ESP32_CRYPT_RSA_PRI
      |             ^~~~~~~~~~~~~~~~~~~~~~~~~~~~~~
<command-line>: note: this is the location of the previous definition
Compiling .pio/build/default/lib78f/Arduino-wolfSSL/wolfcrypt/src/sm4.c.o
In file included from .pio/libdeps/default/Arduino-wolfSSL/src/wolfssl/wolfcrypt/settings.h:318,
                 from .pio/libdeps/default/Arduino-wolfSSL/src/wolfcrypt/src/signature.c:27:
.pio/libdeps/default/Arduino-wolfSSL/src/user_settings.h:297:13: warning: "NO_WOLFSSL_ESP32_CRYPT_RSA_PRI" redefined
  297 |     #define NO_WOLFSSL_ESP32_CRYPT_RSA_PRI
      |             ^~~~~~~~~~~~~~~~~~~~~~~~~~~~~~
<command-line>: note: this is the location of the previous definition
Compiling .pio/build/default/lib78f/Arduino-wolfSSL/wolfcrypt/src/sp_arm32.c.o
In file included from .pio/libdeps/default/Arduino-wolfSSL/src/wolfssl/wolfcrypt/settings.h:318,
                 from .pio/libdeps/default/Arduino-wolfSSL/src/wolfcrypt/src/siphash.c:27:
.pio/libdeps/default/Arduino-wolfSSL/src/user_settings.h:297:13: warning: "NO_WOLFSSL_ESP32_CRYPT_RSA_PRI" redefined
  297 |     #define NO_WOLFSSL_ESP32_CRYPT_RSA_PRI
      |             ^~~~~~~~~~~~~~~~~~~~~~~~~~~~~~
<command-line>: note: this is the location of the previous definition
Compiling .pio/build/default/lib78f/Arduino-wolfSSL/wolfcrypt/src/sp_arm64.c.o
In file included from .pio/libdeps/default/Arduino-wolfSSL/src/wolfssl/wolfcrypt/settings.h:318,
                 from .pio/libdeps/default/Arduino-wolfSSL/src/wolfcrypt/src/sm2.c:26:
.pio/libdeps/default/Arduino-wolfSSL/src/user_settings.h:297:13: warning: "NO_WOLFSSL_ESP32_CRYPT_RSA_PRI" redefined
  297 |     #define NO_WOLFSSL_ESP32_CRYPT_RSA_PRI
      |             ^~~~~~~~~~~~~~~~~~~~~~~~~~~~~~
<command-line>: note: this is the location of the previous definition
Compiling .pio/build/default/lib78f/Arduino-wolfSSL/wolfcrypt/src/sp_armthumb.c.o
In file included from .pio/libdeps/default/Arduino-wolfSSL/src/wolfssl/wolfcrypt/settings.h:318,
                 from .pio/libdeps/default/Arduino-wolfSSL/src/wolfcrypt/src/sm3.c:26:
.pio/libdeps/default/Arduino-wolfSSL/src/user_settings.h:297:13: warning: "NO_WOLFSSL_ESP32_CRYPT_RSA_PRI" redefined
  297 |     #define NO_WOLFSSL_ESP32_CRYPT_RSA_PRI
      |             ^~~~~~~~~~~~~~~~~~~~~~~~~~~~~~
<command-line>: note: this is the location of the previous definition
Compiling .pio/build/default/lib78f/Arduino-wolfSSL/wolfcrypt/src/sp_c32.c.o
In file included from .pio/libdeps/default/Arduino-wolfSSL/src/wolfssl/wolfcrypt/settings.h:318,
                 from .pio/libdeps/default/Arduino-wolfSSL/src/wolfcrypt/src/sm4.c:26:
.pio/libdeps/default/Arduino-wolfSSL/src/user_settings.h:297:13: warning: "NO_WOLFSSL_ESP32_CRYPT_RSA_PRI" redefined
  297 |     #define NO_WOLFSSL_ESP32_CRYPT_RSA_PRI
      |             ^~~~~~~~~~~~~~~~~~~~~~~~~~~~~~
<command-line>: note: this is the location of the previous definition
Compiling .pio/build/default/lib78f/Arduino-wolfSSL/wolfcrypt/src/sp_c64.c.o
In file included from .pio/libdeps/default/Arduino-wolfSSL/src/wolfssl/wolfcrypt/settings.h:318,
                 from .pio/libdeps/default/Arduino-wolfSSL/src/wolfcrypt/src/sp_arm32.c:28:
.pio/libdeps/default/Arduino-wolfSSL/src/user_settings.h:297:13: warning: "NO_WOLFSSL_ESP32_CRYPT_RSA_PRI" redefined
  297 |     #define NO_WOLFSSL_ESP32_CRYPT_RSA_PRI
      |             ^~~~~~~~~~~~~~~~~~~~~~~~~~~~~~
<command-line>: note: this is the location of the previous definition
Compiling .pio/build/default/lib78f/Arduino-wolfSSL/wolfcrypt/src/sp_cortexm.c.o
In file included from .pio/libdeps/default/Arduino-wolfSSL/src/wolfssl/wolfcrypt/settings.h:318,
                 from .pio/libdeps/default/Arduino-wolfSSL/src/wolfcrypt/src/sp_arm64.c:28:
.pio/libdeps/default/Arduino-wolfSSL/src/user_settings.h:297:13: warning: "NO_WOLFSSL_ESP32_CRYPT_RSA_PRI" redefined
  297 |     #define NO_WOLFSSL_ESP32_CRYPT_RSA_PRI
      |             ^~~~~~~~~~~~~~~~~~~~~~~~~~~~~~
<command-line>: note: this is the location of the previous definition
Compiling .pio/build/default/lib78f/Arduino-wolfSSL/wolfcrypt/src/sp_dsp32.c.o
In file included from .pio/libdeps/default/Arduino-wolfSSL/src/wolfssl/wolfcrypt/settings.h:318,
                 from .pio/libdeps/default/Arduino-wolfSSL/src/wolfcrypt/src/sp_armthumb.c:28:
.pio/libdeps/default/Arduino-wolfSSL/src/user_settings.h:297:13: warning: "NO_WOLFSSL_ESP32_CRYPT_RSA_PRI" redefined
  297 |     #define NO_WOLFSSL_ESP32_CRYPT_RSA_PRI
      |             ^~~~~~~~~~~~~~~~~~~~~~~~~~~~~~
<command-line>: note: this is the location of the previous definition
Compiling .pio/build/default/lib78f/Arduino-wolfSSL/wolfcrypt/src/sp_int.c.o
In file included from .pio/libdeps/default/Arduino-wolfSSL/src/wolfssl/wolfcrypt/settings.h:318,
                 from .pio/libdeps/default/Arduino-wolfSSL/src/wolfcrypt/src/sp_c32.c:28:
.pio/libdeps/default/Arduino-wolfSSL/src/user_settings.h:297:13: warning: "NO_WOLFSSL_ESP32_CRYPT_RSA_PRI" redefined
  297 |     #define NO_WOLFSSL_ESP32_CRYPT_RSA_PRI
      |             ^~~~~~~~~~~~~~~~~~~~~~~~~~~~~~
<command-line>: note: this is the location of the previous definition
Compiling .pio/build/default/lib78f/Arduino-wolfSSL/wolfcrypt/src/sp_sm2_arm32.c.o
In file included from .pio/libdeps/default/Arduino-wolfSSL/src/wolfssl/wolfcrypt/settings.h:318,
                 from .pio/libdeps/default/Arduino-wolfSSL/src/wolfcrypt/src/sp_c64.c:28:
.pio/libdeps/default/Arduino-wolfSSL/src/user_settings.h:297:13: warning: "NO_WOLFSSL_ESP32_CRYPT_RSA_PRI" redefined
  297 |     #define NO_WOLFSSL_ESP32_CRYPT_RSA_PRI
      |             ^~~~~~~~~~~~~~~~~~~~~~~~~~~~~~
<command-line>: note: this is the location of the previous definition
Compiling .pio/build/default/lib78f/Arduino-wolfSSL/wolfcrypt/src/sp_sm2_arm64.c.o
In file included from .pio/libdeps/default/Arduino-wolfSSL/src/wolfssl/wolfcrypt/settings.h:318,
                 from .pio/libdeps/default/Arduino-wolfSSL/src/wolfcrypt/src/sp_cortexm.c:28:
.pio/libdeps/default/Arduino-wolfSSL/src/user_settings.h:297:13: warning: "NO_WOLFSSL_ESP32_CRYPT_RSA_PRI" redefined
  297 |     #define NO_WOLFSSL_ESP32_CRYPT_RSA_PRI
      |             ^~~~~~~~~~~~~~~~~~~~~~~~~~~~~~
<command-line>: note: this is the location of the previous definition
Compiling .pio/build/default/lib78f/Arduino-wolfSSL/wolfcrypt/src/sp_sm2_armthumb.c.o
In file included from .pio/libdeps/default/Arduino-wolfSSL/src/wolfssl/wolfcrypt/settings.h:318,
                 from .pio/libdeps/default/Arduino-wolfSSL/src/wolfcrypt/src/sp_dsp32.c:28:
.pio/libdeps/default/Arduino-wolfSSL/src/user_settings.h:297:13: warning: "NO_WOLFSSL_ESP32_CRYPT_RSA_PRI" redefined
  297 |     #define NO_WOLFSSL_ESP32_CRYPT_RSA_PRI
      |             ^~~~~~~~~~~~~~~~~~~~~~~~~~~~~~
<command-line>: note: this is the location of the previous definition
Compiling .pio/build/default/lib78f/Arduino-wolfSSL/wolfcrypt/src/sp_sm2_c32.c.o
In file included from .pio/libdeps/default/Arduino-wolfSSL/src/wolfssl/wolfcrypt/settings.h:318,
                 from .pio/libdeps/default/Arduino-wolfSSL/src/wolfcrypt/src/sp_int.c:33:
.pio/libdeps/default/Arduino-wolfSSL/src/user_settings.h:297:13: warning: "NO_WOLFSSL_ESP32_CRYPT_RSA_PRI" redefined
  297 |     #define NO_WOLFSSL_ESP32_CRYPT_RSA_PRI
      |             ^~~~~~~~~~~~~~~~~~~~~~~~~~~~~~
<command-line>: note: this is the location of the previous definition
Compiling .pio/build/default/lib78f/Arduino-wolfSSL/wolfcrypt/src/sp_sm2_c64.c.o
In file included from .pio/libdeps/default/Arduino-wolfSSL/src/wolfssl/wolfcrypt/settings.h:318,
                 from .pio/libdeps/default/Arduino-wolfSSL/src/wolfcrypt/src/sp_sm2_arm32.c:26:
.pio/libdeps/default/Arduino-wolfSSL/src/user_settings.h:297:13: warning: "NO_WOLFSSL_ESP32_CRYPT_RSA_PRI" redefined
  297 |     #define NO_WOLFSSL_ESP32_CRYPT_RSA_PRI
      |             ^~~~~~~~~~~~~~~~~~~~~~~~~~~~~~
<command-line>: note: this is the location of the previous definition
Compiling .pio/build/default/lib78f/Arduino-wolfSSL/wolfcrypt/src/sp_sm2_cortexm.c.o
In file included from .pio/libdeps/default/Arduino-wolfSSL/src/wolfssl/wolfcrypt/settings.h:318,
                 from .pio/libdeps/default/Arduino-wolfSSL/src/wolfcrypt/src/sp_sm2_arm64.c:26:
.pio/libdeps/default/Arduino-wolfSSL/src/user_settings.h:297:13: warning: "NO_WOLFSSL_ESP32_CRYPT_RSA_PRI" redefined
  297 |     #define NO_WOLFSSL_ESP32_CRYPT_RSA_PRI
      |             ^~~~~~~~~~~~~~~~~~~~~~~~~~~~~~
<command-line>: note: this is the location of the previous definition
Compiling .pio/build/default/lib78f/Arduino-wolfSSL/wolfcrypt/src/sp_sm2_x86_64.c.o
In file included from .pio/libdeps/default/Arduino-wolfSSL/src/wolfssl/wolfcrypt/settings.h:318,
                 from .pio/libdeps/default/Arduino-wolfSSL/src/wolfcrypt/src/sp_sm2_armthumb.c:26:
.pio/libdeps/default/Arduino-wolfSSL/src/user_settings.h:297:13: warning: "NO_WOLFSSL_ESP32_CRYPT_RSA_PRI" redefined
  297 |     #define NO_WOLFSSL_ESP32_CRYPT_RSA_PRI
      |             ^~~~~~~~~~~~~~~~~~~~~~~~~~~~~~
<command-line>: note: this is the location of the previous definition
Compiling .pio/build/default/lib78f/Arduino-wolfSSL/wolfcrypt/src/sp_x86_64.c.o
In file included from .pio/libdeps/default/Arduino-wolfSSL/src/wolfssl/wolfcrypt/settings.h:318,
                 from .pio/libdeps/default/Arduino-wolfSSL/src/wolfcrypt/src/sp_sm2_c32.c:26:
.pio/libdeps/default/Arduino-wolfSSL/src/user_settings.h:297:13: warning: "NO_WOLFSSL_ESP32_CRYPT_RSA_PRI" redefined
  297 |     #define NO_WOLFSSL_ESP32_CRYPT_RSA_PRI
      |             ^~~~~~~~~~~~~~~~~~~~~~~~~~~~~~
<command-line>: note: this is the location of the previous definition
Compiling .pio/build/default/lib78f/Arduino-wolfSSL/wolfcrypt/src/sphincs.c.o
In file included from .pio/libdeps/default/Arduino-wolfSSL/src/wolfssl/wolfcrypt/settings.h:318,
                 from .pio/libdeps/default/Arduino-wolfSSL/src/wolfcrypt/src/sp_sm2_c64.c:26:
.pio/libdeps/default/Arduino-wolfSSL/src/user_settings.h:297:13: warning: "NO_WOLFSSL_ESP32_CRYPT_RSA_PRI" redefined
  297 |     #define NO_WOLFSSL_ESP32_CRYPT_RSA_PRI
      |             ^~~~~~~~~~~~~~~~~~~~~~~~~~~~~~
<command-line>: note: this is the location of the previous definition
Compiling .pio/build/default/lib78f/Arduino-wolfSSL/wolfcrypt/src/srp.c.o
In file included from .pio/libdeps/default/Arduino-wolfSSL/src/wolfssl/wolfcrypt/settings.h:318,
                 from .pio/libdeps/default/Arduino-wolfSSL/src/wolfcrypt/src/sp_sm2_cortexm.c:26:
.pio/libdeps/default/Arduino-wolfSSL/src/user_settings.h:297:13: warning: "NO_WOLFSSL_ESP32_CRYPT_RSA_PRI" redefined
  297 |     #define NO_WOLFSSL_ESP32_CRYPT_RSA_PRI
      |             ^~~~~~~~~~~~~~~~~~~~~~~~~~~~~~
<command-line>: note: this is the location of the previous definition
Compiling .pio/build/default/lib78f/Arduino-wolfSSL/wolfcrypt/src/tfm.c.o
In file included from .pio/libdeps/default/Arduino-wolfSSL/src/wolfssl/wolfcrypt/settings.h:318,
                 from .pio/libdeps/default/Arduino-wolfSSL/src/wolfcrypt/src/sp_sm2_x86_64.c:26:
.pio/libdeps/default/Arduino-wolfSSL/src/user_settings.h:297:13: warning: "NO_WOLFSSL_ESP32_CRYPT_RSA_PRI" redefined
  297 |     #define NO_WOLFSSL_ESP32_CRYPT_RSA_PRI
      |             ^~~~~~~~~~~~~~~~~~~~~~~~~~~~~~
<command-line>: note: this is the location of the previous definition
Compiling .pio/build/default/lib78f/Arduino-wolfSSL/wolfcrypt/src/wc_dsp.c.o
In file included from .pio/libdeps/default/Arduino-wolfSSL/src/wolfssl/wolfcrypt/settings.h:318,
                 from .pio/libdeps/default/Arduino-wolfSSL/src/wolfcrypt/src/sp_x86_64.c:28:
.pio/libdeps/default/Arduino-wolfSSL/src/user_settings.h:297:13: warning: "NO_WOLFSSL_ESP32_CRYPT_RSA_PRI" redefined
  297 |     #define NO_WOLFSSL_ESP32_CRYPT_RSA_PRI
      |             ^~~~~~~~~~~~~~~~~~~~~~~~~~~~~~
<command-line>: note: this is the location of the previous definition
Compiling .pio/build/default/lib78f/Arduino-wolfSSL/wolfcrypt/src/wc_encrypt.c.o
In file included from .pio/libdeps/default/Arduino-wolfSSL/src/wolfssl/wolfcrypt/settings.h:318,
                 from .pio/libdeps/default/Arduino-wolfSSL/src/wolfcrypt/src/sphincs.c:29:
.pio/libdeps/default/Arduino-wolfSSL/src/user_settings.h:297:13: warning: "NO_WOLFSSL_ESP32_CRYPT_RSA_PRI" redefined
  297 |     #define NO_WOLFSSL_ESP32_CRYPT_RSA_PRI
      |             ^~~~~~~~~~~~~~~~~~~~~~~~~~~~~~
<command-line>: note: this is the location of the previous definition
Compiling .pio/build/default/lib78f/Arduino-wolfSSL/wolfcrypt/src/wc_kyber.c.o
In file included from .pio/libdeps/default/Arduino-wolfSSL/src/wolfssl/wolfcrypt/settings.h:318,
                 from .pio/libdeps/default/Arduino-wolfSSL/src/wolfcrypt/src/srp.c:27:
.pio/libdeps/default/Arduino-wolfSSL/src/user_settings.h:297:13: warning: "NO_WOLFSSL_ESP32_CRYPT_RSA_PRI" redefined
  297 |     #define NO_WOLFSSL_ESP32_CRYPT_RSA_PRI
      |             ^~~~~~~~~~~~~~~~~~~~~~~~~~~~~~
<command-line>: note: this is the location of the previous definition
Compiling .pio/build/default/lib78f/Arduino-wolfSSL/wolfcrypt/src/wc_kyber_poly.c.o
In file included from .pio/libdeps/default/Arduino-wolfSSL/src/wolfssl/wolfcrypt/settings.h:318,
                 from .pio/libdeps/default/Arduino-wolfSSL/src/wolfcrypt/src/tfm.c:39:
.pio/libdeps/default/Arduino-wolfSSL/src/user_settings.h:297:13: warning: "NO_WOLFSSL_ESP32_CRYPT_RSA_PRI" redefined
  297 |     #define NO_WOLFSSL_ESP32_CRYPT_RSA_PRI
      |             ^~~~~~~~~~~~~~~~~~~~~~~~~~~~~~
<command-line>: note: this is the location of the previous definition
Compiling .pio/build/default/lib78f/Arduino-wolfSSL/wolfcrypt/src/wc_lms.c.o
In file included from .pio/libdeps/default/Arduino-wolfSSL/src/wolfssl/wolfcrypt/settings.h:318,
                 from .pio/libdeps/default/Arduino-wolfSSL/src/wolfcrypt/src/wc_dsp.c:26:
.pio/libdeps/default/Arduino-wolfSSL/src/user_settings.h:297:13: warning: "NO_WOLFSSL_ESP32_CRYPT_RSA_PRI" redefined
  297 |     #define NO_WOLFSSL_ESP32_CRYPT_RSA_PRI
      |             ^~~~~~~~~~~~~~~~~~~~~~~~~~~~~~
<command-line>: note: this is the location of the previous definition
Compiling .pio/build/default/lib78f/Arduino-wolfSSL/wolfcrypt/src/wc_lms_impl.c.o
In file included from .pio/libdeps/default/Arduino-wolfSSL/src/wolfssl/wolfcrypt/settings.h:318,
                 from .pio/libdeps/default/Arduino-wolfSSL/src/wolfcrypt/src/wc_encrypt.c:27:
.pio/libdeps/default/Arduino-wolfSSL/src/user_settings.h:297:13: warning: "NO_WOLFSSL_ESP32_CRYPT_RSA_PRI" redefined
  297 |     #define NO_WOLFSSL_ESP32_CRYPT_RSA_PRI
      |             ^~~~~~~~~~~~~~~~~~~~~~~~~~~~~~
<command-line>: note: this is the location of the previous definition
Compiling .pio/build/default/lib78f/Arduino-wolfSSL/wolfcrypt/src/wc_pkcs11.c.o
In file included from .pio/libdeps/default/Arduino-wolfSSL/src/wolfssl/wolfcrypt/settings.h:318,
                 from .pio/libdeps/default/Arduino-wolfSSL/src/wolfcrypt/src/wc_kyber.c:31:
.pio/libdeps/default/Arduino-wolfSSL/src/user_settings.h:297:13: warning: "NO_WOLFSSL_ESP32_CRYPT_RSA_PRI" redefined
  297 |     #define NO_WOLFSSL_ESP32_CRYPT_RSA_PRI
      |             ^~~~~~~~~~~~~~~~~~~~~~~~~~~~~~
<command-line>: note: this is the location of the previous definition
Compiling .pio/build/default/lib78f/Arduino-wolfSSL/wolfcrypt/src/wc_port.c.o
In file included from .pio/libdeps/default/Arduino-wolfSSL/src/wolfssl/wolfcrypt/settings.h:318,
                 from .pio/libdeps/default/Arduino-wolfSSL/src/wolfssl/wolfcrypt/types.h:34,
                 from .pio/libdeps/default/Arduino-wolfSSL/src/wolfssl/wolfcrypt/wc_kyber.h:30,
                 from .pio/libdeps/default/Arduino-wolfSSL/src/wolfcrypt/src/wc_kyber_poly.c:60:
.pio/libdeps/default/Arduino-wolfSSL/src/user_settings.h:297:13: warning: "NO_WOLFSSL_ESP32_CRYPT_RSA_PRI" redefined
  297 |     #define NO_WOLFSSL_ESP32_CRYPT_RSA_PRI
      |             ^~~~~~~~~~~~~~~~~~~~~~~~~~~~~~
<command-line>: note: this is the location of the previous definition
Compiling .pio/build/default/lib78f/Arduino-wolfSSL/wolfcrypt/src/wc_xmss.c.o
In file included from .pio/libdeps/default/Arduino-wolfSSL/src/wolfssl/wolfcrypt/settings.h:318,
                 from .pio/libdeps/default/Arduino-wolfSSL/src/wolfcrypt/src/wc_lms.c:26:
.pio/libdeps/default/Arduino-wolfSSL/src/user_settings.h:297:13: warning: "NO_WOLFSSL_ESP32_CRYPT_RSA_PRI" redefined
  297 |     #define NO_WOLFSSL_ESP32_CRYPT_RSA_PRI
      |             ^~~~~~~~~~~~~~~~~~~~~~~~~~~~~~
<command-line>: note: this is the location of the previous definition
Compiling .pio/build/default/lib78f/Arduino-wolfSSL/wolfcrypt/src/wc_xmss_impl.c.o
In file included from .pio/libdeps/default/Arduino-wolfSSL/src/wolfssl/wolfcrypt/settings.h:318,
                 from .pio/libdeps/default/Arduino-wolfSSL/src/wolfssl/wolfcrypt/types.h:34,
                 from .pio/libdeps/default/Arduino-wolfSSL/src/wolfssl/wolfcrypt/error-crypt.h:34,
                 from .pio/libdeps/default/Arduino-wolfSSL/src/wolfcrypt/src/wc_lms_impl.c:41:
.pio/libdeps/default/Arduino-wolfSSL/src/user_settings.h:297:13: warning: "NO_WOLFSSL_ESP32_CRYPT_RSA_PRI" redefined
  297 |     #define NO_WOLFSSL_ESP32_CRYPT_RSA_PRI
      |             ^~~~~~~~~~~~~~~~~~~~~~~~~~~~~~
<command-line>: note: this is the location of the previous definition
Compiling .pio/build/default/lib78f/Arduino-wolfSSL/wolfcrypt/src/wolfcrypt_first.c.o
In file included from .pio/libdeps/default/Arduino-wolfSSL/src/wolfssl/wolfcrypt/settings.h:318,
                 from .pio/libdeps/default/Arduino-wolfSSL/src/wolfcrypt/src/wc_pkcs11.c:26:
.pio/libdeps/default/Arduino-wolfSSL/src/user_settings.h:297:13: warning: "NO_WOLFSSL_ESP32_CRYPT_RSA_PRI" redefined
  297 |     #define NO_WOLFSSL_ESP32_CRYPT_RSA_PRI
      |             ^~~~~~~~~~~~~~~~~~~~~~~~~~~~~~
<command-line>: note: this is the location of the previous definition
Compiling .pio/build/default/lib78f/Arduino-wolfSSL/wolfcrypt/src/wolfcrypt_last.c.o
In file included from .pio/libdeps/default/Arduino-wolfSSL/src/wolfssl/wolfcrypt/settings.h:318,
                 from .pio/libdeps/default/Arduino-wolfSSL/src/wolfcrypt/src/wc_port.c:27:
.pio/libdeps/default/Arduino-wolfSSL/src/user_settings.h:297:13: warning: "NO_WOLFSSL_ESP32_CRYPT_RSA_PRI" redefined
  297 |     #define NO_WOLFSSL_ESP32_CRYPT_RSA_PRI
      |             ^~~~~~~~~~~~~~~~~~~~~~~~~~~~~~
<command-line>: note: this is the location of the previous definition
Compiling .pio/build/default/lib78f/Arduino-wolfSSL/wolfcrypt/src/wolfevent.c.o
In file included from .pio/libdeps/default/Arduino-wolfSSL/src/wolfssl/wolfcrypt/settings.h:318,
                 from .pio/libdeps/default/Arduino-wolfSSL/src/wolfcrypt/src/wc_xmss.c:26:
.pio/libdeps/default/Arduino-wolfSSL/src/user_settings.h:297:13: warning: "NO_WOLFSSL_ESP32_CRYPT_RSA_PRI" redefined
  297 |     #define NO_WOLFSSL_ESP32_CRYPT_RSA_PRI
      |             ^~~~~~~~~~~~~~~~~~~~~~~~~~~~~~
<command-line>: note: this is the location of the previous definition
Compiling .pio/build/default/lib78f/Arduino-wolfSSL/wolfcrypt/src/wolfmath.c.o
In file included from .pio/libdeps/default/Arduino-wolfSSL/src/wolfssl/wolfcrypt/settings.h:318,
                 from .pio/libdeps/default/Arduino-wolfSSL/src/wolfcrypt/src/wc_xmss_impl.c:36:
.pio/libdeps/default/Arduino-wolfSSL/src/user_settings.h:297:13: warning: "NO_WOLFSSL_ESP32_CRYPT_RSA_PRI" redefined
  297 |     #define NO_WOLFSSL_ESP32_CRYPT_RSA_PRI
      |             ^~~~~~~~~~~~~~~~~~~~~~~~~~~~~~
<command-line>: note: this is the location of the previous definition
Compiling .pio/build/default/lib78f/Arduino-wolfSSL/wolfssl/bio.c.o
Compiling .pio/build/default/lib78f/Arduino-wolfSSL/wolfssl/evp.c.o
In file included from .pio/libdeps/default/Arduino-wolfSSL/src/wolfssl/wolfcrypt/settings.h:318,
                 from .pio/libdeps/default/Arduino-wolfSSL/src/wolfcrypt/src/wolfevent.c:26:
.pio/libdeps/default/Arduino-wolfSSL/src/user_settings.h:297:13: warning: "NO_WOLFSSL_ESP32_CRYPT_RSA_PRI" redefined
  297 |     #define NO_WOLFSSL_ESP32_CRYPT_RSA_PRI
      |             ^~~~~~~~~~~~~~~~~~~~~~~~~~~~~~
<command-line>: note: this is the location of the previous definition
Compiling .pio/build/default/lib73f/SecureNet/SecureClient.cpp.o
Compiling .pio/build/default/libf16/JsonSax/StreamingJsonParser.cpp.o
In file included from .pio/libdeps/default/Arduino-wolfSSL/src/wolfssl/wolfcrypt/settings.h:318,
                 from .pio/libdeps/default/Arduino-wolfSSL/src/wolfcrypt/src/wolfmath.c:34:
.pio/libdeps/default/Arduino-wolfSSL/src/user_settings.h:297:13: warning: "NO_WOLFSSL_ESP32_CRYPT_RSA_PRI" redefined
  297 |     #define NO_WOLFSSL_ESP32_CRYPT_RSA_PRI
      |             ^~~~~~~~~~~~~~~~~~~~~~~~~~~~~~
<command-line>: note: this is the location of the previous definition
Compiling .pio/build/default/libf59/expat/xmlparse.c.o
In file included from .pio/libdeps/default/Arduino-wolfSSL/src/wolfssl/wolfcrypt/settings.h:318,
                 from .pio/libdeps/default/Arduino-wolfSSL/src/wolfssl/bio.c:26:
.pio/libdeps/default/Arduino-wolfSSL/src/user_settings.h:297:13: warning: "NO_WOLFSSL_ESP32_CRYPT_RSA_PRI" redefined
  297 |     #define NO_WOLFSSL_ESP32_CRYPT_RSA_PRI
      |             ^~~~~~~~~~~~~~~~~~~~~~~~~~~~~~
<command-line>: note: this is the location of the previous definition
Compiling .pio/build/default/libf59/expat/xmlrole.c.o
In file included from .pio/libdeps/default/Arduino-wolfSSL/src/wolfssl/wolfcrypt/settings.h:318,
                 from .pio/libdeps/default/Arduino-wolfSSL/src/wolfssl/evp.c:27:
.pio/libdeps/default/Arduino-wolfSSL/src/user_settings.h:297:13: warning: "NO_WOLFSSL_ESP32_CRYPT_RSA_PRI" redefined
  297 |     #define NO_WOLFSSL_ESP32_CRYPT_RSA_PRI
      |             ^~~~~~~~~~~~~~~~~~~~~~~~~~~~~~
<command-line>: note: this is the location of the previous definition
Compiling .pio/build/default/libf59/expat/xmltok.c.o
Compiling .pio/build/default/libed7/CatalogList/JsonListParser.cpp.o
Compiling .pio/build/default/libed7/CatalogList/XmlListParser.cpp.o
Compiling .pio/build/default/liba23/ContentProtection/ProtectedBook.cpp.o
Compiling .pio/build/default/liba23/ContentProtection/WolfsslCrypto.cpp.o
Compiling .pio/build/default/liba23/ContentProtection/Zip.cpp.o
Compiling .pio/build/default/liba23/ContentProtection/vendor/miniz_impl.c.o
Compiling .pio/build/default/libdd6/Utf8/Utf8.cpp.o
Compiling .pio/build/default/libc68/uzlib/tinflate.c.o
Compiling .pio/build/default/lib3fa/InflateReader/InflateReader.cpp.o
Compiling .pio/build/default/lib9c3/FreeInkFont/FontAlloc.c.o
Compiling .pio/build/default/lib9c3/FreeInkFont/FtFont.cpp.o
Compiling .pio/build/default/lib9c3/FreeInkFont/Gpos.cpp.o
Compiling .pio/build/default/lib9c3/FreeInkFont/Gsub.cpp.o
Compiling .pio/build/default/lib9c3/FreeInkFont/TtfFont.cpp.o
Compiling .pio/build/default/lib9c3/FreeInkFont/freetype/ft_autofit.c.o
Compiling .pio/build/default/lib9c3/FreeInkFont/freetype/ft_ftbase.c.o
Compiling .pio/build/default/lib9c3/FreeInkFont/freetype/ft_ftbitmap.c.o
Compiling .pio/build/default/lib9c3/FreeInkFont/freetype/ft_ftdebug.c.o
Compiling .pio/build/default/lib9c3/FreeInkFont/freetype/ft_ftglyph.c.o
Compiling .pio/build/default/lib9c3/FreeInkFont/freetype/ft_ftgzip.c.o
Compiling .pio/build/default/lib9c3/FreeInkFont/freetype/ft_ftinit.c.o
Compiling .pio/build/default/lib9c3/FreeInkFont/freetype/ft_ftmm.c.o
Compiling .pio/build/default/lib9c3/FreeInkFont/freetype/ft_ftsystem.c.o
Compiling .pio/build/default/lib9c3/FreeInkFont/freetype/ft_psnames.c.o
Compiling .pio/build/default/lib9c3/FreeInkFont/freetype/ft_raster.c.o
Compiling .pio/build/default/lib9c3/FreeInkFont/freetype/ft_sfnt.c.o
Compiling .pio/build/default/lib9c3/FreeInkFont/freetype/ft_smooth.c.o
Compiling .pio/build/default/lib9c3/FreeInkFont/freetype/ft_truetype.c.o
Compiling .pio/build/default/lib310/FS/FS.cpp.o
Compiling .pio/build/default/lib310/FS/vfs_api.cpp.o
Compiling .pio/build/default/libad1/Preferences/Preferences.cpp.o
Compiling .pio/build/default/liba75/hal/HalClock.cpp.o
Compiling .pio/build/default/liba75/hal/HalDisplay.cpp.o
Compiling .pio/build/default/liba75/hal/HalFrontlight.cpp.o
Compiling .pio/build/default/liba75/hal/HalGPIO.cpp.o
Compiling .pio/build/default/liba75/hal/HalMemory.cpp.o
Compiling .pio/build/default/liba75/hal/HalPowerManager.cpp.o
Compiling .pio/build/default/liba75/hal/HalStorage.cpp.o
Compiling .pio/build/default/liba75/hal/HalSystem.cpp.o
Compiling .pio/build/default/liba75/hal/HalTiltSensor.cpp.o
Compiling .pio/build/default/libb08/Memory/BuildScratch.cpp.o
Compiling .pio/build/default/libac7/EpdFont/EpdFont.cpp.o
Compiling .pio/build/default/libac7/EpdFont/EpdFontFamily.cpp.o
Compiling .pio/build/default/libac7/EpdFont/FontDecompressor.cpp.o
Compiling .pio/build/default/libac7/EpdFont/SdCardFont.cpp.o
Compiling .pio/build/default/libac7/EpdFont/SdCardFontManager.cpp.o
Compiling .pio/build/default/libac7/EpdFont/SdCardFontRegistry.cpp.o
Compiling .pio/build/default/libac7/EpdFont/TtfEpdFont.cpp.o
Compiling .pio/build/default/lib0af/MiniBidi/BidiUtils.cpp.o
Compiling .pio/build/default/lib0af/MiniBidi/minibidi.c.o
Compiling .pio/build/default/lib3a6/GfxRenderer/Bitmap.cpp.o
Compiling .pio/build/default/lib3a6/GfxRenderer/BitmapHelpers.cpp.o
Compiling .pio/build/default/lib3a6/GfxRenderer/FontCacheManager.cpp.o
Compiling .pio/build/default/lib3a6/GfxRenderer/GfxRenderer.cpp.o
Compiling .pio/build/default/libef6/FreeInkUI/FreeInkUI.cpp.o
Compiling .pio/build/default/libc58/QRCode/qrcode.c.o
Compiling .pio/build/default/lib07d/JPEGDEC/JPEGDEC.cpp.o
Compiling .pio/build/default/lib07d/JPEGDEC/s3_simd_420.S.o
Compiling .pio/build/default/lib07d/JPEGDEC/s3_simd_444.S.o
Compiling .pio/build/default/lib07d/JPEGDEC/s3_simd_dequant.S.o
Compiling .pio/build/default/libb22/AnimatedGIF/AnimatedGIF.cpp.o
Compiling .pio/build/default/libed4/Ethernet/ETH.cpp.o
Compiling .pio/build/default/lib775/NetworkClientSecure/NetworkClientSecure.cpp.o
Compiling .pio/build/default/lib775/NetworkClientSecure/ssl_client.cpp.o
Compiling .pio/build/default/lib817/WebSockets/SocketIOclient.cpp.o
Compiling .pio/build/default/lib817/WebSockets/WebSockets.cpp.o
Compiling .pio/build/default/lib817/WebSockets/WebSocketsClient.cpp.o
Compiling .pio/build/default/lib817/WebSockets/WebSocketsServer.cpp.o
Compiling .pio/build/default/lib817/WebSockets/libb64/cdecode.c.o
Compiling .pio/build/default/lib817/WebSockets/libb64/cencode.c.o
Compiling .pio/build/default/lib817/WebSockets/libsha1/libsha1.c.o
Compiling .pio/build/default/lib7b8/I18n/I18n.cpp.o
Compiling .pio/build/default/lib7b8/I18n/I18nStrings.cpp.o
Compiling .pio/build/default/lib37d/Serialization/ObfuscationUtils.cpp.o
Compiling .pio/build/default/lib37d/Serialization/PersistableStore.cpp.o
Compiling .pio/build/default/lib657/FsHelpers/FsHelpers.cpp.o
Compiling .pio/build/default/lib768/miniz/InflateStream.cpp.o
Compiling .pio/build/default/lib768/miniz/miniz_impl.c.o
Compiling .pio/build/default/libe23/ZipFile/ZipFile.cpp.o
Compiling .pio/build/default/lib9ba/GifToBmpConverter/GifToBmpConverter.cpp.o
Compiling .pio/build/default/libb46/JpegToBmpConverter/JpegToBmpConverter.cpp.o
Compiling .pio/build/default/lib885/PngToBmpConverter/PngToBmpConverter.cpp.o
Compiling .pio/build/default/libede/Txt/Txt.cpp.o
Compiling .pio/build/default/libede/Txt/TxtToHtml.cpp.o
Compiling .pio/build/default/lib402/DeviceSecret/DeviceSecret.cpp.o
Compiling .pio/build/default/libccd/TrustedTime/TrustedTime.cpp.o
Compiling .pio/build/default/lib746/Epub/BookKey.cpp.o
Compiling .pio/build/default/lib746/Epub/ContentProtection.cpp.o
Compiling .pio/build/default/lib746/Epub/Epub.cpp.o
Compiling .pio/build/default/lib746/Epub/Epub/BookMetadataCache.cpp.o
Compiling .pio/build/default/lib746/Epub/Epub/Page.cpp.o
Compiling .pio/build/default/lib746/Epub/Epub/ParsedText.cpp.o
Compiling .pio/build/default/lib746/Epub/Epub/Section.cpp.o
Compiling .pio/build/default/lib746/Epub/Epub/WordStore.cpp.o
Compiling .pio/build/default/lib746/Epub/Epub/blocks/ImageBlock.cpp.o
Compiling .pio/build/default/lib746/Epub/Epub/blocks/TextBlock.cpp.o
Compiling .pio/build/default/lib746/Epub/Epub/converters/GifToFramebufferConverter.cpp.o
Compiling .pio/build/default/lib746/Epub/Epub/converters/ImageDecoderFactory.cpp.o
Compiling .pio/build/default/lib746/Epub/Epub/converters/ImageDimsProbe.cpp.o
Compiling .pio/build/default/lib746/Epub/Epub/converters/ImageToFramebufferDecoder.cpp.o
Compiling .pio/build/default/lib746/Epub/Epub/converters/JpegToFramebufferConverter.cpp.o
Compiling .pio/build/default/lib746/Epub/Epub/converters/PngToFramebufferConverter.cpp.o
Compiling .pio/build/default/lib746/Epub/Epub/css/CssParser.cpp.o
Compiling .pio/build/default/lib746/Epub/Epub/htmlEntities.cpp.o
Compiling .pio/build/default/lib746/Epub/Epub/hyphenation/HyphenationCommon.cpp.o
Compiling .pio/build/default/lib746/Epub/Epub/hyphenation/Hyphenator.cpp.o
Compiling .pio/build/default/lib746/Epub/Epub/hyphenation/LanguageRegistry.cpp.o
Compiling .pio/build/default/lib746/Epub/Epub/hyphenation/LiangHyphenation.cpp.o
Compiling .pio/build/default/lib746/Epub/Epub/parsers/ChapterHtmlSlimParser.cpp.o
Compiling .pio/build/default/lib746/Epub/Epub/parsers/ContainerParser.cpp.o
Compiling .pio/build/default/lib746/Epub/Epub/parsers/ContentOpfParser.cpp.o
Compiling .pio/build/default/lib746/Epub/Epub/parsers/TocNavParser.cpp.o
Compiling .pio/build/default/lib746/Epub/Epub/parsers/TocNcxParser.cpp.o
Compiling .pio/build/default/lib2f9/Xtc/Xtc.cpp.o
Compiling .pio/build/default/lib2f9/Xtc/Xtc/XtcParser.cpp.o
Compiling .pio/build/default/lib6df/LibraryIndex/LibraryBuilder.cpp.o
Compiling .pio/build/default/lib6df/LibraryIndex/LibraryFormat.cpp.o
Compiling .pio/build/default/lib6df/LibraryIndex/LibraryIndexFile.cpp.o
Compiling .pio/build/default/lib6df/LibraryIndex/LibraryText.cpp.o
Compiling .pio/build/default/libc7b/OpdsParser/OpdsParser.cpp.o
Compiling .pio/build/default/libc7b/OpdsParser/OpdsStream.cpp.o
Compiling .pio/build/default/lib898/ESPmDNS/ESPmDNS.cpp.o
Compiling .pio/build/default/libe13/AsyncUDP/AsyncUDP.cpp.o
Compiling .pio/build/default/lib991/DNSServer/DNSServer.cpp.o
Compiling .pio/build/default/lib021/KOReaderSync/ChapterXPathResolver.cpp.o
Compiling .pio/build/default/lib021/KOReaderSync/KOReaderCredentialStore.cpp.o
Compiling .pio/build/default/lib021/KOReaderSync/KOReaderDocumentId.cpp.o
Compiling .pio/build/default/lib021/KOReaderSync/KOReaderSyncClient.cpp.o
Compiling .pio/build/default/lib021/KOReaderSync/ProgressComparison.cpp.o
Compiling .pio/build/default/lib021/KOReaderSync/ProgressMapper.cpp.o
Compiling .pio/build/default/lib849/JsonParser/ReleaseJsonParser.cpp.o
Compiling .pio/build/default/lib28e/Hash/PBKDF2_HMACBuilder.cpp.o
Compiling .pio/build/default/lib28e/Hash/SHA1Builder.cpp.o
Compiling .pio/build/default/lib28e/Hash/SHA2Builder.cpp.o
Compiling .pio/build/default/lib28e/Hash/SHA3Builder.cpp.o
Compiling .pio/build/default/libdab/WebServer/Parsing.cpp.o
Compiling .pio/build/default/libdab/WebServer/WebServer.cpp.o
Compiling .pio/build/default/libdab/WebServer/detail/mimetable.cpp.o
Compiling .pio/build/default/libdab/WebServer/middleware/AuthenticationMiddleware.cpp.o
Compiling .pio/build/default/libdab/WebServer/middleware/CorsMiddleware.cpp.o
Compiling .pio/build/default/libdab/WebServer/middleware/LoggingMiddleware.cpp.o
Compiling .pio/build/default/libdab/WebServer/middleware/MiddlewareChain.cpp.o
Compiling .pio/build/default/src/CrossPointSettings.cpp.o
Compiling .pio/build/default/src/CrossPointState.cpp.o
Compiling .pio/build/default/src/FontInstaller.cpp.o
Compiling .pio/build/default/src/MappedInputManager.cpp.o
Compiling .pio/build/default/src/OpdsServerStore.cpp.o
Compiling .pio/build/default/src/ReaderFontSizes.cpp.o
Compiling .pio/build/default/src/RecentBooksStore.cpp.o
Compiling .pio/build/default/src/SdCardFontSystem.cpp.o
Compiling .pio/build/default/src/WifiCredentialStore.cpp.o
Compiling .pio/build/default/src/activities/Activity.cpp.o
Compiling .pio/build/default/src/activities/ActivityManager.cpp.o
Compiling .pio/build/default/src/activities/CatalogActivity.cpp.o
Compiling .pio/build/default/src/activities/UiListActivity.cpp.o
Compiling .pio/build/default/src/activities/UiTabListActivity.cpp.o
Compiling .pio/build/default/src/activities/boot_sleep/BootActivity.cpp.o
Compiling .pio/build/default/src/activities/boot_sleep/SleepActivity.cpp.o
Compiling .pio/build/default/src/activities/browser/OpdsBookBrowserActivity.cpp.o
Compiling .pio/build/default/src/activities/home/CrashActivity.cpp.o
Compiling .pio/build/default/src/activities/home/FileBrowserActivity.cpp.o
Compiling .pio/build/default/src/activities/home/HomeActivity.cpp.o
Compiling .pio/build/default/src/activities/library/LibraryListActivity.cpp.o
Compiling .pio/build/default/src/activities/network/CalibreConnectActivity.cpp.o
Compiling .pio/build/default/src/activities/network/CrossPointWebServerActivity.cpp.o
Compiling .pio/build/default/src/activities/network/NetworkModeSelectionActivity.cpp.o
Compiling .pio/build/default/src/activities/network/UsbDriveActivity.cpp.o
Compiling .pio/build/default/src/activities/network/WifiSelectionActivity.cpp.o
Compiling .pio/build/default/src/activities/plugins/PluginCatalogActivity.cpp.o
Compiling .pio/build/default/src/activities/reader/DictionaryDefinitionActivity.cpp.o
Compiling .pio/build/default/src/activities/reader/DictionaryWordSelectActivity.cpp.o
Compiling .pio/build/default/src/activities/reader/EndOfBookOptions.cpp.o
Compiling .pio/build/default/src/activities/reader/EpubReaderActivity.cpp.o
Compiling .pio/build/default/src/activities/reader/EpubReaderBookmarksActivity.cpp.o
Compiling .pio/build/default/src/activities/reader/EpubReaderChapterSelectionActivity.cpp.o
Compiling .pio/build/default/src/activities/reader/EpubReaderFootnoteSelectActivity.cpp.o
Compiling .pio/build/default/src/activities/reader/EpubReaderMenuActivity.cpp.o
Compiling .pio/build/default/src/activities/reader/EpubReaderPercentSelectionActivity.cpp.o
Compiling .pio/build/default/src/activities/reader/KOReaderSyncActivity.cpp.o
Compiling .pio/build/default/src/activities/reader/QrDisplayActivity.cpp.o
Compiling .pio/build/default/src/activities/reader/ReaderActivity.cpp.o
Compiling .pio/build/default/src/activities/reader/ReaderSession.cpp.o
Compiling .pio/build/default/src/activities/reader/ReaderToolbarUi.cpp.o
Compiling .pio/build/default/src/activities/reader/XtcReaderActivity.cpp.o
Compiling .pio/build/default/src/activities/reader/XtcReaderChapterSelectionActivity.cpp.o
Compiling .pio/build/default/src/activities/settings/AboutActivity.cpp.o
Compiling .pio/build/default/src/activities/settings/ButtonRemapActivity.cpp.o
Compiling .pio/build/default/src/activities/settings/ClearCacheActivity.cpp.o
Compiling .pio/build/default/src/activities/settings/ClockSettingsActivity.cpp.o
Compiling .pio/build/default/src/activities/settings/ClockSyncActivity.cpp.o
Compiling .pio/build/default/src/activities/settings/FontDownloadActivity.cpp.o
Compiling .pio/build/default/src/activities/settings/HomeButtonSettingsActivity.cpp.o
Compiling .pio/build/default/src/activities/settings/KOReaderAuthActivity.cpp.o
Compiling .pio/build/default/src/activities/settings/KOReaderSettingsActivity.cpp.o
Compiling .pio/build/default/src/activities/settings/KeyboardLayoutsActivity.cpp.o
Compiling .pio/build/default/src/activities/settings/LanguageSelectActivity.cpp.o
Compiling .pio/build/default/src/activities/settings/OpdsServerListActivity.cpp.o
Compiling .pio/build/default/src/activities/settings/OpdsSettingsActivity.cpp.o
Compiling .pio/build/default/src/activities/settings/OtaUpdateActivity.cpp.o
Compiling .pio/build/default/src/activities/settings/SdFirmwareUpdateActivity.cpp.o
Compiling .pio/build/default/src/activities/settings/SettingsActivity.cpp.o
Compiling .pio/build/default/src/activities/settings/StatusBarSettingsActivity.cpp.o
Compiling .pio/build/default/src/activities/settings/TextSettingsActivity.cpp.o
Compiling .pio/build/default/src/activities/settings/TextSettingsPreview.cpp.o
Compiling .pio/build/default/src/activities/settings/TimezonePickerActivity.cpp.o
Compiling .pio/build/default/src/activities/util/BmpViewerActivity.cpp.o
Compiling .pio/build/default/src/activities/util/ConfirmationActivity.cpp.o
Compiling .pio/build/default/src/activities/util/FrontlightPanelActivity.cpp.o
Compiling .pio/build/default/src/activities/util/FullScreenMessageActivity.cpp.o
Compiling .pio/build/default/src/activities/util/IntervalSelectionActivity.cpp.o
Compiling .pio/build/default/src/activities/util/KeyboardEntryActivity.cpp.o
Compiling .pio/build/default/src/activities/util/KeyboardLayoutSet.cpp.o
Compiling .pio/build/default/src/components/CatalogScreens.cpp.o
Compiling .pio/build/default/src/components/CoverGridHomeUi.cpp.o
Compiling .pio/build/default/src/components/HomeCoverCache.cpp.o
Compiling .pio/build/default/src/components/UITheme.cpp.o
Compiling .pio/build/default/src/components/UiAppHost.cpp.o
Compiling .pio/build/default/src/components/themes/BaseTheme.cpp.o
Compiling .pio/build/default/src/components/themes/lyra/Lyra3CoversTheme.cpp.o
Compiling .pio/build/default/src/components/themes/lyra/LyraTheme.cpp.o
Compiling .pio/build/default/src/components/themes/roundedraff/RoundedRaffTheme.cpp.o
Compiling .pio/build/default/src/main.cpp.o
Compiling .pio/build/default/src/network/CrossPointWebServer.cpp.o
Compiling .pio/build/default/src/network/FirmwareBoardTag.cpp.o
Compiling .pio/build/default/src/network/FirmwareFlasher.cpp.o
Compiling .pio/build/default/src/network/HttpDownloader.cpp.o
Compiling .pio/build/default/src/network/OtaBootSwitch.cpp.o
Compiling .pio/build/default/src/network/OtaUpdater.cpp.o
Compiling .pio/build/default/src/network/WebDAVHandler.cpp.o
Compiling .pio/build/default/src/platform/UsbSerialJtagHandoff.cpp.o
Compiling .pio/build/default/src/platform/skip_efuse_blk_check.c.o
Compiling .pio/build/default/src/util/BookCacheUtils.cpp.o
Compiling .pio/build/default/src/util/BookProgress.cpp.o
Compiling .pio/build/default/src/util/BookmarkFile.cpp.o
Compiling .pio/build/default/src/util/BookmarkUtil.cpp.o
Compiling .pio/build/default/src/util/ButtonNavigator.cpp.o
Compiling .pio/build/default/src/util/DictHtmlPages.cpp.o
Compiling .pio/build/default/src/util/DictZip.cpp.o
Compiling .pio/build/default/src/util/Dictionary.cpp.o
Compiling .pio/build/default/src/util/DictionaryRegistry.cpp.o
Compiling .pio/build/default/src/util/HtmlToPlainText.cpp.o
Compiling .pio/build/default/src/util/NextBookFinder.cpp.o
Compiling .pio/build/default/src/util/OpdsFilename.cpp.o
Compiling .pio/build/default/src/util/PluginEvents.cpp.o
Compiling .pio/build/default/src/util/PluginHttp.cpp.o
Compiling .pio/build/default/src/util/PluginLocations.cpp.o
Compiling .pio/build/default/src/util/QrUtils.cpp.o
Compiling .pio/build/default/src/util/ScreenshotUtil.cpp.o
Compiling .pio/build/default/src/util/StringUtils.cpp.o
Compiling .pio/build/default/src/util/Timezones.cpp.o
Compiling .pio/build/default/src/util/UrlUtils.cpp.o
Building .pio/build/default/bootloader.bin
esptool v5.3.0
Creating ESP32-C3 image...
Merged 2 ELF sections.
Successfully created ESP32-C3 image.
Generating partitions .pio/build/default/partitions.bin
Compiling .pio/build/default/FrameworkArduino/ColorFormat.c.o
Compiling .pio/build/default/FrameworkArduino/Esp.cpp.o
Compiling .pio/build/default/FrameworkArduino/FirmwareMSC.cpp.o
Compiling .pio/build/default/FrameworkArduino/FunctionalInterrupt.cpp.o
Compiling .pio/build/default/FrameworkArduino/HEXBuilder.cpp.o
Compiling .pio/build/default/FrameworkArduino/HWCDC.cpp.o
Compiling .pio/build/default/FrameworkArduino/HardwareSerial.cpp.o
Compiling .pio/build/default/FrameworkArduino/HashBuilder.cpp.o
Compiling .pio/build/default/FrameworkArduino/IPAddress.cpp.o
Compiling .pio/build/default/FrameworkArduino/MD5Builder.cpp.o
Compiling .pio/build/default/FrameworkArduino/MacAddress.cpp.o
Compiling .pio/build/default/FrameworkArduino/Print.cpp.o
Compiling .pio/build/default/FrameworkArduino/Stream.cpp.o
Compiling .pio/build/default/FrameworkArduino/StreamString.cpp.o
Compiling .pio/build/default/FrameworkArduino/StringUtils.cpp.o
Compiling .pio/build/default/FrameworkArduino/Tone.cpp.o
Compiling .pio/build/default/FrameworkArduino/USB.cpp.o
Compiling .pio/build/default/FrameworkArduino/USBCDC.cpp.o
Compiling .pio/build/default/FrameworkArduino/USBMSC.cpp.o
Compiling .pio/build/default/FrameworkArduino/WMath.cpp.o
Compiling .pio/build/default/FrameworkArduino/WString.cpp.o
Compiling .pio/build/default/FrameworkArduino/base64.cpp.o
Compiling .pio/build/default/FrameworkArduino/cbuf.cpp.o
Compiling .pio/build/default/FrameworkArduino/chip-debug-report.cpp.o
Compiling .pio/build/default/FrameworkArduino/esp32-hal-adc.c.o
Compiling .pio/build/default/FrameworkArduino/esp32-hal-bt.c.o
Compiling .pio/build/default/FrameworkArduino/esp32-hal-cpu.c.o
Compiling .pio/build/default/FrameworkArduino/esp32-hal-dac.c.o
Compiling .pio/build/default/FrameworkArduino/esp32-hal-gpio.c.o
Compiling .pio/build/default/FrameworkArduino/esp32-hal-hosted.c.o
Compiling .pio/build/default/FrameworkArduino/esp32-hal-i2c-ng.c.o
Compiling .pio/build/default/FrameworkArduino/esp32-hal-i2c-slave.c.o
Compiling .pio/build/default/FrameworkArduino/esp32-hal-i2c.c.o
Compiling .pio/build/default/FrameworkArduino/esp32-hal-ldo.c.o
Compiling .pio/build/default/FrameworkArduino/esp32-hal-ledc.c.o
Compiling .pio/build/default/FrameworkArduino/esp32-hal-log-wrapper.c.o
Compiling .pio/build/default/FrameworkArduino/esp32-hal-matrix.c.o
Compiling .pio/build/default/FrameworkArduino/esp32-hal-misc.c.o
Compiling .pio/build/default/FrameworkArduino/esp32-hal-periman.c.o
Compiling .pio/build/default/FrameworkArduino/esp32-hal-psram.c.o
Compiling .pio/build/default/FrameworkArduino/esp32-hal-rgb-led.c.o
Compiling .pio/build/default/FrameworkArduino/esp32-hal-rmt.c.o
Compiling .pio/build/default/FrameworkArduino/esp32-hal-sigmadelta.c.o
Compiling .pio/build/default/FrameworkArduino/esp32-hal-spi.c.o
Compiling .pio/build/default/FrameworkArduino/esp32-hal-time.c.o
Compiling .pio/build/default/FrameworkArduino/esp32-hal-timer.c.o
Compiling .pio/build/default/FrameworkArduino/esp32-hal-tinyusb.c.o
Compiling .pio/build/default/FrameworkArduino/esp32-hal-touch-ng.c.o
Compiling .pio/build/default/FrameworkArduino/esp32-hal-touch.c.o
Compiling .pio/build/default/FrameworkArduino/esp32-hal-uart.c.o
Compiling .pio/build/default/FrameworkArduino/firmware_msc_fat.c.o
Compiling .pio/build/default/FrameworkArduino/freertos_stats.cpp.o
Compiling .pio/build/default/FrameworkArduino/idf_openthread_mpool_wrapper.c.o
Compiling .pio/build/default/FrameworkArduino/libb64/cdecode.c.o
Compiling .pio/build/default/FrameworkArduino/libb64/cencode.c.o
Compiling .pio/build/default/FrameworkArduino/main.cpp.o
Compiling .pio/build/default/FrameworkArduino/stdlib_noniso.c.o
Compiling .pio/build/default/FrameworkArduino/wiring_pulse.c.o
Compiling .pio/build/default/FrameworkArduino/wiring_shift.c.o
Archiving .pio/build/default/libFrameworkArduino.a
Indexing .pio/build/default/libFrameworkArduino.a
patch_animatedgif_before_link([".pio/build/default/firmware.elf"], [".pio/build/default/liba14/Wire/Wire.cpp.o", ".pio/build/default/lib819/BatteryMonitor/BatteryMonitor.cpp.o", ".pio/build/default/libb52/InputManager/InputManager.cpp.o", ".pio/build/default/lib882/HapticManager/HapticManager.cpp.o", ".pio/build/default/lib0b7/SPI/SPI.cpp.o", ".pio/build/default/libace/FreeInkDisplay/FreeInkDisplay.cpp.o", ".pio/build/default/libace/FreeInkDisplay/bus/EpdBus.cpp.o", ".pio/build/default/libace/FreeInkDisplay/driver/Ed2208M5Driver.cpp.o", ".pio/build/default/libace/FreeInkDisplay/driver/It8951Driver.cpp.o", ".pio/build/default/libace/FreeInkDisplay/driver/LgfxEpdDriver.cpp.o", ".pio/build/default/libace/FreeInkDisplay/driver/M5OfficialDriver.cpp.o", ".pio/build/default/libace/FreeInkDisplay/driver/PaperMonoDriver.cpp.o", ".pio/build/default/libace/FreeInkDisplay/driver/Ssd1677Driver.cpp.o", ".pio/build/default/libace/FreeInkDisplay/driver/Uc8179Driver.cpp.o", ".pio/build/default/libace/FreeInkDisplay/driver/Uc8253MurphyDriver.cpp.o", ".pio/build/default/libace/FreeInkDisplay/driver/Uc8253X3Driver.cpp.o", ".pio/build/default/libace/FreeInkDisplay/driver/Uc8279Driver.cpp.o", ".pio/build/default/libace/FreeInkDisplay/driver/Uc8279X4Driver.cpp.o", ".pio/build/default/libace/FreeInkDisplay/driver/Uc8279cA4Driver.cpp.o", ".pio/build/default/lib2fb/SdFat/ExFatLib/ExFatDbg.cpp.o", ".pio/build/default/lib2fb/SdFat/ExFatLib/ExFatFile.cpp.o", ".pio/build/default/lib2fb/SdFat/ExFatLib/ExFatFilePrint.cpp.o", ".pio/build/default/lib2fb/SdFat/ExFatLib/ExFatFileWrite.cpp.o", ".pio/build/default/lib2fb/SdFat/ExFatLib/ExFatFormatter.cpp.o", ".pio/build/default/lib2fb/SdFat/ExFatLib/ExFatName.cpp.o", ".pio/build/default/lib2fb/SdFat/ExFatLib/ExFatPartition.cpp.o", ".pio/build/default/lib2fb/SdFat/ExFatLib/ExFatVolume.cpp.o", ".pio/build/default/lib2fb/SdFat/FatLib/FatDbg.cpp.o", ".pio/build/default/lib2fb/SdFat/FatLib/FatFile.cpp.o", ".pio/build/default/lib2fb/SdFat/FatLib/FatFileLFN.cpp.o", ".pio/build/default/lib2fb/SdFat/FatLib/FatFilePrint.cpp.o", ".pio/build/default/lib2fb/SdFat/FatLib/FatFileSFN.cpp.o", ".pio/build/default/lib2fb/SdFat/FatLib/FatFormatter.cpp.o", ".pio/build/default/lib2fb/SdFat/FatLib/FatName.cpp.o", ".pio/build/default/lib2fb/SdFat/FatLib/FatPartition.cpp.o", ".pio/build/default/lib2fb/SdFat/FatLib/FatVolume.cpp.o", ".pio/build/default/lib2fb/SdFat/FreeStack.cpp.o", ".pio/build/default/lib2fb/SdFat/FsLib/FsFile.cpp.o", ".pio/build/default/lib2fb/SdFat/FsLib/FsNew.cpp.o", ".pio/build/default/lib2fb/SdFat/FsLib/FsVolume.cpp.o", ".pio/build/default/lib2fb/SdFat/MinimumSerial.cpp.o", ".pio/build/default/lib2fb/SdFat/SdCard/PioSdio/PioSdioCard.cpp.o", ".pio/build/default/lib2fb/SdFat/SdCard/SdCardInfo.cpp.o", ".pio/build/default/lib2fb/SdFat/SdCard/SdSpiCard/SdSpiCard.cpp.o", ".pio/build/default/lib2fb/SdFat/SdCard/SdSpiCard/SpiDriver/SdSpiChipSelect.cpp.o", ".pio/build/default/lib2fb/SdFat/SdCard/SdSpiCard/SpiDriver/SdSpiDue.cpp.o", ".pio/build/default/lib2fb/SdFat/SdCard/SdSpiCard/SpiDriver/SdSpiSTM32Core.cpp.o", ".pio/build/default/lib2fb/SdFat/SdCard/SdSpiCard/SpiDriver/SdSpiTeensy3.cpp.o", ".pio/build/default/lib2fb/SdFat/SdCard/TeensySdio/TeensySdio.cpp.o", ".pio/build/default/lib2fb/SdFat/common/FmtNumber.cpp.o", ".pio/build/default/lib2fb/SdFat/common/FsCache.cpp.o", ".pio/build/default/lib2fb/SdFat/common/FsDateTime.cpp.o", ".pio/build/default/lib2fb/SdFat/common/FsName.cpp.o", ".pio/build/default/lib2fb/SdFat/common/FsStructs.cpp.o", ".pio/build/default/lib2fb/SdFat/common/FsUtf.cpp.o", ".pio/build/default/lib2fb/SdFat/common/PrintBasic.cpp.o", ".pio/build/default/lib2fb/SdFat/common/upcase.cpp.o", ".pio/build/default/lib2fb/SdFat/iostream/StdioStream.cpp.o", ".pio/build/default/lib2fb/SdFat/iostream/StreamBaseClass.cpp.o", ".pio/build/default/lib2fb/SdFat/iostream/istream.cpp.o", ".pio/build/default/lib2fb/SdFat/iostream/ostream.cpp.o", ".pio/build/default/lib97e/SDCardManager/SDCardManager.cpp.o", ".pio/build/default/lib97e/SDCardManager/SdmmcBlockDevice.cpp.o", ".pio/build/default/libfb9/UsbMassStorage/UsbMassStorage.cpp.o", ".pio/build/default/libd9c/XteinkDetect/XteinkDetect.cpp.o", ".pio/build/default/libbf1/PowerManager/PowerManager.cpp.o", ".pio/build/default/lib3a7/MemoryManager/MemoryManager.cpp.o", ".pio/build/default/libd1b/Logging/Logging.cpp.o", ".pio/build/default/lib3d9/FrontlightManager/FrontlightManager.cpp.o", ".pio/build/default/lib8a8/Rtc/Rtc.cpp.o", ".pio/build/default/lib1b2/Imu/Imu.cpp.o", ".pio/build/default/lib0c8/Network/NetworkClient.cpp.o", ".pio/build/default/lib0c8/Network/NetworkEvents.cpp.o", ".pio/build/default/lib0c8/Network/NetworkInterface.cpp.o", ".pio/build/default/lib0c8/Network/NetworkManager.cpp.o", ".pio/build/default/lib0c8/Network/NetworkServer.cpp.o", ".pio/build/default/lib0c8/Network/NetworkUdp.cpp.o", ".pio/build/default/libc47/WiFi/AP.cpp.o", ".pio/build/default/libc47/WiFi/STA.cpp.o", ".pio/build/default/libc47/WiFi/WiFi.cpp.o", ".pio/build/default/libc47/WiFi/WiFiAP.cpp.o", ".pio/build/default/libc47/WiFi/WiFiGeneric.cpp.o", ".pio/build/default/libc47/WiFi/WiFiMulti.cpp.o", ".pio/build/default/libc47/WiFi/WiFiSTA.cpp.o", ".pio/build/default/libc47/WiFi/WiFiScan.cpp.o", ".pio/build/default/lib0cf/PNGdec/PNGdec.cpp.o", ".pio/build/default/lib0cf/PNGdec/adler32.c.o", ".pio/build/default/lib0cf/PNGdec/crc32.c.o", ".pio/build/default/lib0cf/PNGdec/infback.c.o", ".pio/build/default/lib0cf/PNGdec/inffast.c.o", ".pio/build/default/lib0cf/PNGdec/inflate.c.o", ".pio/build/default/lib0cf/PNGdec/inftrees.c.o", ".pio/build/default/lib0cf/PNGdec/s3_simd_rgb565.S.o", ".pio/build/default/lib0cf/PNGdec/zutil.c.o", ".pio/build/default/lib78f/Arduino-wolfSSL/src/bio.c.o", ".pio/build/default/lib78f/Arduino-wolfSSL/src/conf.c.o", ".pio/build/default/lib78f/Arduino-wolfSSL/src/crl.c.o", ".pio/build/default/lib78f/Arduino-wolfSSL/src/dtls.c.o", ".pio/build/default/lib78f/Arduino-wolfSSL/src/dtls13.c.o", ".pio/build/default/lib78f/Arduino-wolfSSL/src/internal.c.o", ".pio/build/default/lib78f/Arduino-wolfSSL/src/keys.c.o", ".pio/build/default/lib78f/Arduino-wolfSSL/src/ocsp.c.o", ".pio/build/default/lib78f/Arduino-wolfSSL/src/pk.c.o", ".pio/build/default/lib78f/Arduino-wolfSSL/src/quic.c.o", ".pio/build/default/lib78f/Arduino-wolfSSL/src/sniffer.c.o", ".pio/build/default/lib78f/Arduino-wolfSSL/src/ssl.c.o", ".pio/build/default/lib78f/Arduino-wolfSSL/src/ssl_asn1.c.o", ".pio/build/default/lib78f/Arduino-wolfSSL/src/ssl_bn.c.o", ".pio/build/default/lib78f/Arduino-wolfSSL/src/ssl_certman.c.o", ".pio/build/default/lib78f/Arduino-wolfSSL/src/ssl_crypto.c.o", ".pio/build/default/lib78f/Arduino-wolfSSL/src/ssl_load.c.o", ".pio/build/default/lib78f/Arduino-wolfSSL/src/ssl_misc.c.o", ".pio/build/default/lib78f/Arduino-wolfSSL/src/ssl_p7p12.c.o", ".pio/build/default/lib78f/Arduino-wolfSSL/src/ssl_sess.c.o", ".pio/build/default/lib78f/Arduino-wolfSSL/src/tls.c.o", ".pio/build/default/lib78f/Arduino-wolfSSL/src/tls13.c.o", ".pio/build/default/lib78f/Arduino-wolfSSL/src/wolfio.c.o", ".pio/build/default/lib78f/Arduino-wolfSSL/src/x509.c.o", ".pio/build/default/lib78f/Arduino-wolfSSL/src/x509_str.c.o", ".pio/build/default/lib78f/Arduino-wolfSSL/wolfcrypt/src/aes.c.o", ".pio/build/default/lib78f/Arduino-wolfSSL/wolfcrypt/src/arc4.c.o", ".pio/build/default/lib78f/Arduino-wolfSSL/wolfcrypt/src/asm.c.o", ".pio/build/default/lib78f/Arduino-wolfSSL/wolfcrypt/src/asn.c.o", ".pio/build/default/lib78f/Arduino-wolfSSL/wolfcrypt/src/async.c.o", ".pio/build/default/lib78f/Arduino-wolfSSL/wolfcrypt/src/bio.c.o", ".pio/build/default/lib78f/Arduino-wolfSSL/wolfcrypt/src/blake2b.c.o", ".pio/build/default/lib78f/Arduino-wolfSSL/wolfcrypt/src/blake2s.c.o", ".pio/build/default/lib78f/Arduino-wolfSSL/wolfcrypt/src/camellia.c.o", ".pio/build/default/lib78f/Arduino-wolfSSL/wolfcrypt/src/chacha.c.o", ".pio/build/default/lib78f/Arduino-wolfSSL/wolfcrypt/src/chacha20_poly1305.c.o", ".pio/build/default/lib78f/Arduino-wolfSSL/wolfcrypt/src/cmac.c.o", ".pio/build/default/lib78f/Arduino-wolfSSL/wolfcrypt/src/coding.c.o", ".pio/build/default/lib78f/Arduino-wolfSSL/wolfcrypt/src/compress.c.o", ".pio/build/default/lib78f/Arduino-wolfSSL/wolfcrypt/src/cpuid.c.o", ".pio/build/default/lib78f/Arduino-wolfSSL/wolfcrypt/src/cryptocb.c.o", ".pio/build/default/lib78f/Arduino-wolfSSL/wolfcrypt/src/curve25519.c.o", ".pio/build/default/lib78f/Arduino-wolfSSL/wolfcrypt/src/curve448.c.o", ".pio/build/default/lib78f/Arduino-wolfSSL/wolfcrypt/src/des3.c.o", ".pio/build/default/lib78f/Arduino-wolfSSL/wolfcrypt/src/dh.c.o", ".pio/build/default/lib78f/Arduino-wolfSSL/wolfcrypt/src/dilithium.c.o", ".pio/build/default/lib78f/Arduino-wolfSSL/wolfcrypt/src/dsa.c.o", ".pio/build/default/lib78f/Arduino-wolfSSL/wolfcrypt/src/ecc.c.o", ".pio/build/default/lib78f/Arduino-wolfSSL/wolfcrypt/src/ecc_fp.c.o", ".pio/build/default/lib78f/Arduino-wolfSSL/wolfcrypt/src/eccsi.c.o", ".pio/build/default/lib78f/Arduino-wolfSSL/wolfcrypt/src/ed25519.c.o", ".pio/build/default/lib78f/Arduino-wolfSSL/wolfcrypt/src/ed448.c.o", ".pio/build/default/lib78f/Arduino-wolfSSL/wolfcrypt/src/error.c.o", ".pio/build/default/lib78f/Arduino-wolfSSL/wolfcrypt/src/evp.c.o", ".pio/build/default/lib78f/Arduino-wolfSSL/wolfcrypt/src/ext_kyber.c.o", ".pio/build/default/lib78f/Arduino-wolfSSL/wolfcrypt/src/ext_lms.c.o", ".pio/build/default/lib78f/Arduino-wolfSSL/wolfcrypt/src/ext_xmss.c.o", ".pio/build/default/lib78f/Arduino-wolfSSL/wolfcrypt/src/falcon.c.o", ".pio/build/default/lib78f/Arduino-wolfSSL/wolfcrypt/src/fe_448.c.o", ".pio/build/default/lib78f/Arduino-wolfSSL/wolfcrypt/src/fe_low_mem.c.o", ".pio/build/default/lib78f/Arduino-wolfSSL/wolfcrypt/src/fe_operations.c.o", ".pio/build/default/lib78f/Arduino-wolfSSL/wolfcrypt/src/fips.c.o", ".pio/build/default/lib78f/Arduino-wolfSSL/wolfcrypt/src/fips_test.c.o", ".pio/build/default/lib78f/Arduino-wolfSSL/wolfcrypt/src/ge_448.c.o", ".pio/build/default/lib78f/Arduino-wolfSSL/wolfcrypt/src/ge_low_mem.c.o", ".pio/build/default/lib78f/Arduino-wolfSSL/wolfcrypt/src/ge_operations.c.o", ".pio/build/default/lib78f/Arduino-wolfSSL/wolfcrypt/src/hash.c.o", ".pio/build/default/lib78f/Arduino-wolfSSL/wolfcrypt/src/hmac.c.o", ".pio/build/default/lib78f/Arduino-wolfSSL/wolfcrypt/src/hpke.c.o", ".pio/build/default/lib78f/Arduino-wolfSSL/wolfcrypt/src/integer.c.o", ".pio/build/default/lib78f/Arduino-wolfSSL/wolfcrypt/src/kdf.c.o", ".pio/build/default/lib78f/Arduino-wolfSSL/wolfcrypt/src/logging.c.o", ".pio/build/default/lib78f/Arduino-wolfSSL/wolfcrypt/src/md2.c.o", ".pio/build/default/lib78f/Arduino-wolfSSL/wolfcrypt/src/md4.c.o", ".pio/build/default/lib78f/Arduino-wolfSSL/wolfcrypt/src/md5.c.o", ".pio/build/default/lib78f/Arduino-wolfSSL/wolfcrypt/src/memory.c.o", ".pio/build/default/lib78f/Arduino-wolfSSL/wolfcrypt/src/misc.c.o", ".pio/build/default/lib78f/Arduino-wolfSSL/wolfcrypt/src/pkcs12.c.o", ".pio/build/default/lib78f/Arduino-wolfSSL/wolfcrypt/src/pkcs7.c.o", ".pio/build/default/lib78f/Arduino-wolfSSL/wolfcrypt/src/poly1305.c.o", ".pio/build/default/lib78f/Arduino-wolfSSL/wolfcrypt/src/port/Espressif/esp32_aes.c.o", ".pio/build/default/lib78f/Arduino-wolfSSL/wolfcrypt/src/port/Espressif/esp32_mp.c.o", ".pio/build/default/lib78f/Arduino-wolfSSL/wolfcrypt/src/port/Espressif/esp32_sha.c.o", ".pio/build/default/lib78f/Arduino-wolfSSL/wolfcrypt/src/port/Espressif/esp32_util.c.o", ".pio/build/default/lib78f/Arduino-wolfSSL/wolfcrypt/src/port/Espressif/esp_sdk_mem_lib.c.o", ".pio/build/default/lib78f/Arduino-wolfSSL/wolfcrypt/src/port/Espressif/esp_sdk_time_lib.c.o", ".pio/build/default/lib78f/Arduino-wolfSSL/wolfcrypt/src/port/Espressif/esp_sdk_wifi_lib.c.o", ".pio/build/default/lib78f/Arduino-wolfSSL/wolfcrypt/src/port/atmel/atmel.c.o", ".pio/build/default/lib78f/Arduino-wolfSSL/wolfcrypt/src/pwdbased.c.o", ".pio/build/default/lib78f/Arduino-wolfSSL/wolfcrypt/src/random.c.o", ".pio/build/default/lib78f/Arduino-wolfSSL/wolfcrypt/src/rc2.c.o", ".pio/build/default/lib78f/Arduino-wolfSSL/wolfcrypt/src/ripemd.c.o", ".pio/build/default/lib78f/Arduino-wolfSSL/wolfcrypt/src/rsa.c.o", ".pio/build/default/lib78f/Arduino-wolfSSL/wolfcrypt/src/sakke.c.o", ".pio/build/default/lib78f/Arduino-wolfSSL/wolfcrypt/src/selftest.c.o", ".pio/build/default/lib78f/Arduino-wolfSSL/wolfcrypt/src/sha.c.o", ".pio/build/default/lib78f/Arduino-wolfSSL/wolfcrypt/src/sha256.c.o", ".pio/build/default/lib78f/Arduino-wolfSSL/wolfcrypt/src/sha3.c.o", ".pio/build/default/lib78f/Arduino-wolfSSL/wolfcrypt/src/sha512.c.o", ".pio/build/default/lib78f/Arduino-wolfSSL/wolfcrypt/src/signature.c.o", ".pio/build/default/lib78f/Arduino-wolfSSL/wolfcrypt/src/siphash.c.o", ".pio/build/default/lib78f/Arduino-wolfSSL/wolfcrypt/src/sm2.c.o", ".pio/build/default/lib78f/Arduino-wolfSSL/wolfcrypt/src/sm3.c.o", ".pio/build/default/lib78f/Arduino-wolfSSL/wolfcrypt/src/sm4.c.o", ".pio/build/default/lib78f/Arduino-wolfSSL/wolfcrypt/src/sp_arm32.c.o", ".pio/build/default/lib78f/Arduino-wolfSSL/wolfcrypt/src/sp_arm64.c.o", ".pio/build/default/lib78f/Arduino-wolfSSL/wolfcrypt/src/sp_armthumb.c.o", ".pio/build/default/lib78f/Arduino-wolfSSL/wolfcrypt/src/sp_c32.c.o", ".pio/build/default/lib78f/Arduino-wolfSSL/wolfcrypt/src/sp_c64.c.o", ".pio/build/default/lib78f/Arduino-wolfSSL/wolfcrypt/src/sp_cortexm.c.o", ".pio/build/default/lib78f/Arduino-wolfSSL/wolfcrypt/src/sp_dsp32.c.o", ".pio/build/default/lib78f/Arduino-wolfSSL/wolfcrypt/src/sp_int.c.o", ".pio/build/default/lib78f/Arduino-wolfSSL/wolfcrypt/src/sp_sm2_arm32.c.o", ".pio/build/default/lib78f/Arduino-wolfSSL/wolfcrypt/src/sp_sm2_arm64.c.o", ".pio/build/default/lib78f/Arduino-wolfSSL/wolfcrypt/src/sp_sm2_armthumb.c.o", ".pio/build/default/lib78f/Arduino-wolfSSL/wolfcrypt/src/sp_sm2_c32.c.o", ".pio/build/default/lib78f/Arduino-wolfSSL/wolfcrypt/src/sp_sm2_c64.c.o", ".pio/build/default/lib78f/Arduino-wolfSSL/wolfcrypt/src/sp_sm2_cortexm.c.o", ".pio/build/default/lib78f/Arduino-wolfSSL/wolfcrypt/src/sp_sm2_x86_64.c.o", ".pio/build/default/lib78f/Arduino-wolfSSL/wolfcrypt/src/sp_x86_64.c.o", ".pio/build/default/lib78f/Arduino-wolfSSL/wolfcrypt/src/sphincs.c.o", ".pio/build/default/lib78f/Arduino-wolfSSL/wolfcrypt/src/srp.c.o", ".pio/build/default/lib78f/Arduino-wolfSSL/wolfcrypt/src/tfm.c.o", ".pio/build/default/lib78f/Arduino-wolfSSL/wolfcrypt/src/wc_dsp.c.o", ".pio/build/default/lib78f/Arduino-wolfSSL/wolfcrypt/src/wc_encrypt.c.o", ".pio/build/default/lib78f/Arduino-wolfSSL/wolfcrypt/src/wc_kyber.c.o", ".pio/build/default/lib78f/Arduino-wolfSSL/wolfcrypt/src/wc_kyber_poly.c.o", ".pio/build/default/lib78f/Arduino-wolfSSL/wolfcrypt/src/wc_lms.c.o", ".pio/build/default/lib78f/Arduino-wolfSSL/wolfcrypt/src/wc_lms_impl.c.o", ".pio/build/default/lib78f/Arduino-wolfSSL/wolfcrypt/src/wc_pkcs11.c.o", ".pio/build/default/lib78f/Arduino-wolfSSL/wolfcrypt/src/wc_port.c.o", ".pio/build/default/lib78f/Arduino-wolfSSL/wolfcrypt/src/wc_xmss.c.o", ".pio/build/default/lib78f/Arduino-wolfSSL/wolfcrypt/src/wc_xmss_impl.c.o", ".pio/build/default/lib78f/Arduino-wolfSSL/wolfcrypt/src/wolfcrypt_first.c.o", ".pio/build/default/lib78f/Arduino-wolfSSL/wolfcrypt/src/wolfcrypt_last.c.o", ".pio/build/default/lib78f/Arduino-wolfSSL/wolfcrypt/src/wolfevent.c.o", ".pio/build/default/lib78f/Arduino-wolfSSL/wolfcrypt/src/wolfmath.c.o", ".pio/build/default/lib78f/Arduino-wolfSSL/wolfssl/bio.c.o", ".pio/build/default/lib78f/Arduino-wolfSSL/wolfssl/evp.c.o", ".pio/build/default/lib73f/SecureNet/SecureClient.cpp.o", ".pio/build/default/libf16/JsonSax/StreamingJsonParser.cpp.o", ".pio/build/default/libf59/expat/xmlparse.c.o", ".pio/build/default/libf59/expat/xmlrole.c.o", ".pio/build/default/libf59/expat/xmltok.c.o", ".pio/build/default/libed7/CatalogList/JsonListParser.cpp.o", ".pio/build/default/libed7/CatalogList/XmlListParser.cpp.o", ".pio/build/default/liba23/ContentProtection/ProtectedBook.cpp.o", ".pio/build/default/liba23/ContentProtection/WolfsslCrypto.cpp.o", ".pio/build/default/liba23/ContentProtection/Zip.cpp.o", ".pio/build/default/liba23/ContentProtection/vendor/miniz_impl.c.o", ".pio/build/default/libdd6/Utf8/Utf8.cpp.o", ".pio/build/default/libc68/uzlib/tinflate.c.o", ".pio/build/default/lib3fa/InflateReader/InflateReader.cpp.o", ".pio/build/default/lib9c3/FreeInkFont/FontAlloc.c.o", ".pio/build/default/lib9c3/FreeInkFont/FtFont.cpp.o", ".pio/build/default/lib9c3/FreeInkFont/Gpos.cpp.o", ".pio/build/default/lib9c3/FreeInkFont/Gsub.cpp.o", ".pio/build/default/lib9c3/FreeInkFont/TtfFont.cpp.o", ".pio/build/default/lib9c3/FreeInkFont/freetype/ft_autofit.c.o", ".pio/build/default/lib9c3/FreeInkFont/freetype/ft_ftbase.c.o", ".pio/build/default/lib9c3/FreeInkFont/freetype/ft_ftbitmap.c.o", ".pio/build/default/lib9c3/FreeInkFont/freetype/ft_ftdebug.c.o", ".pio/build/default/lib9c3/FreeInkFont/freetype/ft_ftglyph.c.o", ".pio/build/default/lib9c3/FreeInkFont/freetype/ft_ftgzip.c.o", ".pio/build/default/lib9c3/FreeInkFont/freetype/ft_ftinit.c.o", ".pio/build/default/lib9c3/FreeInkFont/freetype/ft_ftmm.c.o", ".pio/build/default/lib9c3/FreeInkFont/freetype/ft_ftsystem.c.o", ".pio/build/default/lib9c3/FreeInkFont/freetype/ft_psnames.c.o", ".pio/build/default/lib9c3/FreeInkFont/freetype/ft_raster.c.o", ".pio/build/default/lib9c3/FreeInkFont/freetype/ft_sfnt.c.o", ".pio/build/default/lib9c3/FreeInkFont/freetype/ft_smooth.c.o", ".pio/build/default/lib9c3/FreeInkFont/freetype/ft_truetype.c.o", ".pio/build/default/lib310/FS/FS.cpp.o", ".pio/build/default/lib310/FS/vfs_api.cpp.o", ".pio/build/default/libad1/Preferences/Preferences.cpp.o", ".pio/build/default/liba75/hal/HalClock.cpp.o", ".pio/build/default/liba75/hal/HalDisplay.cpp.o", ".pio/build/default/liba75/hal/HalFrontlight.cpp.o", ".pio/build/default/liba75/hal/HalGPIO.cpp.o", ".pio/build/default/liba75/hal/HalMemory.cpp.o", ".pio/build/default/liba75/hal/HalPowerManager.cpp.o", ".pio/build/default/liba75/hal/HalStorage.cpp.o", ".pio/build/default/liba75/hal/HalSystem.cpp.o", ".pio/build/default/liba75/hal/HalTiltSensor.cpp.o", ".pio/build/default/libb08/Memory/BuildScratch.cpp.o", ".pio/build/default/libac7/EpdFont/EpdFont.cpp.o", ".pio/build/default/libac7/EpdFont/EpdFontFamily.cpp.o", ".pio/build/default/libac7/EpdFont/FontDecompressor.cpp.o", ".pio/build/default/libac7/EpdFont/SdCardFont.cpp.o", ".pio/build/default/libac7/EpdFont/SdCardFontManager.cpp.o", ".pio/build/default/libac7/EpdFont/SdCardFontRegistry.cpp.o", ".pio/build/default/libac7/EpdFont/TtfEpdFont.cpp.o", ".pio/build/default/lib0af/MiniBidi/BidiUtils.cpp.o", ".pio/build/default/lib0af/MiniBidi/minibidi.c.o", ".pio/build/default/lib3a6/GfxRenderer/Bitmap.cpp.o", ".pio/build/default/lib3a6/GfxRenderer/BitmapHelpers.cpp.o", ".pio/build/default/lib3a6/GfxRenderer/FontCacheManager.cpp.o", ".pio/build/default/lib3a6/GfxRenderer/GfxRenderer.cpp.o", ".pio/build/default/libef6/FreeInkUI/FreeInkUI.cpp.o", ".pio/build/default/libc58/QRCode/qrcode.c.o", ".pio/build/default/lib07d/JPEGDEC/JPEGDEC.cpp.o", ".pio/build/default/lib07d/JPEGDEC/s3_simd_420.S.o", ".pio/build/default/lib07d/JPEGDEC/s3_simd_444.S.o", ".pio/build/default/lib07d/JPEGDEC/s3_simd_dequant.S.o", ".pio/build/default/libb22/AnimatedGIF/AnimatedGIF.cpp.o", ".pio/build/default/libed4/Ethernet/ETH.cpp.o", ".pio/build/default/lib775/NetworkClientSecure/NetworkClientSecure.cpp.o", ".pio/build/default/lib775/NetworkClientSecure/ssl_client.cpp.o", ".pio/build/default/lib817/WebSockets/SocketIOclient.cpp.o", ".pio/build/default/lib817/WebSockets/WebSockets.cpp.o", ".pio/build/default/lib817/WebSockets/WebSocketsClient.cpp.o", ".pio/build/default/lib817/WebSockets/WebSocketsServer.cpp.o", ".pio/build/default/lib817/WebSockets/libb64/cdecode.c.o", ".pio/build/default/lib817/WebSockets/libb64/cencode.c.o", ".pio/build/default/lib817/WebSockets/libsha1/libsha1.c.o", ".pio/build/default/lib7b8/I18n/I18n.cpp.o", ".pio/build/default/lib7b8/I18n/I18nStrings.cpp.o", ".pio/build/default/lib37d/Serialization/ObfuscationUtils.cpp.o", ".pio/build/default/lib37d/Serialization/PersistableStore.cpp.o", ".pio/build/default/lib657/FsHelpers/FsHelpers.cpp.o", ".pio/build/default/lib768/miniz/InflateStream.cpp.o", ".pio/build/default/lib768/miniz/miniz_impl.c.o", ".pio/build/default/libe23/ZipFile/ZipFile.cpp.o", ".pio/build/default/lib9ba/GifToBmpConverter/GifToBmpConverter.cpp.o", ".pio/build/default/libb46/JpegToBmpConverter/JpegToBmpConverter.cpp.o", ".pio/build/default/lib885/PngToBmpConverter/PngToBmpConverter.cpp.o", ".pio/build/default/libede/Txt/Txt.cpp.o", ".pio/build/default/libede/Txt/TxtToHtml.cpp.o", ".pio/build/default/lib402/DeviceSecret/DeviceSecret.cpp.o", ".pio/build/default/libccd/TrustedTime/TrustedTime.cpp.o", ".pio/build/default/lib746/Epub/BookKey.cpp.o", ".pio/build/default/lib746/Epub/ContentProtection.cpp.o", ".pio/build/default/lib746/Epub/Epub.cpp.o", ".pio/build/default/lib746/Epub/Epub/BookMetadataCache.cpp.o", ".pio/build/default/lib746/Epub/Epub/Page.cpp.o", ".pio/build/default/lib746/Epub/Epub/ParsedText.cpp.o", ".pio/build/default/lib746/Epub/Epub/Section.cpp.o", ".pio/build/default/lib746/Epub/Epub/WordStore.cpp.o", ".pio/build/default/lib746/Epub/Epub/blocks/ImageBlock.cpp.o", ".pio/build/default/lib746/Epub/Epub/blocks/TextBlock.cpp.o", ".pio/build/default/lib746/Epub/Epub/converters/GifToFramebufferConverter.cpp.o", ".pio/build/default/lib746/Epub/Epub/converters/ImageDecoderFactory.cpp.o", ".pio/build/default/lib746/Epub/Epub/converters/ImageDimsProbe.cpp.o", ".pio/build/default/lib746/Epub/Epub/converters/ImageToFramebufferDecoder.cpp.o", ".pio/build/default/lib746/Epub/Epub/converters/JpegToFramebufferConverter.cpp.o", ".pio/build/default/lib746/Epub/Epub/converters/PngToFramebufferConverter.cpp.o", ".pio/build/default/lib746/Epub/Epub/css/CssParser.cpp.o", ".pio/build/default/lib746/Epub/Epub/htmlEntities.cpp.o", ".pio/build/default/lib746/Epub/Epub/hyphenation/HyphenationCommon.cpp.o", ".pio/build/default/lib746/Epub/Epub/hyphenation/Hyphenator.cpp.o", ".pio/build/default/lib746/Epub/Epub/hyphenation/LanguageRegistry.cpp.o", ".pio/build/default/lib746/Epub/Epub/hyphenation/LiangHyphenation.cpp.o", ".pio/build/default/lib746/Epub/Epub/parsers/ChapterHtmlSlimParser.cpp.o", ".pio/build/default/lib746/Epub/Epub/parsers/ContainerParser.cpp.o", ".pio/build/default/lib746/Epub/Epub/parsers/ContentOpfParser.cpp.o", ".pio/build/default/lib746/Epub/Epub/parsers/TocNavParser.cpp.o", ".pio/build/default/lib746/Epub/Epub/parsers/TocNcxParser.cpp.o", ".pio/build/default/lib2f9/Xtc/Xtc.cpp.o", ".pio/build/default/lib2f9/Xtc/Xtc/XtcParser.cpp.o", ".pio/build/default/lib6df/LibraryIndex/LibraryBuilder.cpp.o", ".pio/build/default/lib6df/LibraryIndex/LibraryFormat.cpp.o", ".pio/build/default/lib6df/LibraryIndex/LibraryIndexFile.cpp.o", ".pio/build/default/lib6df/LibraryIndex/LibraryText.cpp.o", ".pio/build/default/libc7b/OpdsParser/OpdsParser.cpp.o", ".pio/build/default/libc7b/OpdsParser/OpdsStream.cpp.o", ".pio/build/default/lib898/ESPmDNS/ESPmDNS.cpp.o", ".pio/build/default/libe13/AsyncUDP/AsyncUDP.cpp.o", ".pio/build/default/lib991/DNSServer/DNSServer.cpp.o", ".pio/build/default/lib021/KOReaderSync/ChapterXPathResolver.cpp.o", ".pio/build/default/lib021/KOReaderSync/KOReaderCredentialStore.cpp.o", ".pio/build/default/lib021/KOReaderSync/KOReaderDocumentId.cpp.o", ".pio/build/default/lib021/KOReaderSync/KOReaderSyncClient.cpp.o", ".pio/build/default/lib021/KOReaderSync/ProgressComparison.cpp.o", ".pio/build/default/lib021/KOReaderSync/ProgressMapper.cpp.o", ".pio/build/default/lib849/JsonParser/ReleaseJsonParser.cpp.o", ".pio/build/default/lib28e/Hash/PBKDF2_HMACBuilder.cpp.o", ".pio/build/default/lib28e/Hash/SHA1Builder.cpp.o", ".pio/build/default/lib28e/Hash/SHA2Builder.cpp.o", ".pio/build/default/lib28e/Hash/SHA3Builder.cpp.o", ".pio/build/default/libdab/WebServer/Parsing.cpp.o", ".pio/build/default/libdab/WebServer/WebServer.cpp.o", ".pio/build/default/libdab/WebServer/detail/mimetable.cpp.o", ".pio/build/default/libdab/WebServer/middleware/AuthenticationMiddleware.cpp.o", ".pio/build/default/libdab/WebServer/middleware/CorsMiddleware.cpp.o", ".pio/build/default/libdab/WebServer/middleware/LoggingMiddleware.cpp.o", ".pio/build/default/libdab/WebServer/middleware/MiddlewareChain.cpp.o", ".pio/build/default/src/CrossPointSettings.cpp.o", ".pio/build/default/src/CrossPointState.cpp.o", ".pio/build/default/src/FontInstaller.cpp.o", ".pio/build/default/src/MappedInputManager.cpp.o", ".pio/build/default/src/OpdsServerStore.cpp.o", ".pio/build/default/src/ReaderFontSizes.cpp.o", ".pio/build/default/src/RecentBooksStore.cpp.o", ".pio/build/default/src/SdCardFontSystem.cpp.o", ".pio/build/default/src/WifiCredentialStore.cpp.o", ".pio/build/default/src/activities/Activity.cpp.o", ".pio/build/default/src/activities/ActivityManager.cpp.o", ".pio/build/default/src/activities/CatalogActivity.cpp.o", ".pio/build/default/src/activities/UiListActivity.cpp.o", ".pio/build/default/src/activities/UiTabListActivity.cpp.o", ".pio/build/default/src/activities/boot_sleep/BootActivity.cpp.o", ".pio/build/default/src/activities/boot_sleep/SleepActivity.cpp.o", ".pio/build/default/src/activities/browser/OpdsBookBrowserActivity.cpp.o", ".pio/build/default/src/activities/home/CrashActivity.cpp.o", ".pio/build/default/src/activities/home/FileBrowserActivity.cpp.o", ".pio/build/default/src/activities/home/HomeActivity.cpp.o", ".pio/build/default/src/activities/library/LibraryListActivity.cpp.o", ".pio/build/default/src/activities/network/CalibreConnectActivity.cpp.o", ".pio/build/default/src/activities/network/CrossPointWebServerActivity.cpp.o", ".pio/build/default/src/activities/network/NetworkModeSelectionActivity.cpp.o", ".pio/build/default/src/activities/network/UsbDriveActivity.cpp.o", ".pio/build/default/src/activities/network/WifiSelectionActivity.cpp.o", ".pio/build/default/src/activities/plugins/PluginCatalogActivity.cpp.o", ".pio/build/default/src/activities/reader/DictionaryDefinitionActivity.cpp.o", ".pio/build/default/src/activities/reader/DictionaryWordSelectActivity.cpp.o", ".pio/build/default/src/activities/reader/EndOfBookOptions.cpp.o", ".pio/build/default/src/activities/reader/EpubReaderActivity.cpp.o", ".pio/build/default/src/activities/reader/EpubReaderBookmarksActivity.cpp.o", ".pio/build/default/src/activities/reader/EpubReaderChapterSelectionActivity.cpp.o", ".pio/build/default/src/activities/reader/EpubReaderFootnoteSelectActivity.cpp.o", ".pio/build/default/src/activities/reader/EpubReaderMenuActivity.cpp.o", ".pio/build/default/src/activities/reader/EpubReaderPercentSelectionActivity.cpp.o", ".pio/build/default/src/activities/reader/KOReaderSyncActivity.cpp.o", ".pio/build/default/src/activities/reader/QrDisplayActivity.cpp.o", ".pio/build/default/src/activities/reader/ReaderActivity.cpp.o", ".pio/build/default/src/activities/reader/ReaderSession.cpp.o", ".pio/build/default/src/activities/reader/ReaderToolbarUi.cpp.o", ".pio/build/default/src/activities/reader/XtcReaderActivity.cpp.o", ".pio/build/default/src/activities/reader/XtcReaderChapterSelectionActivity.cpp.o", ".pio/build/default/src/activities/settings/AboutActivity.cpp.o", ".pio/build/default/src/activities/settings/ButtonRemapActivity.cpp.o", ".pio/build/default/src/activities/settings/ClearCacheActivity.cpp.o", ".pio/build/default/src/activities/settings/ClockSettingsActivity.cpp.o", ".pio/build/default/src/activities/settings/ClockSyncActivity.cpp.o", ".pio/build/default/src/activities/settings/FontDownloadActivity.cpp.o", ".pio/build/default/src/activities/settings/HomeButtonSettingsActivity.cpp.o", ".pio/build/default/src/activities/settings/KOReaderAuthActivity.cpp.o", ".pio/build/default/src/activities/settings/KOReaderSettingsActivity.cpp.o", ".pio/build/default/src/activities/settings/KeyboardLayoutsActivity.cpp.o", ".pio/build/default/src/activities/settings/LanguageSelectActivity.cpp.o", ".pio/build/default/src/activities/settings/OpdsServerListActivity.cpp.o", ".pio/build/default/src/activities/settings/OpdsSettingsActivity.cpp.o", ".pio/build/default/src/activities/settings/OtaUpdateActivity.cpp.o", ".pio/build/default/src/activities/settings/SdFirmwareUpdateActivity.cpp.o", ".pio/build/default/src/activities/settings/SettingsActivity.cpp.o", ".pio/build/default/src/activities/settings/StatusBarSettingsActivity.cpp.o", ".pio/build/default/src/activities/settings/TextSettingsActivity.cpp.o", ".pio/build/default/src/activities/settings/TextSettingsPreview.cpp.o", ".pio/build/default/src/activities/settings/TimezonePickerActivity.cpp.o", ".pio/build/default/src/activities/util/BmpViewerActivity.cpp.o", ".pio/build/default/src/activities/util/ConfirmationActivity.cpp.o", ".pio/build/default/src/activities/util/FrontlightPanelActivity.cpp.o", ".pio/build/default/src/activities/util/FullScreenMessageActivity.cpp.o", ".pio/build/default/src/activities/util/IntervalSelectionActivity.cpp.o", ".pio/build/default/src/activities/util/KeyboardEntryActivity.cpp.o", ".pio/build/default/src/activities/util/KeyboardLayoutSet.cpp.o", ".pio/build/default/src/components/CatalogScreens.cpp.o", ".pio/build/default/src/components/CoverGridHomeUi.cpp.o", ".pio/build/default/src/components/HomeCoverCache.cpp.o", ".pio/build/default/src/components/UITheme.cpp.o", ".pio/build/default/src/components/UiAppHost.cpp.o", ".pio/build/default/src/components/themes/BaseTheme.cpp.o", ".pio/build/default/src/components/themes/lyra/Lyra3CoversTheme.cpp.o", ".pio/build/default/src/components/themes/lyra/LyraTheme.cpp.o", ".pio/build/default/src/components/themes/roundedraff/RoundedRaffTheme.cpp.o", ".pio/build/default/src/main.cpp.o", ".pio/build/default/src/network/CrossPointWebServer.cpp.o", ".pio/build/default/src/network/FirmwareBoardTag.cpp.o", ".pio/build/default/src/network/FirmwareFlasher.cpp.o", ".pio/build/default/src/network/HttpDownloader.cpp.o", ".pio/build/default/src/network/OtaBootSwitch.cpp.o", ".pio/build/default/src/network/OtaUpdater.cpp.o", ".pio/build/default/src/network/WebDAVHandler.cpp.o", ".pio/build/default/src/platform/UsbSerialJtagHandoff.cpp.o", ".pio/build/default/src/platform/skip_efuse_blk_check.c.o", ".pio/build/default/src/util/BookCacheUtils.cpp.o", ".pio/build/default/src/util/BookProgress.cpp.o", ".pio/build/default/src/util/BookmarkFile.cpp.o", ".pio/build/default/src/util/BookmarkUtil.cpp.o", ".pio/build/default/src/util/ButtonNavigator.cpp.o", ".pio/build/default/src/util/DictHtmlPages.cpp.o", ".pio/build/default/src/util/DictZip.cpp.o", ".pio/build/default/src/util/Dictionary.cpp.o", ".pio/build/default/src/util/DictionaryRegistry.cpp.o", ".pio/build/default/src/util/HtmlToPlainText.cpp.o", ".pio/build/default/src/util/NextBookFinder.cpp.o", ".pio/build/default/src/util/OpdsFilename.cpp.o", ".pio/build/default/src/util/PluginEvents.cpp.o", ".pio/build/default/src/util/PluginHttp.cpp.o", ".pio/build/default/src/util/PluginLocations.cpp.o", ".pio/build/default/src/util/QrUtils.cpp.o", ".pio/build/default/src/util/ScreenshotUtil.cpp.o", ".pio/build/default/src/util/StringUtils.cpp.o", ".pio/build/default/src/util/Timezones.cpp.o", ".pio/build/default/src/util/UrlUtils.cpp.o"])
Linking .pio/build/default/firmware.elf
                            Memory Type Usage Summary                             
┏━━━━━━━━━━━━━━━━━━━━━┳━━━━━━━━━━━━━━┳━━━━━━━━━━┳━━━━━━━━━━━━━━━━┳━━━━━━━━━━━━━━━┓
┃ Memory Type/Section ┃ Used [bytes] ┃ Used [%] ┃ Remain [bytes] ┃ Total [bytes] ┃
┡━━━━━━━━━━━━━━━━━━━━━╇━━━━━━━━━━━━━━╇━━━━━━━━━━╇━━━━━━━━━━━━━━━━╇━━━━━━━━━━━━━━━┩
│ Flash Data          │      3417496 │          │                │               │
│    .rodata          │      3403496 │          │                │               │
│    .eh_frame        │        13376 │          │                │               │
│    .init_array      │          368 │          │                │               │
│    .appdesc         │          256 │          │                │               │
│ Flash Code          │      2314180 │          │                │               │
│    .text            │      2314180 │          │                │               │
│ DRAM                │       127013 │    39.53 │         194283 │        321296 │
│    .text            │        67520 │    21.01 │                │               │
│    .bss             │        39352 │    12.25 │                │               │
│    .data            │        20141 │     6.27 │                │               │
│ RTC SLOW            │         5548 │    67.72 │           2644 │          8192 │
│    .rtc_noinit      │         5528 │    67.48 │                │               │
│    .text            │           20 │     0.24 │                │               │
└─────────────────────┴──────────────┴──────────┴────────────────┴───────────────┘
Total image size: 5819357 bytes (.bin may be padded larger)
Note: The reported total sizes may be smaller than those in the technical reference manual due to reserved memory and application configuration. The total flash size available for the application is not included by default, as it cannot be reliably determined due to the presence of other data like the bootloader, partition table, and application partition size.
Retrieving maximum program size .pio/build/default/firmware.elf
Checking size .pio/build/default/firmware.elf
Advanced Memory Usage is available via "PlatformIO Home > Project Inspect"
RAM:   [==        ]  18.2% (used 59496 bytes from 327680 bytes)
Flash: [========= ]  88.6% (used 5805337 bytes from 6553600 bytes)
Building .pio/build/default/firmware.bin
esptool v5.3.0
Creating ESP32-C3 image...
Merged 3 ELF sections.
Successfully created ESP32-C3 image.
Creating binary "firmware.factory.bin" with:
    Offset   | File
 -  0x0000   | bootloader.bin
 -  0x8000   | partitions.bin
 -  0xe000   | boot_app0.bin
 -  0x10000  | firmware.bin
Successfully created combined binary image.
======================== [SUCCESS] Took 249.44 seconds ========================

Environment    Status    Duration
-------------  --------  ------------
default        SUCCESS   00:04:09.438
========================= 1 succeeded in 00:04:09.438 =========================
*** Original Arduino "idf_component.yml" restored ***
*** [checkprogsize] Explicit exit, status 0
======================== [SUCCESS] Took 654.44 seconds ========================

Environment    Status    Duration
-------------  --------  ------------
default        SUCCESS   00:10:54.437
========================= 1 succeeded in 00:10:54.437 =========================
